[browser] Uncaught Error: Hydration failed because the server rendered HTML didn't match the client. As a result this tree will be regenerated on the client. This can happen if a SSR-ed Client Component used:

- A server/client branch `if (typeof window !== 'undefined')`.
- Variable input such as `Date.now()` or `Math.random()` which changes each time it's called.
- Date formatting in a user's locale which doesn't match the server.
- External changing data without sending a snapshot of it along with the HTML.
- Invalid HTML tag nesting.

It can also happen if the client has a browser extension installed which messes with the HTML before React loaded.

https://react.dev/link/hydration-mismatch

  ...
    <ErrorBoundary errorComponent={undefined} errorStyles={undefined} errorScripts={undefined}>
      <LoadingBoundary name="/" loading={null}>
        <HTTPAccessFallbackBoundary notFound={{...}} forbidden={undefined} unauthorized={undefined}>
          <HTTPAccessFallbackErrorBoundary pathname="/" notFound={{...}} forbidden={undefined} unauthorized={undefined} ...>
            <RedirectBoundary>
              <RedirectErrorBoundary router={{...}}>
                <InnerLayoutRouter url="/" tree={[...]} params={{}} cacheNode={{rsc:{...}, ...}} segmentPath={[...]} ...>
                  <SegmentViewNode type="page" pagePath="page.tsx">
                    <SegmentTrieNode>
                    <ClientPageRoot Component={function HomePage} serverProvidedParams={{...}}>
                      <HomePage params={Promise} searchParams={Promise}>
                        <Navbar>
                        <main>
                          <Hero>
                            <section className="gs-hero re...">
+                             <video
+                               className="absolute inset-0 w-full h-full object-cover pointer-events-none"
+                               src="/gridsense-hero.mp4"
+                               autoPlay={true}
+                               muted={true}
+                               playsInline={true}
+                               preload="auto"
+                               aria-hidden="true"
+                             >
-                             <vsc-controller className="vsc-controller" style={{z-index:"9999999"}}>
                              ...
                          ...
                        ...
                  ...
                ...

    at <unknown> (https://react.dev/link/hydration-mismatch)
    at video (<anonymous>)
    at Hero (src/components/home/Hero.tsx:13:7)
    at HomePage (src/app/page.tsx:27:9)
  11 |     <section className="gs-hero relative min-h-screen bg-gs-bg-primary flex items-center justify-center overflow-hidden">
  12 |       {/* Background video */}
> 13 |       <video
     |       ^
  14 |         className="absolute inset-0 w-full h-full object-cover pointer-events-none"
  15 |         src="/gridsense-hero.mp4"
  16 |         autoPlay
[browser] Detected `scroll-behavior: smooth` on the `<html>` element. To disable smooth scrolling during route transitions, add `data-scroll-behavior="smooth"` to your <html> element. Learn more: https://nextjs.org/docs/messages/missing-data-scroll-behavior
⨯ ./src/app/page.tsx:4:1
Error: Module not found: Can't resolve '@/components/home/Hero'
  [90m2 |[0m
  [90m3 |[0m [36mimport[0m { useEffect } [36mfrom[0m [32m"react"[0m;
[31m[1m>[0m [90m4 |[0m [36mimport[0m { [33mHero[0m } [36mfrom[0m [32m"@/components/home/Hero"[0m;
  [90m  |[0m [31m[1m^^^^^^^^^^^^^^^^^^^^^^^^^^^^^^^^^^^^^^^^^^^^^^[0m
  [90m5 |[0m [36mimport[0m { [33mStatsSection[0m } [36mfrom[0m [32m"@/components/home/StatsSection"[0m;
  [90m6 |[0m [36mimport[0m { [33mAboutPreview[0m } [36mfrom[0m [32m"@/components/home/AboutPreview"[0m;
  [90m7 |[0m [36mimport[0m { [33mHowItWorks[0m } [36mfrom[0m [32m"@/components/home/HowItWorks"[0m;

Import map: aliased to relative './src/components/home/Hero' inside of [project]/


Import traces:
  Client Component Browser:
    ./src/app/page.tsx [Client Component Browser]
    ./src/app/page.tsx [Server Component]

  Client Component SSR:
    ./src/app/page.tsx [Client Component SSR]
    ./src/app/page.tsx [Server Component]

https://nextjs.org/docs/messages/module-not-found


⨯ ./src/app/page.tsx:4:1
Error: Module not found: Can't resolve '@/components/home/Hero'
  [90m2 |[0m
  [90m3 |[0m [36mimport[0m { useEffect } [36mfrom[0m [32m"react"[0m;
[31m[1m>[0m [90m4 |[0m [36mimport[0m { [33mHero[0m } [36mfrom[0m [32m"@/components/home/Hero"[0m;
  [90m  |[0m [31m[1m^^^^^^^^^^^^^^^^^^^^^^^^^^^^^^^^^^^^^^^^^^^^^^[0m
  [90m5 |[0m [36mimport[0m { [33mStatsSection[0m } [36mfrom[0m [32m"@/components/home/StatsSection"[0m;
  [90m6 |[0m [36mimport[0m { [33mAboutPreview[0m } [36mfrom[0m [32m"@/components/home/AboutPreview"[0m;
  [90m7 |[0m [36mimport[0m { [33mHowItWorks[0m } [36mfrom[0m [32m"@/components/home/HowItWorks"[0m;

Import map: aliased to relative './src/components/home/Hero' inside of [project]/


Import traces:
  Client Component Browser:
    ./src/app/page.tsx [Client Component Browser]
    ./src/app/page.tsx [Server Component]

  Client Component SSR:
    ./src/app/page.tsx [Client Component SSR]
    ./src/app/page.tsx [Server Component]

https://nextjs.org/docs/messages/module-not-found


⨯ ./src/app/page.tsx:4:1
Error: Module not found: Can't resolve '@/components/home/Hero'
  [90m2 |[0m
  [90m3 |[0m [36mimport[0m { useEffect } [36mfrom[0m [32m"react"[0m;
[31m[1m>[0m [90m4 |[0m [36mimport[0m { [33mHero[0m } [36mfrom[0m [32m"@/components/home/Hero"[0m;
  [90m  |[0m [31m[1m^^^^^^^^^^^^^^^^^^^^^^^^^^^^^^^^^^^^^^^^^^^^^^[0m
  [90m5 |[0m [36mimport[0m { [33mStatsSection[0m } [36mfrom[0m [32m"@/components/home/StatsSection"[0m;
  [90m6 |[0m [36mimport[0m { [33mAboutPreview[0m } [36mfrom[0m [32m"@/components/home/AboutPreview"[0m;
  [90m7 |[0m [36mimport[0m { [33mHowItWorks[0m } [36mfrom[0m [32m"@/components/home/HowItWorks"[0m;

Import map: aliased to relative './src/components/home/Hero' inside of [project]/


Import traces:
  Client Component Browser:
    ./src/app/page.tsx [Client Component Browser]
    ./src/app/page.tsx [Server Component]

  Client Component SSR:
    ./src/app/page.tsx [Client Component SSR]
    ./src/app/page.tsx [Server Component]

https://nextjs.org/docs/messages/module-not-found


⨯ ./src/app/page.tsx:4:1
Error: Module not found: Can't resolve '@/components/home/Hero'
  [90m2 |[0m
  [90m3 |[0m [36mimport[0m { useEffect } [36mfrom[0m [32m"react"[0m;
[31m[1m>[0m [90m4 |[0m [36mimport[0m { [33mHero[0m } [36mfrom[0m [32m"@/components/home/Hero"[0m;
  [90m  |[0m [31m[1m^^^^^^^^^^^^^^^^^^^^^^^^^^^^^^^^^^^^^^^^^^^^^^[0m
  [90m5 |[0m [36mimport[0m { [33mStatsSection[0m } [36mfrom[0m [32m"@/components/home/StatsSection"[0m;
  [90m6 |[0m [36mimport[0m { [33mAboutPreview[0m } [36mfrom[0m [32m"@/components/home/AboutPreview"[0m;
  [90m7 |[0m [36mimport[0m { [33mHowItWorks[0m } [36mfrom[0m [32m"@/components/home/HowItWorks"[0m;

Import map: aliased to relative './src/components/home/Hero' inside of [project]/


Import traces:
  Client Component Browser:
    ./src/app/page.tsx [Client Component Browser]
    ./src/app/page.tsx [Server Component]

  Client Component SSR:
    ./src/app/page.tsx [Client Component SSR]
    ./src/app/page.tsx [Server Component]

https://nextjs.org/docs/messages/module-not-found


⨯ ./src/app/page.tsx:4:1
Error: Module not found: Can't resolve '@/components/home/Hero'
  [90m2 |[0m
  [90m3 |[0m [36mimport[0m { useEffect } [36mfrom[0m [32m"react"[0m;
[31m[1m>[0m [90m4 |[0m [36mimport[0m { [33mHero[0m } [36mfrom[0m [32m"@/components/home/Hero"[0m;
  [90m  |[0m [31m[1m^^^^^^^^^^^^^^^^^^^^^^^^^^^^^^^^^^^^^^^^^^^^^^[0m
  [90m5 |[0m [36mimport[0m { [33mStatsSection[0m } [36mfrom[0m [32m"@/components/home/StatsSection"[0m;
  [90m6 |[0m [36mimport[0m { [33mAboutPreview[0m } [36mfrom[0m [32m"@/components/home/AboutPreview"[0m;
  [90m7 |[0m [36mimport[0m { [33mHowItWorks[0m } [36mfrom[0m [32m"@/components/home/HowItWorks"[0m;

Import map: aliased to relative './src/components/home/Hero' inside of [project]/


Import traces:
  Client Component Browser:
    ./src/app/page.tsx [Client Component Browser]
    ./src/app/page.tsx [Server Component]

  Client Component SSR:
    ./src/app/page.tsx [Client Component SSR]
    ./src/app/page.tsx [Server Component]

https://nextjs.org/docs/messages/module-not-found


⨯ ./src/app/page.tsx:4:1
Error: Module not found: Can't resolve '@/components/home/Hero'
  [90m2 |[0m
  [90m3 |[0m [36mimport[0m { useEffect } [36mfrom[0m [32m"react"[0m;
[31m[1m>[0m [90m4 |[0m [36mimport[0m { [33mHero[0m } [36mfrom[0m [32m"@/components/home/Hero"[0m;
  [90m  |[0m [31m[1m^^^^^^^^^^^^^^^^^^^^^^^^^^^^^^^^^^^^^^^^^^^^^^[0m
  [90m5 |[0m [36mimport[0m { [33mStatsSection[0m } [36mfrom[0m [32m"@/components/home/StatsSection"[0m;
  [90m6 |[0m [36mimport[0m { [33mAboutPreview[0m } [36mfrom[0m [32m"@/components/home/AboutPreview"[0m;
  [90m7 |[0m [36mimport[0m { [33mHowItWorks[0m } [36mfrom[0m [32m"@/components/home/HowItWorks"[0m;

Import map: aliased to relative './src/components/home/Hero' inside of [project]/


Import traces:
  Client Component Browser:
    ./src/app/page.tsx [Client Component Browser]
    ./src/app/page.tsx [Server Component]

  Client Component SSR:
    ./src/app/page.tsx [Client Component SSR]
    ./src/app/page.tsx [Server Component]

https://nextjs.org/docs/messages/module-not-found


⨯ ./src/app/page.tsx:4:1
Error: Module not found: Can't resolve '@/components/home/Hero'
  [90m2 |[0m
  [90m3 |[0m [36mimport[0m { useEffect } [36mfrom[0m [32m"react"[0m;
[31m[1m>[0m [90m4 |[0m [36mimport[0m { [33mHero[0m } [36mfrom[0m [32m"@/components/home/Hero"[0m;
  [90m  |[0m [31m[1m^^^^^^^^^^^^^^^^^^^^^^^^^^^^^^^^^^^^^^^^^^^^^^[0m
  [90m5 |[0m [36mimport[0m { [33mStatsSection[0m } [36mfrom[0m [32m"@/components/home/StatsSection"[0m;
  [90m6 |[0m [36mimport[0m { [33mAboutPreview[0m } [36mfrom[0m [32m"@/components/home/AboutPreview"[0m;
  [90m7 |[0m [36mimport[0m { [33mHowItWorks[0m } [36mfrom[0m [32m"@/components/home/HowItWorks"[0m;

Import map: aliased to relative './src/components/home/Hero' inside of [project]/


Import traces:
  Client Component Browser:
    ./src/app/page.tsx [Client Component Browser]
    ./src/app/page.tsx [Server Component]

  Client Component SSR:
    ./src/app/page.tsx [Client Component SSR]
    ./src/app/page.tsx [Server Component]

https://nextjs.org/docs/messages/module-not-found


⨯ ./src/app/page.tsx:4:1
Error: Module not found: Can't resolve '@/components/home/Hero'
  [90m2 |[0m
  [90m3 |[0m [36mimport[0m { useEffect } [36mfrom[0m [32m"react"[0m;
[31m[1m>[0m [90m4 |[0m [36mimport[0m { [33mHero[0m } [36mfrom[0m [32m"@/components/home/Hero"[0m;
  [90m  |[0m [31m[1m^^^^^^^^^^^^^^^^^^^^^^^^^^^^^^^^^^^^^^^^^^^^^^[0m
  [90m5 |[0m [36mimport[0m { [33mStatsSection[0m } [36mfrom[0m [32m"@/components/home/StatsSection"[0m;
  [90m6 |[0m [36mimport[0m { [33mAboutPreview[0m } [36mfrom[0m [32m"@/components/home/AboutPreview"[0m;
  [90m7 |[0m [36mimport[0m { [33mHowItWorks[0m } [36mfrom[0m [32m"@/components/home/HowItWorks"[0m;

Import map: aliased to relative './src/components/home/Hero' inside of [project]/


Import traces:
  Client Component Browser:
    ./src/app/page.tsx [Client Component Browser]
    ./src/app/page.tsx [Server Component]

  Client Component SSR:
    ./src/app/page.tsx [Client Component SSR]
    ./src/app/page.tsx [Server Component]

https://nextjs.org/docs/messages/module-not-found


⨯ ./src/app/page.tsx:4:1
Error: Module not found: Can't resolve '@/components/home/Hero'
  [90m2 |[0m
  [90m3 |[0m [36mimport[0m { useEffect } [36mfrom[0m [32m"react"[0m;
[31m[1m>[0m [90m4 |[0m [36mimport[0m { [33mHero[0m } [36mfrom[0m [32m"@/components/home/Hero"[0m;
  [90m  |[0m [31m[1m^^^^^^^^^^^^^^^^^^^^^^^^^^^^^^^^^^^^^^^^^^^^^^[0m
  [90m5 |[0m [36mimport[0m { [33mStatsSection[0m } [36mfrom[0m [32m"@/components/home/StatsSection"[0m;
  [90m6 |[0m [36mimport[0m { [33mAboutPreview[0m } [36mfrom[0m [32m"@/components/home/AboutPreview"[0m;
  [90m7 |[0m [36mimport[0m { [33mHowItWorks[0m } [36mfrom[0m [32m"@/components/home/HowItWorks"[0m;

Import map: aliased to relative './src/components/home/Hero' inside of [project]/


Import traces:
  Client Component Browser:
    ./src/app/page.tsx [Client Component Browser]
    ./src/app/page.tsx [Server Component]

  Client Component SSR:
    ./src/app/page.tsx [Client Component SSR]
    ./src/app/page.tsx [Server Component]

https://nextjs.org/docs/messages/module-not-found


⨯ ./src/app/page.tsx:4:1
Error: Module not found: Can't resolve '@/components/home/Hero'
  [90m2 |[0m
  [90m3 |[0m [36mimport[0m { useEffect } [36mfrom[0m [32m"react"[0m;
[31m[1m>[0m [90m4 |[0m [36mimport[0m { [33mHero[0m } [36mfrom[0m [32m"@/components/home/Hero"[0m;
  [90m  |[0m [31m[1m^^^^^^^^^^^^^^^^^^^^^^^^^^^^^^^^^^^^^^^^^^^^^^[0m
  [90m5 |[0m [36mimport[0m { [33mStatsSection[0m } [36mfrom[0m [32m"@/components/home/StatsSection"[0m;
  [90m6 |[0m [36mimport[0m { [33mAboutPreview[0m } [36mfrom[0m [32m"@/components/home/AboutPreview"[0m;
  [90m7 |[0m [36mimport[0m { [33mHowItWorks[0m } [36mfrom[0m [32m"@/components/home/HowItWorks"[0m;

Import map: aliased to relative './src/components/home/Hero' inside of [project]/


Import traces:
  Client Component Browser:
    ./src/app/page.tsx [Client Component Browser]
    ./src/app/page.tsx [Server Component]

  Client Component SSR:
    ./src/app/page.tsx [Client Component SSR]
    ./src/app/page.tsx [Server Component]

https://nextjs.org/docs/messages/module-not-found


⨯ ./src/app/page.tsx:4:1
Error: Module not found: Can't resolve '@/components/home/Hero'
  [90m2 |[0m
  [90m3 |[0m [36mimport[0m { useEffect } [36mfrom[0m [32m"react"[0m;
[31m[1m>[0m [90m4 |[0m [36mimport[0m { [33mHero[0m } [36mfrom[0m [32m"@/components/home/Hero"[0m;
  [90m  |[0m [31m[1m^^^^^^^^^^^^^^^^^^^^^^^^^^^^^^^^^^^^^^^^^^^^^^[0m
  [90m5 |[0m [36mimport[0m { [33mStatsSection[0m } [36mfrom[0m [32m"@/components/home/StatsSection"[0m;
  [90m6 |[0m [36mimport[0m { [33mAboutPreview[0m } [36mfrom[0m [32m"@/components/home/AboutPreview"[0m;
  [90m7 |[0m [36mimport[0m { [33mHowItWorks[0m } [36mfrom[0m [32m"@/components/home/HowItWorks"[0m;

Import map: aliased to relative './src/components/home/Hero' inside of [project]/


Import traces:
  Client Component Browser:
    ./src/app/page.tsx [Client Component Browser]
    ./src/app/page.tsx [Server Component]

  Client Component SSR:
    ./src/app/page.tsx [Client Component SSR]
    ./src/app/page.tsx [Server Component]

https://nextjs.org/docs/messages/module-not-found


⨯ ./src/app/page.tsx:4:1
Error: Module not found: Can't resolve '@/components/home/Hero'
  [90m2 |[0m
  [90m3 |[0m [36mimport[0m { useEffect } [36mfrom[0m [32m"react"[0m;
[31m[1m>[0m [90m4 |[0m [36mimport[0m { [33mHero[0m } [36mfrom[0m [32m"@/components/home/Hero"[0m;
  [90m  |[0m [31m[1m^^^^^^^^^^^^^^^^^^^^^^^^^^^^^^^^^^^^^^^^^^^^^^[0m
  [90m5 |[0m [36mimport[0m { [33mStatsSection[0m } [36mfrom[0m [32m"@/components/home/StatsSection"[0m;
  [90m6 |[0m [36mimport[0m { [33mAboutPreview[0m } [36mfrom[0m [32m"@/components/home/AboutPreview"[0m;
  [90m7 |[0m [36mimport[0m { [33mHowItWorks[0m } [36mfrom[0m [32m"@/components/home/HowItWorks"[0m;

Import map: aliased to relative './src/components/home/Hero' inside of [project]/


Import traces:
  Client Component Browser:
    ./src/app/page.tsx [Client Component Browser]
    ./src/app/page.tsx [Server Component]

  Client Component SSR:
    ./src/app/page.tsx [Client Component SSR]
    ./src/app/page.tsx [Server Component]

https://nextjs.org/docs/messages/module-not-found


⨯ ./src/app/page.tsx:4:1
Error: Module not found: Can't resolve '@/components/home/Hero'
  [90m2 |[0m
  [90m3 |[0m [36mimport[0m { useEffect } [36mfrom[0m [32m"react"[0m;
[31m[1m>[0m [90m4 |[0m [36mimport[0m { [33mHero[0m } [36mfrom[0m [32m"@/components/home/Hero"[0m;
  [90m  |[0m [31m[1m^^^^^^^^^^^^^^^^^^^^^^^^^^^^^^^^^^^^^^^^^^^^^^[0m
  [90m5 |[0m [36mimport[0m { [33mStatsSection[0m } [36mfrom[0m [32m"@/components/home/StatsSection"[0m;
  [90m6 |[0m [36mimport[0m { [33mAboutPreview[0m } [36mfrom[0m [32m"@/components/home/AboutPreview"[0m;
  [90m7 |[0m [36mimport[0m { [33mHowItWorks[0m } [36mfrom[0m [32m"@/components/home/HowItWorks"[0m;

Import map: aliased to relative './src/components/home/Hero' inside of [project]/


Import traces:
  Client Component Browser:
    ./src/app/page.tsx [Client Component Browser]
    ./src/app/page.tsx [Server Component]

  Client Component SSR:
    ./src/app/page.tsx [Client Component SSR]
    ./src/app/page.tsx [Server Component]

https://nextjs.org/docs/messages/module-not-found


⨯ ./src/app/page.tsx:4:1
Error: Module not found: Can't resolve '@/components/home/Hero'
  [90m2 |[0m
  [90m3 |[0m [36mimport[0m { useEffect } [36mfrom[0m [32m"react"[0m;
[31m[1m>[0m [90m4 |[0m [36mimport[0m { [33mHero[0m } [36mfrom[0m [32m"@/components/home/Hero"[0m;
  [90m  |[0m [31m[1m^^^^^^^^^^^^^^^^^^^^^^^^^^^^^^^^^^^^^^^^^^^^^^[0m
  [90m5 |[0m [36mimport[0m { [33mStatsSection[0m } [36mfrom[0m [32m"@/components/home/StatsSection"[0m;
  [90m6 |[0m [36mimport[0m { [33mAboutPreview[0m } [36mfrom[0m [32m"@/components/home/AboutPreview"[0m;
  [90m7 |[0m [36mimport[0m { [33mHowItWorks[0m } [36mfrom[0m [32m"@/components/home/HowItWorks"[0m;

Import map: aliased to relative './src/components/home/Hero' inside of [project]/


Import traces:
  Client Component Browser:
    ./src/app/page.tsx [Client Component Browser]
    ./src/app/page.tsx [Server Component]

  Client Component SSR:
    ./src/app/page.tsx [Client Component SSR]
    ./src/app/page.tsx [Server Component]

https://nextjs.org/docs/messages/module-not-found


⨯ ./src/app/page.tsx:4:1
Error: Module not found: Can't resolve '@/components/home/Hero'
  [90m2 |[0m
  [90m3 |[0m [36mimport[0m { useEffect } [36mfrom[0m [32m"react"[0m;
[31m[1m>[0m [90m4 |[0m [36mimport[0m { [33mHero[0m } [36mfrom[0m [32m"@/components/home/Hero"[0m;
  [90m  |[0m [31m[1m^^^^^^^^^^^^^^^^^^^^^^^^^^^^^^^^^^^^^^^^^^^^^^[0m
  [90m5 |[0m [36mimport[0m { [33mStatsSection[0m } [36mfrom[0m [32m"@/components/home/StatsSection"[0m;
  [90m6 |[0m [36mimport[0m { [33mAboutPreview[0m } [36mfrom[0m [32m"@/components/home/AboutPreview"[0m;
  [90m7 |[0m [36mimport[0m { [33mHowItWorks[0m } [36mfrom[0m [32m"@/components/home/HowItWorks"[0m;

Import map: aliased to relative './src/components/home/Hero' inside of [project]/


Import traces:
  Client Component Browser:
    ./src/app/page.tsx [Client Component Browser]
    ./src/app/page.tsx [Server Component]

  Client Component SSR:
    ./src/app/page.tsx [Client Component SSR]
    ./src/app/page.tsx [Server Component]

https://nextjs.org/docs/messages/module-not-found


⨯ ./src/app/page.tsx:4:1
Error: Module not found: Can't resolve '@/components/home/Hero'
  [90m2 |[0m
  [90m3 |[0m [36mimport[0m { useEffect } [36mfrom[0m [32m"react"[0m;
[31m[1m>[0m [90m4 |[0m [36mimport[0m { [33mHero[0m } [36mfrom[0m [32m"@/components/home/Hero"[0m;
  [90m  |[0m [31m[1m^^^^^^^^^^^^^^^^^^^^^^^^^^^^^^^^^^^^^^^^^^^^^^[0m
  [90m5 |[0m [36mimport[0m { [33mStatsSection[0m } [36mfrom[0m [32m"@/components/home/StatsSection"[0m;
  [90m6 |[0m [36mimport[0m { [33mAboutPreview[0m } [36mfrom[0m [32m"@/components/home/AboutPreview"[0m;
  [90m7 |[0m [36mimport[0m { [33mHowItWorks[0m } [36mfrom[0m [32m"@/components/home/HowItWorks"[0m;

Import map: aliased to relative './src/components/home/Hero' inside of [project]/


Import traces:
  Client Component Browser:
    ./src/app/page.tsx [Client Component Browser]
    ./src/app/page.tsx [Server Component]

  Client Component SSR:
    ./src/app/page.tsx [Client Component SSR]
    ./src/app/page.tsx [Server Component]

https://nextjs.org/docs/messages/module-not-found


⨯ ./src/app/page.tsx:4:1
Error: Module not found: Can't resolve '@/components/home/Hero'
  [90m2 |[0m
  [90m3 |[0m [36mimport[0m { useEffect } [36mfrom[0m [32m"react"[0m;
[31m[1m>[0m [90m4 |[0m [36mimport[0m { [33mHero[0m } [36mfrom[0m [32m"@/components/home/Hero"[0m;
  [90m  |[0m [31m[1m^^^^^^^^^^^^^^^^^^^^^^^^^^^^^^^^^^^^^^^^^^^^^^[0m
  [90m5 |[0m [36mimport[0m { [33mStatsSection[0m } [36mfrom[0m [32m"@/components/home/StatsSection"[0m;
  [90m6 |[0m [36mimport[0m { [33mAboutPreview[0m } [36mfrom[0m [32m"@/components/home/AboutPreview"[0m;
  [90m7 |[0m [36mimport[0m { [33mHowItWorks[0m } [36mfrom[0m [32m"@/components/home/HowItWorks"[0m;

Import map: aliased to relative './src/components/home/Hero' inside of [project]/


Import traces:
  Client Component Browser:
    ./src/app/page.tsx [Client Component Browser]
    ./src/app/page.tsx [Server Component]

  Client Component SSR:
    ./src/app/page.tsx [Client Component SSR]
    ./src/app/page.tsx [Server Component]

https://nextjs.org/docs/messages/module-not-found


⨯ ./src/app/page.tsx:4:1
Error: Module not found: Can't resolve '@/components/home/Hero'
  [90m2 |[0m
  [90m3 |[0m [36mimport[0m { useEffect } [36mfrom[0m [32m"react"[0m;
[31m[1m>[0m [90m4 |[0m [36mimport[0m { [33mHero[0m } [36mfrom[0m [32m"@/components/home/Hero"[0m;
  [90m  |[0m [31m[1m^^^^^^^^^^^^^^^^^^^^^^^^^^^^^^^^^^^^^^^^^^^^^^[0m
  [90m5 |[0m [36mimport[0m { [33mStatsSection[0m } [36mfrom[0m [32m"@/components/home/StatsSection"[0m;
  [90m6 |[0m [36mimport[0m { [33mAboutPreview[0m } [36mfrom[0m [32m"@/components/home/AboutPreview"[0m;
  [90m7 |[0m [36mimport[0m { [33mHowItWorks[0m } [36mfrom[0m [32m"@/components/home/HowItWorks"[0m;

Import map: aliased to relative './src/components/home/Hero' inside of [project]/


Import traces:
  Client Component Browser:
    ./src/app/page.tsx [Client Component Browser]
    ./src/app/page.tsx [Server Component]

  Client Component SSR:
    ./src/app/page.tsx [Client Component SSR]
    ./src/app/page.tsx [Server Component]

https://nextjs.org/docs/messages/module-not-found


⨯ ./src/app/page.tsx:4:1
Error: Module not found: Can't resolve '@/components/home/Hero'
  [90m2 |[0m
  [90m3 |[0m [36mimport[0m { useEffect } [36mfrom[0m [32m"react"[0m;
[31m[1m>[0m [90m4 |[0m [36mimport[0m { [33mHero[0m } [36mfrom[0m [32m"@/components/home/Hero"[0m;
  [90m  |[0m [31m[1m^^^^^^^^^^^^^^^^^^^^^^^^^^^^^^^^^^^^^^^^^^^^^^[0m
  [90m5 |[0m [36mimport[0m { [33mStatsSection[0m } [36mfrom[0m [32m"@/components/home/StatsSection"[0m;
  [90m6 |[0m [36mimport[0m { [33mAboutPreview[0m } [36mfrom[0m [32m"@/components/home/AboutPreview"[0m;
  [90m7 |[0m [36mimport[0m { [33mHowItWorks[0m } [36mfrom[0m [32m"@/components/home/HowItWorks"[0m;

Import map: aliased to relative './src/components/home/Hero' inside of [project]/


Import traces:
  Client Component Browser:
    ./src/app/page.tsx [Client Component Browser]
    ./src/app/page.tsx [Server Component]

  Client Component SSR:
    ./src/app/page.tsx [Client Component SSR]
    ./src/app/page.tsx [Server Component]

https://nextjs.org/docs/messages/module-not-found


⨯ ./src/app/page.tsx:4:1
Error: Module not found: Can't resolve '@/components/home/Hero'
  [90m2 |[0m
  [90m3 |[0m [36mimport[0m { useEffect } [36mfrom[0m [32m"react"[0m;
[31m[1m>[0m [90m4 |[0m [36mimport[0m { [33mHero[0m } [36mfrom[0m [32m"@/components/home/Hero"[0m;
  [90m  |[0m [31m[1m^^^^^^^^^^^^^^^^^^^^^^^^^^^^^^^^^^^^^^^^^^^^^^[0m
  [90m5 |[0m [36mimport[0m { [33mStatsSection[0m } [36mfrom[0m [32m"@/components/home/StatsSection"[0m;
  [90m6 |[0m [36mimport[0m { [33mAboutPreview[0m } [36mfrom[0m [32m"@/components/home/AboutPreview"[0m;
  [90m7 |[0m [36mimport[0m { [33mHowItWorks[0m } [36mfrom[0m [32m"@/components/home/HowItWorks"[0m;

Import map: aliased to relative './src/components/home/Hero' inside of [project]/


Import traces:
  Client Component Browser:
    ./src/app/page.tsx [Client Component Browser]
    ./src/app/page.tsx [Server Component]

  Client Component SSR:
    ./src/app/page.tsx [Client Component SSR]
    ./src/app/page.tsx [Server Component]

https://nextjs.org/docs/messages/module-not-found


⨯ ./src/app/page.tsx:4:1
Error: Module not found: Can't resolve '@/components/home/Hero'
  [90m2 |[0m
  [90m3 |[0m [36mimport[0m { useEffect } [36mfrom[0m [32m"react"[0m;
[31m[1m>[0m [90m4 |[0m [36mimport[0m { [33mHero[0m } [36mfrom[0m [32m"@/components/home/Hero"[0m;
  [90m  |[0m [31m[1m^^^^^^^^^^^^^^^^^^^^^^^^^^^^^^^^^^^^^^^^^^^^^^[0m
  [90m5 |[0m [36mimport[0m { [33mStatsSection[0m } [36mfrom[0m [32m"@/components/home/StatsSection"[0m;
  [90m6 |[0m [36mimport[0m { [33mAboutPreview[0m } [36mfrom[0m [32m"@/components/home/AboutPreview"[0m;
  [90m7 |[0m [36mimport[0m { [33mHowItWorks[0m } [36mfrom[0m [32m"@/components/home/HowItWorks"[0m;

Import map: aliased to relative './src/components/home/Hero' inside of [project]/


Import traces:
  Client Component Browser:
    ./src/app/page.tsx [Client Component Browser]
    ./src/app/page.tsx [Server Component]

  Client Component SSR:
    ./src/app/page.tsx [Client Component SSR]
    ./src/app/page.tsx [Server Component]

https://nextjs.org/docs/messages/module-not-found


⨯ ./src/app/page.tsx:4:1
Error: Module not found: Can't resolve '@/components/home/Hero'
  [90m2 |[0m
  [90m3 |[0m [36mimport[0m { useEffect } [36mfrom[0m [32m"react"[0m;
[31m[1m>[0m [90m4 |[0m [36mimport[0m { [33mHero[0m } [36mfrom[0m [32m"@/components/home/Hero"[0m;
  [90m  |[0m [31m[1m^^^^^^^^^^^^^^^^^^^^^^^^^^^^^^^^^^^^^^^^^^^^^^[0m
  [90m5 |[0m [36mimport[0m { [33mStatsSection[0m } [36mfrom[0m [32m"@/components/home/StatsSection"[0m;
  [90m6 |[0m [36mimport[0m { [33mAboutPreview[0m } [36mfrom[0m [32m"@/components/home/AboutPreview"[0m;
  [90m7 |[0m [36mimport[0m { [33mHowItWorks[0m } [36mfrom[0m [32m"@/components/home/HowItWorks"[0m;

Import map: aliased to relative './src/components/home/Hero' inside of [project]/


Import traces:
  Client Component Browser:
    ./src/app/page.tsx [Client Component Browser]
    ./src/app/page.tsx [Server Component]

  Client Component SSR:
    ./src/app/page.tsx [Client Component SSR]
    ./src/app/page.tsx [Server Component]

https://nextjs.org/docs/messages/module-not-found


⨯ ./src/app/page.tsx:4:1
Error: Module not found: Can't resolve '@/components/home/Hero'
  [90m2 |[0m
  [90m3 |[0m [36mimport[0m { useEffect } [36mfrom[0m [32m"react"[0m;
[31m[1m>[0m [90m4 |[0m [36mimport[0m { [33mHero[0m } [36mfrom[0m [32m"@/components/home/Hero"[0m;
  [90m  |[0m [31m[1m^^^^^^^^^^^^^^^^^^^^^^^^^^^^^^^^^^^^^^^^^^^^^^[0m
  [90m5 |[0m [36mimport[0m { [33mStatsSection[0m } [36mfrom[0m [32m"@/components/home/StatsSection"[0m;
  [90m6 |[0m [36mimport[0m { [33mAboutPreview[0m } [36mfrom[0m [32m"@/components/home/AboutPreview"[0m;
  [90m7 |[0m [36mimport[0m { [33mHowItWorks[0m } [36mfrom[0m [32m"@/components/home/HowItWorks"[0m;

Import map: aliased to relative './src/components/home/Hero' inside of [project]/


Import traces:
  Client Component Browser:
    ./src/app/page.tsx [Client Component Browser]
    ./src/app/page.tsx [Server Component]

  Client Component SSR:
    ./src/app/page.tsx [Client Component SSR]
    ./src/app/page.tsx [Server Component]

https://nextjs.org/docs/messages/module-not-found


⨯ ./src/app/page.tsx:4:1
Error: Module not found: Can't resolve '@/components/home/Hero'
  [90m2 |[0m
  [90m3 |[0m [36mimport[0m { useEffect } [36mfrom[0m [32m"react"[0m;
[31m[1m>[0m [90m4 |[0m [36mimport[0m { [33mHero[0m } [36mfrom[0m [32m"@/components/home/Hero"[0m;
  [90m  |[0m [31m[1m^^^^^^^^^^^^^^^^^^^^^^^^^^^^^^^^^^^^^^^^^^^^^^[0m
  [90m5 |[0m [36mimport[0m { [33mStatsSection[0m } [36mfrom[0m [32m"@/components/home/StatsSection"[0m;
  [90m6 |[0m [36mimport[0m { [33mAboutPreview[0m } [36mfrom[0m [32m"@/components/home/AboutPreview"[0m;
  [90m7 |[0m [36mimport[0m { [33mHowItWorks[0m } [36mfrom[0m [32m"@/components/home/HowItWorks"[0m;

Import map: aliased to relative './src/components/home/Hero' inside of [project]/


Import traces:
  Client Component Browser:
    ./src/app/page.tsx [Client Component Browser]
    ./src/app/page.tsx [Server Component]

  Client Component SSR:
    ./src/app/page.tsx [Client Component SSR]
    ./src/app/page.tsx [Server Component]

https://nextjs.org/docs/messages/module-not-found


⨯ ./src/app/page.tsx:4:1
Error: Module not found: Can't resolve '@/components/home/Hero'
  [90m2 |[0m
  [90m3 |[0m [36mimport[0m { useEffect } [36mfrom[0m [32m"react"[0m;
[31m[1m>[0m [90m4 |[0m [36mimport[0m { [33mHero[0m } [36mfrom[0m [32m"@/components/home/Hero"[0m;
  [90m  |[0m [31m[1m^^^^^^^^^^^^^^^^^^^^^^^^^^^^^^^^^^^^^^^^^^^^^^[0m
  [90m5 |[0m [36mimport[0m { [33mStatsSection[0m } [36mfrom[0m [32m"@/components/home/StatsSection"[0m;
  [90m6 |[0m [36mimport[0m { [33mAboutPreview[0m } [36mfrom[0m [32m"@/components/home/AboutPreview"[0m;
  [90m7 |[0m [36mimport[0m { [33mHowItWorks[0m } [36mfrom[0m [32m"@/components/home/HowItWorks"[0m;

Import map: aliased to relative './src/components/home/Hero' inside of [project]/


Import traces:
  Client Component Browser:
    ./src/app/page.tsx [Client Component Browser]
    ./src/app/page.tsx [Server Component]

  Client Component SSR:
    ./src/app/page.tsx [Client Component SSR]
    ./src/app/page.tsx [Server Component]

https://nextjs.org/docs/messages/module-not-found


⨯ ./src/app/page.tsx:4:1
Error: Module not found: Can't resolve '@/components/home/Hero'
  [90m2 |[0m
  [90m3 |[0m [36mimport[0m { useEffect } [36mfrom[0m [32m"react"[0m;
[31m[1m>[0m [90m4 |[0m [36mimport[0m { [33mHero[0m } [36mfrom[0m [32m"@/components/home/Hero"[0m;
  [90m  |[0m [31m[1m^^^^^^^^^^^^^^^^^^^^^^^^^^^^^^^^^^^^^^^^^^^^^^[0m
  [90m5 |[0m [36mimport[0m { [33mStatsSection[0m } [36mfrom[0m [32m"@/components/home/StatsSection"[0m;
  [90m6 |[0m [36mimport[0m { [33mAboutPreview[0m } [36mfrom[0m [32m"@/components/home/AboutPreview"[0m;
  [90m7 |[0m [36mimport[0m { [33mHowItWorks[0m } [36mfrom[0m [32m"@/components/home/HowItWorks"[0m;

Import map: aliased to relative './src/components/home/Hero' inside of [project]/


Import traces:
  Client Component Browser:
    ./src/app/page.tsx [Client Component Browser]
    ./src/app/page.tsx [Server Component]

  Client Component SSR:
    ./src/app/page.tsx [Client Component SSR]
    ./src/app/page.tsx [Server Component]

https://nextjs.org/docs/messages/module-not-found


⨯ ./src/app/page.tsx:4:1
Error: Module not found: Can't resolve '@/components/home/Hero'
  [90m2 |[0m
  [90m3 |[0m [36mimport[0m { useEffect } [36mfrom[0m [32m"react"[0m;
[31m[1m>[0m [90m4 |[0m [36mimport[0m { [33mHero[0m } [36mfrom[0m [32m"@/components/home/Hero"[0m;
  [90m  |[0m [31m[1m^^^^^^^^^^^^^^^^^^^^^^^^^^^^^^^^^^^^^^^^^^^^^^[0m
  [90m5 |[0m [36mimport[0m { [33mStatsSection[0m } [36mfrom[0m [32m"@/components/home/StatsSection"[0m;
  [90m6 |[0m [36mimport[0m { [33mAboutPreview[0m } [36mfrom[0m [32m"@/components/home/AboutPreview"[0m;
  [90m7 |[0m [36mimport[0m { [33mHowItWorks[0m } [36mfrom[0m [32m"@/components/home/HowItWorks"[0m;

Import map: aliased to relative './src/components/home/Hero' inside of [project]/


Import traces:
  Client Component Browser:
    ./src/app/page.tsx [Client Component Browser]
    ./src/app/page.tsx [Server Component]

  Client Component SSR:
    ./src/app/page.tsx [Client Component SSR]
    ./src/app/page.tsx [Server Component]

https://nextjs.org/docs/messages/module-not-found


⨯ ./src/app/page.tsx:4:1
Error: Module not found: Can't resolve '@/components/home/Hero'
  [90m2 |[0m
  [90m3 |[0m [36mimport[0m { useEffect } [36mfrom[0m [32m"react"[0m;
[31m[1m>[0m [90m4 |[0m [36mimport[0m { [33mHero[0m } [36mfrom[0m [32m"@/components/home/Hero"[0m;
  [90m  |[0m [31m[1m^^^^^^^^^^^^^^^^^^^^^^^^^^^^^^^^^^^^^^^^^^^^^^[0m
  [90m5 |[0m [36mimport[0m { [33mStatsSection[0m } [36mfrom[0m [32m"@/components/home/StatsSection"[0m;
  [90m6 |[0m [36mimport[0m { [33mAboutPreview[0m } [36mfrom[0m [32m"@/components/home/AboutPreview"[0m;
  [90m7 |[0m [36mimport[0m { [33mHowItWorks[0m } [36mfrom[0m [32m"@/components/home/HowItWorks"[0m;

Import map: aliased to relative './src/components/home/Hero' inside of [project]/


Import traces:
  Client Component Browser:
    ./src/app/page.tsx [Client Component Browser]
    ./src/app/page.tsx [Server Component]

  Client Component SSR:
    ./src/app/page.tsx [Client Component SSR]
    ./src/app/page.tsx [Server Component]

https://nextjs.org/docs/messages/module-not-found


[browser] THREE.Clock: This module has been deprecated. Please use THREE.Timer instead.
[browser] THREE.Clock: This module has been deprecated. Please use THREE.Timer instead.
[browser] Detected `scroll-behavior: smooth` on the `<html>` element. To disable smooth scrolling during route transitions, add `data-scroll-behavior="smooth"` to your <html> element. Learn more: https://nextjs.org/docs/messages/missing-data-scroll-behavior
[browser] THREE.Clock: This module has been deprecated. Please use THREE.Timer instead.
[browser] THREE.Clock: This module has been deprecated. Please use THREE.Timer instead.
[browser] THREE.Clock: This module has been deprecated. Please use THREE.Timer instead.
[browser] Detected `scroll-behavior: smooth` on the `<html>` element. To disable smooth scrolling during route transitions, add `data-scroll-behavior="smooth"` to your <html> element. Learn more: https://nextjs.org/docs/messages/missing-data-scroll-behavior
[browser] THREE.Clock: This module has been deprecated. Please use THREE.Timer instead.
[browser] THREE.Clock: This module has been deprecated. Please use THREE.Timer instead.
[browser] THREE.Clock: This module has been deprecated. Please use THREE.Timer instead.
[browser] THREE.Clock: This module has been deprecated. Please use THREE.Timer instead.
[browser] THREE.Clock: This module has been deprecated. Please use THREE.Timer instead.
[browser] Detected `scroll-behavior: smooth` on the `<html>` element. To disable smooth scrolling during route transitions, add `data-scroll-behavior="smooth"` to your <html> element. Learn more: https://nextjs.org/docs/messages/missing-data-scroll-behavior
[browser] THREE.Clock: This module has been deprecated. Please use THREE.Timer instead.
[browser] THREE.Clock: This module has been deprecated. Please use THREE.Timer instead.
⨯ ./src/app/page.tsx:4:1
Error: Module not found: Can't resolve '@/components/home/Hero'
  [90m2 |[0m
  [90m3 |[0m [36mimport[0m { useEffect } [36mfrom[0m [32m"react"[0m;
[31m[1m>[0m [90m4 |[0m [36mimport[0m { [33mHero[0m } [36mfrom[0m [32m"@/components/home/Hero"[0m;
  [90m  |[0m [31m[1m^^^^^^^^^^^^^^^^^^^^^^^^^^^^^^^^^^^^^^^^^^^^^^[0m
  [90m5 |[0m [36mimport[0m { [33mStatsSection[0m } [36mfrom[0m [32m"@/components/home/StatsSection"[0m;
  [90m6 |[0m [36mimport[0m { [33mAboutPreview[0m } [36mfrom[0m [32m"@/components/home/AboutPreview"[0m;
  [90m7 |[0m [36mimport[0m { [33mHowItWorks[0m } [36mfrom[0m [32m"@/components/home/HowItWorks"[0m;

Import map: aliased to relative './src/components/home/Hero' inside of [project]/


Import traces:
  Client Component Browser:
    ./src/app/page.tsx [Client Component Browser]
    ./src/app/page.tsx [Server Component]

  Client Component SSR:
    ./src/app/page.tsx [Client Component SSR]
    ./src/app/page.tsx [Server Component]

https://nextjs.org/docs/messages/module-not-found


⨯ ./src/app/page.tsx:4:1
Error: Module not found: Can't resolve '@/components/home/Hero'
  [90m2 |[0m
  [90m3 |[0m [36mimport[0m { useEffect } [36mfrom[0m [32m"react"[0m;
[31m[1m>[0m [90m4 |[0m [36mimport[0m { [33mHero[0m } [36mfrom[0m [32m"@/components/home/Hero"[0m;
  [90m  |[0m [31m[1m^^^^^^^^^^^^^^^^^^^^^^^^^^^^^^^^^^^^^^^^^^^^^^[0m
  [90m5 |[0m [36mimport[0m { [33mStatsSection[0m } [36mfrom[0m [32m"@/components/home/StatsSection"[0m;
  [90m6 |[0m [36mimport[0m { [33mAboutPreview[0m } [36mfrom[0m [32m"@/components/home/AboutPreview"[0m;
  [90m7 |[0m [36mimport[0m { [33mHowItWorks[0m } [36mfrom[0m [32m"@/components/home/HowItWorks"[0m;

Import map: aliased to relative './src/components/home/Hero' inside of [project]/


Import traces:
  Client Component Browser:
    ./src/app/page.tsx [Client Component Browser]
    ./src/app/page.tsx [Server Component]

  Client Component SSR:
    ./src/app/page.tsx [Client Component SSR]
    ./src/app/page.tsx [Server Component]

https://nextjs.org/docs/messages/module-not-found


⨯ ./src/app/page.tsx:4:1
Error: Module not found: Can't resolve '@/components/home/Hero'
  [90m2 |[0m
  [90m3 |[0m [36mimport[0m { useEffect } [36mfrom[0m [32m"react"[0m;
[31m[1m>[0m [90m4 |[0m [36mimport[0m { [33mHero[0m } [36mfrom[0m [32m"@/components/home/Hero"[0m;
  [90m  |[0m [31m[1m^^^^^^^^^^^^^^^^^^^^^^^^^^^^^^^^^^^^^^^^^^^^^^[0m
  [90m5 |[0m [36mimport[0m { [33mStatsSection[0m } [36mfrom[0m [32m"@/components/home/StatsSection"[0m;
  [90m6 |[0m [36mimport[0m { [33mAboutPreview[0m } [36mfrom[0m [32m"@/components/home/AboutPreview"[0m;
  [90m7 |[0m [36mimport[0m { [33mHowItWorks[0m } [36mfrom[0m [32m"@/components/home/HowItWorks"[0m;

Import map: aliased to relative './src/components/home/Hero' inside of [project]/


Import traces:
  Client Component Browser:
    ./src/app/page.tsx [Client Component Browser]
    ./src/app/page.tsx [Server Component]

  Client Component SSR:
    ./src/app/page.tsx [Client Component SSR]
    ./src/app/page.tsx [Server Component]

https://nextjs.org/docs/messages/module-not-found


⨯ ./src/app/page.tsx:4:1
Error: Module not found: Can't resolve '@/components/home/Hero'
  [90m2 |[0m
  [90m3 |[0m [36mimport[0m { useEffect } [36mfrom[0m [32m"react"[0m;
[31m[1m>[0m [90m4 |[0m [36mimport[0m { [33mHero[0m } [36mfrom[0m [32m"@/components/home/Hero"[0m;
  [90m  |[0m [31m[1m^^^^^^^^^^^^^^^^^^^^^^^^^^^^^^^^^^^^^^^^^^^^^^[0m
  [90m5 |[0m [36mimport[0m { [33mStatsSection[0m } [36mfrom[0m [32m"@/components/home/StatsSection"[0m;
  [90m6 |[0m [36mimport[0m { [33mAboutPreview[0m } [36mfrom[0m [32m"@/components/home/AboutPreview"[0m;
  [90m7 |[0m [36mimport[0m { [33mHowItWorks[0m } [36mfrom[0m [32m"@/components/home/HowItWorks"[0m;

Import map: aliased to relative './src/components/home/Hero' inside of [project]/


Import traces:
  Client Component Browser:
    ./src/app/page.tsx [Client Component Browser]
    ./src/app/page.tsx [Server Component]

  Client Component SSR:
    ./src/app/page.tsx [Client Component SSR]
    ./src/app/page.tsx [Server Component]

https://nextjs.org/docs/messages/module-not-found


⨯ ./src/app/page.tsx:4:1
Error: Module not found: Can't resolve '@/components/home/Hero'
  [90m2 |[0m
  [90m3 |[0m [36mimport[0m { useEffect } [36mfrom[0m [32m"react"[0m;
[31m[1m>[0m [90m4 |[0m [36mimport[0m { [33mHero[0m } [36mfrom[0m [32m"@/components/home/Hero"[0m;
  [90m  |[0m [31m[1m^^^^^^^^^^^^^^^^^^^^^^^^^^^^^^^^^^^^^^^^^^^^^^[0m
  [90m5 |[0m [36mimport[0m { [33mStatsSection[0m } [36mfrom[0m [32m"@/components/home/StatsSection"[0m;
  [90m6 |[0m [36mimport[0m { [33mAboutPreview[0m } [36mfrom[0m [32m"@/components/home/AboutPreview"[0m;
  [90m7 |[0m [36mimport[0m { [33mHowItWorks[0m } [36mfrom[0m [32m"@/components/home/HowItWorks"[0m;

Import map: aliased to relative './src/components/home/Hero' inside of [project]/


Import traces:
  Client Component Browser:
    ./src/app/page.tsx [Client Component Browser]
    ./src/app/page.tsx [Server Component]

  Client Component SSR:
    ./src/app/page.tsx [Client Component SSR]
    ./src/app/page.tsx [Server Component]

https://nextjs.org/docs/messages/module-not-found


⨯ ./src/app/page.tsx:4:1
Error: Module not found: Can't resolve '@/components/home/Hero'
  [90m2 |[0m
  [90m3 |[0m [36mimport[0m { useEffect } [36mfrom[0m [32m"react"[0m;
[31m[1m>[0m [90m4 |[0m [36mimport[0m { [33mHero[0m } [36mfrom[0m [32m"@/components/home/Hero"[0m;
  [90m  |[0m [31m[1m^^^^^^^^^^^^^^^^^^^^^^^^^^^^^^^^^^^^^^^^^^^^^^[0m
  [90m5 |[0m [36mimport[0m { [33mStatsSection[0m } [36mfrom[0m [32m"@/components/home/StatsSection"[0m;
  [90m6 |[0m [36mimport[0m { [33mAboutPreview[0m } [36mfrom[0m [32m"@/components/home/AboutPreview"[0m;
  [90m7 |[0m [36mimport[0m { [33mHowItWorks[0m } [36mfrom[0m [32m"@/components/home/HowItWorks"[0m;

Import map: aliased to relative './src/components/home/Hero' inside of [project]/


Import traces:
  Client Component Browser:
    ./src/app/page.tsx [Client Component Browser]
    ./src/app/page.tsx [Server Component]

  Client Component SSR:
    ./src/app/page.tsx [Client Component SSR]
    ./src/app/page.tsx [Server Component]

https://nextjs.org/docs/messages/module-not-found


⨯ ./src/app/page.tsx:4:1
Error: Module not found: Can't resolve '@/components/home/Hero'
  [90m2 |[0m
  [90m3 |[0m [36mimport[0m { useEffect } [36mfrom[0m [32m"react"[0m;
[31m[1m>[0m [90m4 |[0m [36mimport[0m { [33mHero[0m } [36mfrom[0m [32m"@/components/home/Hero"[0m;
  [90m  |[0m [31m[1m^^^^^^^^^^^^^^^^^^^^^^^^^^^^^^^^^^^^^^^^^^^^^^[0m
  [90m5 |[0m [36mimport[0m { [33mStatsSection[0m } [36mfrom[0m [32m"@/components/home/StatsSection"[0m;
  [90m6 |[0m [36mimport[0m { [33mAboutPreview[0m } [36mfrom[0m [32m"@/components/home/AboutPreview"[0m;
  [90m7 |[0m [36mimport[0m { [33mHowItWorks[0m } [36mfrom[0m [32m"@/components/home/HowItWorks"[0m;

Import map: aliased to relative './src/components/home/Hero' inside of [project]/


Import traces:
  Client Component Browser:
    ./src/app/page.tsx [Client Component Browser]
    ./src/app/page.tsx [Server Component]

  Client Component SSR:
    ./src/app/page.tsx [Client Component SSR]
    ./src/app/page.tsx [Server Component]

https://nextjs.org/docs/messages/module-not-found


⨯ ./src/app/page.tsx:4:1
Error: Module not found: Can't resolve '@/components/home/Hero'
  [90m2 |[0m
  [90m3 |[0m [36mimport[0m { useEffect } [36mfrom[0m [32m"react"[0m;
[31m[1m>[0m [90m4 |[0m [36mimport[0m { [33mHero[0m } [36mfrom[0m [32m"@/components/home/Hero"[0m;
  [90m  |[0m [31m[1m^^^^^^^^^^^^^^^^^^^^^^^^^^^^^^^^^^^^^^^^^^^^^^[0m
  [90m5 |[0m [36mimport[0m { [33mStatsSection[0m } [36mfrom[0m [32m"@/components/home/StatsSection"[0m;
  [90m6 |[0m [36mimport[0m { [33mAboutPreview[0m } [36mfrom[0m [32m"@/components/home/AboutPreview"[0m;
  [90m7 |[0m [36mimport[0m { [33mHowItWorks[0m } [36mfrom[0m [32m"@/components/home/HowItWorks"[0m;

Import map: aliased to relative './src/components/home/Hero' inside of [project]/


Import traces:
  Client Component Browser:
    ./src/app/page.tsx [Client Component Browser]
    ./src/app/page.tsx [Server Component]

  Client Component SSR:
    ./src/app/page.tsx [Client Component SSR]
    ./src/app/page.tsx [Server Component]

https://nextjs.org/docs/messages/module-not-found


⨯ ./src/app/page.tsx:4:1
Error: Module not found: Can't resolve '@/components/home/Hero'
  [90m2 |[0m
  [90m3 |[0m [36mimport[0m { useEffect } [36mfrom[0m [32m"react"[0m;
[31m[1m>[0m [90m4 |[0m [36mimport[0m { [33mHero[0m } [36mfrom[0m [32m"@/components/home/Hero"[0m;
  [90m  |[0m [31m[1m^^^^^^^^^^^^^^^^^^^^^^^^^^^^^^^^^^^^^^^^^^^^^^[0m
  [90m5 |[0m [36mimport[0m { [33mStatsSection[0m } [36mfrom[0m [32m"@/components/home/StatsSection"[0m;
  [90m6 |[0m [36mimport[0m { [33mAboutPreview[0m } [36mfrom[0m [32m"@/components/home/AboutPreview"[0m;
  [90m7 |[0m [36mimport[0m { [33mHowItWorks[0m } [36mfrom[0m [32m"@/components/home/HowItWorks"[0m;

Import map: aliased to relative './src/components/home/Hero' inside of [project]/


Import traces:
  Client Component Browser:
    ./src/app/page.tsx [Client Component Browser]
    ./src/app/page.tsx [Server Component]

  Client Component SSR:
    ./src/app/page.tsx [Client Component SSR]
    ./src/app/page.tsx [Server Component]

https://nextjs.org/docs/messages/module-not-found


⨯ ./src/app/page.tsx:4:1
Error: Module not found: Can't resolve '@/components/home/Hero'
  [90m2 |[0m
  [90m3 |[0m [36mimport[0m { useEffect } [36mfrom[0m [32m"react"[0m;
[31m[1m>[0m [90m4 |[0m [36mimport[0m { [33mHero[0m } [36mfrom[0m [32m"@/components/home/Hero"[0m;
  [90m  |[0m [31m[1m^^^^^^^^^^^^^^^^^^^^^^^^^^^^^^^^^^^^^^^^^^^^^^[0m
  [90m5 |[0m [36mimport[0m { [33mStatsSection[0m } [36mfrom[0m [32m"@/components/home/StatsSection"[0m;
  [90m6 |[0m [36mimport[0m { [33mAboutPreview[0m } [36mfrom[0m [32m"@/components/home/AboutPreview"[0m;
  [90m7 |[0m [36mimport[0m { [33mHowItWorks[0m } [36mfrom[0m [32m"@/components/home/HowItWorks"[0m;

Import map: aliased to relative './src/components/home/Hero' inside of [project]/


Import traces:
  Client Component Browser:
    ./src/app/page.tsx [Client Component Browser]
    ./src/app/page.tsx [Server Component]

  Client Component SSR:
    ./src/app/page.tsx [Client Component SSR]
    ./src/app/page.tsx [Server Component]

https://nextjs.org/docs/messages/module-not-found


⨯ ./src/app/page.tsx:4:1
Error: Module not found: Can't resolve '@/components/home/Hero'
  [90m2 |[0m
  [90m3 |[0m [36mimport[0m { useEffect } [36mfrom[0m [32m"react"[0m;
[31m[1m>[0m [90m4 |[0m [36mimport[0m { [33mHero[0m } [36mfrom[0m [32m"@/components/home/Hero"[0m;
  [90m  |[0m [31m[1m^^^^^^^^^^^^^^^^^^^^^^^^^^^^^^^^^^^^^^^^^^^^^^[0m
  [90m5 |[0m [36mimport[0m { [33mStatsSection[0m } [36mfrom[0m [32m"@/components/home/StatsSection"[0m;
  [90m6 |[0m [36mimport[0m { [33mAboutPreview[0m } [36mfrom[0m [32m"@/components/home/AboutPreview"[0m;
  [90m7 |[0m [36mimport[0m { [33mHowItWorks[0m } [36mfrom[0m [32m"@/components/home/HowItWorks"[0m;

Import map: aliased to relative './src/components/home/Hero' inside of [project]/


Import traces:
  Client Component Browser:
    ./src/app/page.tsx [Client Component Browser]
    ./src/app/page.tsx [Server Component]

  Client Component SSR:
    ./src/app/page.tsx [Client Component SSR]
    ./src/app/page.tsx [Server Component]

https://nextjs.org/docs/messages/module-not-found


⨯ ./src/app/page.tsx:4:1
Error: Module not found: Can't resolve '@/components/home/Hero'
  [90m2 |[0m
  [90m3 |[0m [36mimport[0m { useEffect } [36mfrom[0m [32m"react"[0m;
[31m[1m>[0m [90m4 |[0m [36mimport[0m { [33mHero[0m } [36mfrom[0m [32m"@/components/home/Hero"[0m;
  [90m  |[0m [31m[1m^^^^^^^^^^^^^^^^^^^^^^^^^^^^^^^^^^^^^^^^^^^^^^[0m
  [90m5 |[0m [36mimport[0m { [33mStatsSection[0m } [36mfrom[0m [32m"@/components/home/StatsSection"[0m;
  [90m6 |[0m [36mimport[0m { [33mAboutPreview[0m } [36mfrom[0m [32m"@/components/home/AboutPreview"[0m;
  [90m7 |[0m [36mimport[0m { [33mHowItWorks[0m } [36mfrom[0m [32m"@/components/home/HowItWorks"[0m;

Import map: aliased to relative './src/components/home/Hero' inside of [project]/


Import traces:
  Client Component Browser:
    ./src/app/page.tsx [Client Component Browser]
    ./src/app/page.tsx [Server Component]

  Client Component SSR:
    ./src/app/page.tsx [Client Component SSR]
    ./src/app/page.tsx [Server Component]

https://nextjs.org/docs/messages/module-not-found


⨯ ./src/app/page.tsx:4:1
Error: Module not found: Can't resolve '@/components/home/Hero'
  [90m2 |[0m
  [90m3 |[0m [36mimport[0m { useEffect } [36mfrom[0m [32m"react"[0m;
[31m[1m>[0m [90m4 |[0m [36mimport[0m { [33mHero[0m } [36mfrom[0m [32m"@/components/home/Hero"[0m;
  [90m  |[0m [31m[1m^^^^^^^^^^^^^^^^^^^^^^^^^^^^^^^^^^^^^^^^^^^^^^[0m
  [90m5 |[0m [36mimport[0m { [33mStatsSection[0m } [36mfrom[0m [32m"@/components/home/StatsSection"[0m;
  [90m6 |[0m [36mimport[0m { [33mAboutPreview[0m } [36mfrom[0m [32m"@/components/home/AboutPreview"[0m;
  [90m7 |[0m [36mimport[0m { [33mHowItWorks[0m } [36mfrom[0m [32m"@/components/home/HowItWorks"[0m;

Import map: aliased to relative './src/components/home/Hero' inside of [project]/


Import traces:
  Client Component Browser:
    ./src/app/page.tsx [Client Component Browser]
    ./src/app/page.tsx [Server Component]

  Client Component SSR:
    ./src/app/page.tsx [Client Component SSR]
    ./src/app/page.tsx [Server Component]

https://nextjs.org/docs/messages/module-not-found


⨯ ./src/app/page.tsx:4:1
Error: Module not found: Can't resolve '@/components/home/Hero'
  [90m2 |[0m
  [90m3 |[0m [36mimport[0m { useEffect } [36mfrom[0m [32m"react"[0m;
[31m[1m>[0m [90m4 |[0m [36mimport[0m { [33mHero[0m } [36mfrom[0m [32m"@/components/home/Hero"[0m;
  [90m  |[0m [31m[1m^^^^^^^^^^^^^^^^^^^^^^^^^^^^^^^^^^^^^^^^^^^^^^[0m
  [90m5 |[0m [36mimport[0m { [33mStatsSection[0m } [36mfrom[0m [32m"@/components/home/StatsSection"[0m;
  [90m6 |[0m [36mimport[0m { [33mAboutPreview[0m } [36mfrom[0m [32m"@/components/home/AboutPreview"[0m;
  [90m7 |[0m [36mimport[0m { [33mHowItWorks[0m } [36mfrom[0m [32m"@/components/home/HowItWorks"[0m;

Import map: aliased to relative './src/components/home/Hero' inside of [project]/


Import traces:
  Client Component Browser:
    ./src/app/page.tsx [Client Component Browser]
    ./src/app/page.tsx [Server Component]

  Client Component SSR:
    ./src/app/page.tsx [Client Component SSR]
    ./src/app/page.tsx [Server Component]

https://nextjs.org/docs/messages/module-not-found


⨯ ./src/app/page.tsx:4:1
Error: Module not found: Can't resolve '@/components/home/Hero'
  [90m2 |[0m
  [90m3 |[0m [36mimport[0m { useEffect } [36mfrom[0m [32m"react"[0m;
[31m[1m>[0m [90m4 |[0m [36mimport[0m { [33mHero[0m } [36mfrom[0m [32m"@/components/home/Hero"[0m;
  [90m  |[0m [31m[1m^^^^^^^^^^^^^^^^^^^^^^^^^^^^^^^^^^^^^^^^^^^^^^[0m
  [90m5 |[0m [36mimport[0m { [33mStatsSection[0m } [36mfrom[0m [32m"@/components/home/StatsSection"[0m;
  [90m6 |[0m [36mimport[0m { [33mAboutPreview[0m } [36mfrom[0m [32m"@/components/home/AboutPreview"[0m;
  [90m7 |[0m [36mimport[0m { [33mHowItWorks[0m } [36mfrom[0m [32m"@/components/home/HowItWorks"[0m;

Import map: aliased to relative './src/components/home/Hero' inside of [project]/


Import traces:
  Client Component Browser:
    ./src/app/page.tsx [Client Component Browser]
    ./src/app/page.tsx [Server Component]

  Client Component SSR:
    ./src/app/page.tsx [Client Component SSR]
    ./src/app/page.tsx [Server Component]

https://nextjs.org/docs/messages/module-not-found


⨯ ./src/app/page.tsx:4:1
Error: Module not found: Can't resolve '@/components/home/Hero'
  [90m2 |[0m
  [90m3 |[0m [36mimport[0m { useEffect } [36mfrom[0m [32m"react"[0m;
[31m[1m>[0m [90m4 |[0m [36mimport[0m { [33mHero[0m } [36mfrom[0m [32m"@/components/home/Hero"[0m;
  [90m  |[0m [31m[1m^^^^^^^^^^^^^^^^^^^^^^^^^^^^^^^^^^^^^^^^^^^^^^[0m
  [90m5 |[0m [36mimport[0m { [33mStatsSection[0m } [36mfrom[0m [32m"@/components/home/StatsSection"[0m;
  [90m6 |[0m [36mimport[0m { [33mAboutPreview[0m } [36mfrom[0m [32m"@/components/home/AboutPreview"[0m;
  [90m7 |[0m [36mimport[0m { [33mHowItWorks[0m } [36mfrom[0m [32m"@/components/home/HowItWorks"[0m;

Import map: aliased to relative './src/components/home/Hero' inside of [project]/


Import traces:
  Client Component Browser:
    ./src/app/page.tsx [Client Component Browser]
    ./src/app/page.tsx [Server Component]

  Client Component SSR:
    ./src/app/page.tsx [Client Component SSR]
    ./src/app/page.tsx [Server Component]

https://nextjs.org/docs/messages/module-not-found


[browser] ./src/app/page.tsx:4:1
Error: Module not found: Can't resolve '@/components/home/Hero'
  2 |
  3 | import { useEffect } from "react";
> 4 | import { Hero } from "@/components/home/Hero";
    | ^^^^^^^^^^^^^^^^^^^^^^^^^^^^^^^^^^^^^^^^^^^^^^
  5 | import { StatsSection } from "@/components/home/StatsSection";
  6 | import { AboutPreview } from "@/components/home/AboutPreview";
  7 | import { HowItWorks } from "@/components/home/HowItWorks";

Import map: aliased to relative './src/components/home/Hero' inside of [project]/

Import traces:
  Client Component Browser:
    ./src/app/page.tsx [Client Component Browser]
    ./src/app/page.tsx [Server Component]

  Client Component SSR:
    ./src/app/page.tsx [Client Component SSR]
    ./src/app/page.tsx [Server Component]

https://nextjs.org/docs/messages/module-not-found 
[browser] Detected `scroll-behavior: smooth` on the `<html>` element. To disable smooth scrolling during route transitions, add `data-scroll-behavior="smooth"` to your <html> element. Learn more: https://nextjs.org/docs/messages/missing-data-scroll-behavior
⨯ ./src/app/page.tsx:4:1
Error: Module not found: Can't resolve '@/components/home/Hero'
  [90m2 |[0m
  [90m3 |[0m [36mimport[0m { useEffect } [36mfrom[0m [32m"react"[0m;
[31m[1m>[0m [90m4 |[0m [36mimport[0m { [33mHero[0m } [36mfrom[0m [32m"@/components/home/Hero"[0m;
  [90m  |[0m [31m[1m^^^^^^^^^^^^^^^^^^^^^^^^^^^^^^^^^^^^^^^^^^^^^^[0m
  [90m5 |[0m [36mimport[0m { [33mStatsSection[0m } [36mfrom[0m [32m"@/components/home/StatsSection"[0m;
  [90m6 |[0m [36mimport[0m { [33mAboutPreview[0m } [36mfrom[0m [32m"@/components/home/AboutPreview"[0m;
  [90m7 |[0m [36mimport[0m { [33mHowItWorks[0m } [36mfrom[0m [32m"@/components/home/HowItWorks"[0m;

Import map: aliased to relative './src/components/home/Hero' inside of [project]/


Import traces:
  Client Component Browser:
    ./src/app/page.tsx [Client Component Browser]
    ./src/app/page.tsx [Server Component]

  Client Component SSR:
    ./src/app/page.tsx [Client Component SSR]
    ./src/app/page.tsx [Server Component]

https://nextjs.org/docs/messages/module-not-found


⨯ ./src/app/page.tsx:4:1
Error: Module not found: Can't resolve '@/components/home/Hero'
  [90m2 |[0m
  [90m3 |[0m [36mimport[0m { useEffect } [36mfrom[0m [32m"react"[0m;
[31m[1m>[0m [90m4 |[0m [36mimport[0m { [33mHero[0m } [36mfrom[0m [32m"@/components/home/Hero"[0m;
  [90m  |[0m [31m[1m^^^^^^^^^^^^^^^^^^^^^^^^^^^^^^^^^^^^^^^^^^^^^^[0m
  [90m5 |[0m [36mimport[0m { [33mStatsSection[0m } [36mfrom[0m [32m"@/components/home/StatsSection"[0m;
  [90m6 |[0m [36mimport[0m { [33mAboutPreview[0m } [36mfrom[0m [32m"@/components/home/AboutPreview"[0m;
  [90m7 |[0m [36mimport[0m { [33mHowItWorks[0m } [36mfrom[0m [32m"@/components/home/HowItWorks"[0m;

Import map: aliased to relative './src/components/home/Hero' inside of [project]/


Import traces:
  Client Component Browser:
    ./src/app/page.tsx [Client Component Browser]
    ./src/app/page.tsx [Server Component]

  Client Component SSR:
    ./src/app/page.tsx [Client Component SSR]
    ./src/app/page.tsx [Server Component]

https://nextjs.org/docs/messages/module-not-found


⨯ ./src/app/page.tsx:4:1
Error: Module not found: Can't resolve '@/components/home/Hero'
  [90m2 |[0m
  [90m3 |[0m [36mimport[0m { useEffect } [36mfrom[0m [32m"react"[0m;
[31m[1m>[0m [90m4 |[0m [36mimport[0m { [33mHero[0m } [36mfrom[0m [32m"@/components/home/Hero"[0m;
  [90m  |[0m [31m[1m^^^^^^^^^^^^^^^^^^^^^^^^^^^^^^^^^^^^^^^^^^^^^^[0m
  [90m5 |[0m [36mimport[0m { [33mStatsSection[0m } [36mfrom[0m [32m"@/components/home/StatsSection"[0m;
  [90m6 |[0m [36mimport[0m { [33mAboutPreview[0m } [36mfrom[0m [32m"@/components/home/AboutPreview"[0m;
  [90m7 |[0m [36mimport[0m { [33mHowItWorks[0m } [36mfrom[0m [32m"@/components/home/HowItWorks"[0m;

Import map: aliased to relative './src/components/home/Hero' inside of [project]/


Import traces:
  Client Component Browser:
    ./src/app/page.tsx [Client Component Browser]
    ./src/app/page.tsx [Server Component]

  Client Component SSR:
    ./src/app/page.tsx [Client Component SSR]
    ./src/app/page.tsx [Server Component]

https://nextjs.org/docs/messages/module-not-found


⨯ ./src/app/page.tsx:4:1
Error: Module not found: Can't resolve '@/components/home/Hero'
  [90m2 |[0m
  [90m3 |[0m [36mimport[0m { useEffect } [36mfrom[0m [32m"react"[0m;
[31m[1m>[0m [90m4 |[0m [36mimport[0m { [33mHero[0m } [36mfrom[0m [32m"@/components/home/Hero"[0m;
  [90m  |[0m [31m[1m^^^^^^^^^^^^^^^^^^^^^^^^^^^^^^^^^^^^^^^^^^^^^^[0m
  [90m5 |[0m [36mimport[0m { [33mStatsSection[0m } [36mfrom[0m [32m"@/components/home/StatsSection"[0m;
  [90m6 |[0m [36mimport[0m { [33mAboutPreview[0m } [36mfrom[0m [32m"@/components/home/AboutPreview"[0m;
  [90m7 |[0m [36mimport[0m { [33mHowItWorks[0m } [36mfrom[0m [32m"@/components/home/HowItWorks"[0m;

Import map: aliased to relative './src/components/home/Hero' inside of [project]/


Import traces:
  Client Component Browser:
    ./src/app/page.tsx [Client Component Browser]
    ./src/app/page.tsx [Server Component]

  Client Component SSR:
    ./src/app/page.tsx [Client Component SSR]
    ./src/app/page.tsx [Server Component]

https://nextjs.org/docs/messages/module-not-found


⨯ ./src/app/page.tsx:4:1
Error: Module not found: Can't resolve '@/components/home/Hero'
  [90m2 |[0m
  [90m3 |[0m [36mimport[0m { useEffect } [36mfrom[0m [32m"react"[0m;
[31m[1m>[0m [90m4 |[0m [36mimport[0m { [33mHero[0m } [36mfrom[0m [32m"@/components/home/Hero"[0m;
  [90m  |[0m [31m[1m^^^^^^^^^^^^^^^^^^^^^^^^^^^^^^^^^^^^^^^^^^^^^^[0m
  [90m5 |[0m [36mimport[0m { [33mStatsSection[0m } [36mfrom[0m [32m"@/components/home/StatsSection"[0m;
  [90m6 |[0m [36mimport[0m { [33mAboutPreview[0m } [36mfrom[0m [32m"@/components/home/AboutPreview"[0m;
  [90m7 |[0m [36mimport[0m { [33mHowItWorks[0m } [36mfrom[0m [32m"@/components/home/HowItWorks"[0m;

Import map: aliased to relative './src/components/home/Hero' inside of [project]/


Import traces:
  Client Component Browser:
    ./src/app/page.tsx [Client Component Browser]
    ./src/app/page.tsx [Server Component]

  Client Component SSR:
    ./src/app/page.tsx [Client Component SSR]
    ./src/app/page.tsx [Server Component]

https://nextjs.org/docs/messages/module-not-found


⨯ ./src/app/page.tsx:4:1
Error: Module not found: Can't resolve '@/components/home/Hero'
  [90m2 |[0m
  [90m3 |[0m [36mimport[0m { useEffect } [36mfrom[0m [32m"react"[0m;
[31m[1m>[0m [90m4 |[0m [36mimport[0m { [33mHero[0m } [36mfrom[0m [32m"@/components/home/Hero"[0m;
  [90m  |[0m [31m[1m^^^^^^^^^^^^^^^^^^^^^^^^^^^^^^^^^^^^^^^^^^^^^^[0m
  [90m5 |[0m [36mimport[0m { [33mStatsSection[0m } [36mfrom[0m [32m"@/components/home/StatsSection"[0m;
  [90m6 |[0m [36mimport[0m { [33mAboutPreview[0m } [36mfrom[0m [32m"@/components/home/AboutPreview"[0m;
  [90m7 |[0m [36mimport[0m { [33mHowItWorks[0m } [36mfrom[0m [32m"@/components/home/HowItWorks"[0m;

Import map: aliased to relative './src/components/home/Hero' inside of [project]/


Import traces:
  Client Component Browser:
    ./src/app/page.tsx [Client Component Browser]
    ./src/app/page.tsx [Server Component]

  Client Component SSR:
    ./src/app/page.tsx [Client Component SSR]
    ./src/app/page.tsx [Server Component]

https://nextjs.org/docs/messages/module-not-found


⨯ ./src/app/page.tsx:4:1
Error: Module not found: Can't resolve '@/components/home/Hero'
  [90m2 |[0m
  [90m3 |[0m [36mimport[0m { useEffect } [36mfrom[0m [32m"react"[0m;
[31m[1m>[0m [90m4 |[0m [36mimport[0m { [33mHero[0m } [36mfrom[0m [32m"@/components/home/Hero"[0m;
  [90m  |[0m [31m[1m^^^^^^^^^^^^^^^^^^^^^^^^^^^^^^^^^^^^^^^^^^^^^^[0m
  [90m5 |[0m [36mimport[0m { [33mStatsSection[0m } [36mfrom[0m [32m"@/components/home/StatsSection"[0m;
  [90m6 |[0m [36mimport[0m { [33mAboutPreview[0m } [36mfrom[0m [32m"@/components/home/AboutPreview"[0m;
  [90m7 |[0m [36mimport[0m { [33mHowItWorks[0m } [36mfrom[0m [32m"@/components/home/HowItWorks"[0m;

Import map: aliased to relative './src/components/home/Hero' inside of [project]/


Import traces:
  Client Component Browser:
    ./src/app/page.tsx [Client Component Browser]
    ./src/app/page.tsx [Server Component]

  Client Component SSR:
    ./src/app/page.tsx [Client Component SSR]
    ./src/app/page.tsx [Server Component]

https://nextjs.org/docs/messages/module-not-found


⨯ ./src/app/page.tsx:4:1
Error: Module not found: Can't resolve '@/components/home/Hero'
  [90m2 |[0m
  [90m3 |[0m [36mimport[0m { useEffect } [36mfrom[0m [32m"react"[0m;
[31m[1m>[0m [90m4 |[0m [36mimport[0m { [33mHero[0m } [36mfrom[0m [32m"@/components/home/Hero"[0m;
  [90m  |[0m [31m[1m^^^^^^^^^^^^^^^^^^^^^^^^^^^^^^^^^^^^^^^^^^^^^^[0m
  [90m5 |[0m [36mimport[0m { [33mStatsSection[0m } [36mfrom[0m [32m"@/components/home/StatsSection"[0m;
  [90m6 |[0m [36mimport[0m { [33mAboutPreview[0m } [36mfrom[0m [32m"@/components/home/AboutPreview"[0m;
  [90m7 |[0m [36mimport[0m { [33mHowItWorks[0m } [36mfrom[0m [32m"@/components/home/HowItWorks"[0m;

Import map: aliased to relative './src/components/home/Hero' inside of [project]/


Import traces:
  Client Component Browser:
    ./src/app/page.tsx [Client Component Browser]
    ./src/app/page.tsx [Server Component]

  Client Component SSR:
    ./src/app/page.tsx [Client Component SSR]
    ./src/app/page.tsx [Server Component]

https://nextjs.org/docs/messages/module-not-found


⨯ ./src/app/page.tsx:4:1
Error: Module not found: Can't resolve '@/components/home/Hero'
  [90m2 |[0m
  [90m3 |[0m [36mimport[0m { useEffect } [36mfrom[0m [32m"react"[0m;
[31m[1m>[0m [90m4 |[0m [36mimport[0m { [33mHero[0m } [36mfrom[0m [32m"@/components/home/Hero"[0m;
  [90m  |[0m [31m[1m^^^^^^^^^^^^^^^^^^^^^^^^^^^^^^^^^^^^^^^^^^^^^^[0m
  [90m5 |[0m [36mimport[0m { [33mStatsSection[0m } [36mfrom[0m [32m"@/components/home/StatsSection"[0m;
  [90m6 |[0m [36mimport[0m { [33mAboutPreview[0m } [36mfrom[0m [32m"@/components/home/AboutPreview"[0m;
  [90m7 |[0m [36mimport[0m { [33mHowItWorks[0m } [36mfrom[0m [32m"@/components/home/HowItWorks"[0m;

Import map: aliased to relative './src/components/home/Hero' inside of [project]/


Import traces:
  Client Component Browser:
    ./src/app/page.tsx [Client Component Browser]
    ./src/app/page.tsx [Server Component]

  Client Component SSR:
    ./src/app/page.tsx [Client Component SSR]
    ./src/app/page.tsx [Server Component]

https://nextjs.org/docs/messages/module-not-found


⨯ ./src/app/page.tsx:4:1
Error: Module not found: Can't resolve '@/components/home/Hero'
  [90m2 |[0m
  [90m3 |[0m [36mimport[0m { useEffect } [36mfrom[0m [32m"react"[0m;
[31m[1m>[0m [90m4 |[0m [36mimport[0m { [33mHero[0m } [36mfrom[0m [32m"@/components/home/Hero"[0m;
  [90m  |[0m [31m[1m^^^^^^^^^^^^^^^^^^^^^^^^^^^^^^^^^^^^^^^^^^^^^^[0m
  [90m5 |[0m [36mimport[0m { [33mStatsSection[0m } [36mfrom[0m [32m"@/components/home/StatsSection"[0m;
  [90m6 |[0m [36mimport[0m { [33mAboutPreview[0m } [36mfrom[0m [32m"@/components/home/AboutPreview"[0m;
  [90m7 |[0m [36mimport[0m { [33mHowItWorks[0m } [36mfrom[0m [32m"@/components/home/HowItWorks"[0m;

Import map: aliased to relative './src/components/home/Hero' inside of [project]/


Import traces:
  Client Component Browser:
    ./src/app/page.tsx [Client Component Browser]
    ./src/app/page.tsx [Server Component]

  Client Component SSR:
    ./src/app/page.tsx [Client Component SSR]
    ./src/app/page.tsx [Server Component]

https://nextjs.org/docs/messages/module-not-found


⨯ ./src/app/page.tsx:4:1
Error: Module not found: Can't resolve '@/components/home/Hero'
  [90m2 |[0m
  [90m3 |[0m [36mimport[0m { useEffect } [36mfrom[0m [32m"react"[0m;
[31m[1m>[0m [90m4 |[0m [36mimport[0m { [33mHero[0m } [36mfrom[0m [32m"@/components/home/Hero"[0m;
  [90m  |[0m [31m[1m^^^^^^^^^^^^^^^^^^^^^^^^^^^^^^^^^^^^^^^^^^^^^^[0m
  [90m5 |[0m [36mimport[0m { [33mStatsSection[0m } [36mfrom[0m [32m"@/components/home/StatsSection"[0m;
  [90m6 |[0m [36mimport[0m { [33mAboutPreview[0m } [36mfrom[0m [32m"@/components/home/AboutPreview"[0m;
  [90m7 |[0m [36mimport[0m { [33mHowItWorks[0m } [36mfrom[0m [32m"@/components/home/HowItWorks"[0m;

Import map: aliased to relative './src/components/home/Hero' inside of [project]/


Import traces:
  Client Component Browser:
    ./src/app/page.tsx [Client Component Browser]
    ./src/app/page.tsx [Server Component]

  Client Component SSR:
    ./src/app/page.tsx [Client Component SSR]
    ./src/app/page.tsx [Server Component]

https://nextjs.org/docs/messages/module-not-found


⨯ ./src/app/page.tsx:4:1
Error: Module not found: Can't resolve '@/components/home/Hero'
  [90m2 |[0m
  [90m3 |[0m [36mimport[0m { useEffect } [36mfrom[0m [32m"react"[0m;
[31m[1m>[0m [90m4 |[0m [36mimport[0m { [33mHero[0m } [36mfrom[0m [32m"@/components/home/Hero"[0m;
  [90m  |[0m [31m[1m^^^^^^^^^^^^^^^^^^^^^^^^^^^^^^^^^^^^^^^^^^^^^^[0m
  [90m5 |[0m [36mimport[0m { [33mStatsSection[0m } [36mfrom[0m [32m"@/components/home/StatsSection"[0m;
  [90m6 |[0m [36mimport[0m { [33mAboutPreview[0m } [36mfrom[0m [32m"@/components/home/AboutPreview"[0m;
  [90m7 |[0m [36mimport[0m { [33mHowItWorks[0m } [36mfrom[0m [32m"@/components/home/HowItWorks"[0m;

Import map: aliased to relative './src/components/home/Hero' inside of [project]/


Import traces:
  Client Component Browser:
    ./src/app/page.tsx [Client Component Browser]
    ./src/app/page.tsx [Server Component]

  Client Component SSR:
    ./src/app/page.tsx [Client Component SSR]
    ./src/app/page.tsx [Server Component]

https://nextjs.org/docs/messages/module-not-found


⨯ ./src/app/page.tsx:4:1
Error: Module not found: Can't resolve '@/components/home/Hero'
  [90m2 |[0m
  [90m3 |[0m [36mimport[0m { useEffect } [36mfrom[0m [32m"react"[0m;
[31m[1m>[0m [90m4 |[0m [36mimport[0m { [33mHero[0m } [36mfrom[0m [32m"@/components/home/Hero"[0m;
  [90m  |[0m [31m[1m^^^^^^^^^^^^^^^^^^^^^^^^^^^^^^^^^^^^^^^^^^^^^^[0m
  [90m5 |[0m [36mimport[0m { [33mStatsSection[0m } [36mfrom[0m [32m"@/components/home/StatsSection"[0m;
  [90m6 |[0m [36mimport[0m { [33mAboutPreview[0m } [36mfrom[0m [32m"@/components/home/AboutPreview"[0m;
  [90m7 |[0m [36mimport[0m { [33mHowItWorks[0m } [36mfrom[0m [32m"@/components/home/HowItWorks"[0m;

Import map: aliased to relative './src/components/home/Hero' inside of [project]/


Import traces:
  Client Component Browser:
    ./src/app/page.tsx [Client Component Browser]
    ./src/app/page.tsx [Server Component]

  Client Component SSR:
    ./src/app/page.tsx [Client Component SSR]
    ./src/app/page.tsx [Server Component]

https://nextjs.org/docs/messages/module-not-found


⨯ ./src/app/page.tsx:4:1
Error: Module not found: Can't resolve '@/components/home/Hero'
  [90m2 |[0m
  [90m3 |[0m [36mimport[0m { useEffect } [36mfrom[0m [32m"react"[0m;
[31m[1m>[0m [90m4 |[0m [36mimport[0m { [33mHero[0m } [36mfrom[0m [32m"@/components/home/Hero"[0m;
  [90m  |[0m [31m[1m^^^^^^^^^^^^^^^^^^^^^^^^^^^^^^^^^^^^^^^^^^^^^^[0m
  [90m5 |[0m [36mimport[0m { [33mStatsSection[0m } [36mfrom[0m [32m"@/components/home/StatsSection"[0m;
  [90m6 |[0m [36mimport[0m { [33mAboutPreview[0m } [36mfrom[0m [32m"@/components/home/AboutPreview"[0m;
  [90m7 |[0m [36mimport[0m { [33mHowItWorks[0m } [36mfrom[0m [32m"@/components/home/HowItWorks"[0m;

Import map: aliased to relative './src/components/home/Hero' inside of [project]/


Import traces:
  Client Component Browser:
    ./src/app/page.tsx [Client Component Browser]
    ./src/app/page.tsx [Server Component]

  Client Component SSR:
    ./src/app/page.tsx [Client Component SSR]
    ./src/app/page.tsx [Server Component]

https://nextjs.org/docs/messages/module-not-found


⨯ ./src/app/page.tsx:4:1
Error: Module not found: Can't resolve '@/components/home/Hero'
  [90m2 |[0m
  [90m3 |[0m [36mimport[0m { useEffect } [36mfrom[0m [32m"react"[0m;
[31m[1m>[0m [90m4 |[0m [36mimport[0m { [33mHero[0m } [36mfrom[0m [32m"@/components/home/Hero"[0m;
  [90m  |[0m [31m[1m^^^^^^^^^^^^^^^^^^^^^^^^^^^^^^^^^^^^^^^^^^^^^^[0m
  [90m5 |[0m [36mimport[0m { [33mStatsSection[0m } [36mfrom[0m [32m"@/components/home/StatsSection"[0m;
  [90m6 |[0m [36mimport[0m { [33mAboutPreview[0m } [36mfrom[0m [32m"@/components/home/AboutPreview"[0m;
  [90m7 |[0m [36mimport[0m { [33mHowItWorks[0m } [36mfrom[0m [32m"@/components/home/HowItWorks"[0m;

Import map: aliased to relative './src/components/home/Hero' inside of [project]/


Import traces:
  Client Component Browser:
    ./src/app/page.tsx [Client Component Browser]
    ./src/app/page.tsx [Server Component]

  Client Component SSR:
    ./src/app/page.tsx [Client Component SSR]
    ./src/app/page.tsx [Server Component]

https://nextjs.org/docs/messages/module-not-found


⨯ ./src/app/page.tsx:4:1
Error: Module not found: Can't resolve '@/components/home/Hero'
  [90m2 |[0m
  [90m3 |[0m [36mimport[0m { useEffect } [36mfrom[0m [32m"react"[0m;
[31m[1m>[0m [90m4 |[0m [36mimport[0m { [33mHero[0m } [36mfrom[0m [32m"@/components/home/Hero"[0m;
  [90m  |[0m [31m[1m^^^^^^^^^^^^^^^^^^^^^^^^^^^^^^^^^^^^^^^^^^^^^^[0m
  [90m5 |[0m [36mimport[0m { [33mStatsSection[0m } [36mfrom[0m [32m"@/components/home/StatsSection"[0m;
  [90m6 |[0m [36mimport[0m { [33mAboutPreview[0m } [36mfrom[0m [32m"@/components/home/AboutPreview"[0m;
  [90m7 |[0m [36mimport[0m { [33mHowItWorks[0m } [36mfrom[0m [32m"@/components/home/HowItWorks"[0m;

Import map: aliased to relative './src/components/home/Hero' inside of [project]/


Import traces:
  Client Component Browser:
    ./src/app/page.tsx [Client Component Browser]
    ./src/app/page.tsx [Server Component]

  Client Component SSR:
    ./src/app/page.tsx [Client Component SSR]
    ./src/app/page.tsx [Server Component]

https://nextjs.org/docs/messages/module-not-found


[browser] ./src/app/page.tsx:4:1
Error: Module not found: Can't resolve '@/components/home/Hero'
  2 |
  3 | import { useEffect } from "react";
> 4 | import { Hero } from "@/components/home/Hero";
    | ^^^^^^^^^^^^^^^^^^^^^^^^^^^^^^^^^^^^^^^^^^^^^^
  5 | import { StatsSection } from "@/components/home/StatsSection";
  6 | import { AboutPreview } from "@/components/home/AboutPreview";
  7 | import { HowItWorks } from "@/components/home/HowItWorks";

Import map: aliased to relative './src/components/home/Hero' inside of [project]/

Import traces:
  Client Component Browser:
    ./src/app/page.tsx [Client Component Browser]
    ./src/app/page.tsx [Server Component]

  Client Component SSR:
    ./src/app/page.tsx [Client Component SSR]
    ./src/app/page.tsx [Server Component]

https://nextjs.org/docs/messages/module-not-found 
[browser] Detected `scroll-behavior: smooth` on the `<html>` element. To disable smooth scrolling during route transitions, add `data-scroll-behavior="smooth"` to your <html> element. Learn more: https://nextjs.org/docs/messages/missing-data-scroll-behavior
⨯ ./src/app/page.tsx:4:1
Error: Module not found: Can't resolve '@/components/home/Hero'
  [90m2 |[0m
  [90m3 |[0m [36mimport[0m { useEffect } [36mfrom[0m [32m"react"[0m;
[31m[1m>[0m [90m4 |[0m [36mimport[0m { [33mHero[0m } [36mfrom[0m [32m"@/components/home/Hero"[0m;
  [90m  |[0m [31m[1m^^^^^^^^^^^^^^^^^^^^^^^^^^^^^^^^^^^^^^^^^^^^^^[0m
  [90m5 |[0m
  [90m6 |[0m [36mexport[0m [36mdefault[0m [36mfunction[0m [33mHomePage[0m() {
  [90m7 |[0m   useEffect(() => {

Import map: aliased to relative './src/components/home/Hero' inside of [project]/


Import traces:
  Client Component Browser:
    ./src/app/page.tsx [Client Component Browser]
    ./src/app/page.tsx [Server Component]

  Client Component SSR:
    ./src/app/page.tsx [Client Component SSR]
    ./src/app/page.tsx [Server Component]

https://nextjs.org/docs/messages/module-not-found


⨯ ./src/app/page.tsx:4:1
Error: Module not found: Can't resolve '@/components/home/Hero'
  [90m2 |[0m
  [90m3 |[0m [36mimport[0m { useEffect } [36mfrom[0m [32m"react"[0m;
[31m[1m>[0m [90m4 |[0m [36mimport[0m { [33mHero[0m } [36mfrom[0m [32m"@/components/home/Hero"[0m;
  [90m  |[0m [31m[1m^^^^^^^^^^^^^^^^^^^^^^^^^^^^^^^^^^^^^^^^^^^^^^[0m
  [90m5 |[0m
  [90m6 |[0m [36mexport[0m [36mdefault[0m [36mfunction[0m [33mHomePage[0m() {
  [90m7 |[0m   useEffect(() => {

Import map: aliased to relative './src/components/home/Hero' inside of [project]/


Import traces:
  Client Component Browser:
    ./src/app/page.tsx [Client Component Browser]
    ./src/app/page.tsx [Server Component]

  Client Component SSR:
    ./src/app/page.tsx [Client Component SSR]
    ./src/app/page.tsx [Server Component]

https://nextjs.org/docs/messages/module-not-found


⨯ ./src/app/page.tsx:4:1
Error: Module not found: Can't resolve '@/components/home/Hero'
  [90m2 |[0m
  [90m3 |[0m [36mimport[0m { useEffect } [36mfrom[0m [32m"react"[0m;
[31m[1m>[0m [90m4 |[0m [36mimport[0m { [33mHero[0m } [36mfrom[0m [32m"@/components/home/Hero"[0m;
  [90m  |[0m [31m[1m^^^^^^^^^^^^^^^^^^^^^^^^^^^^^^^^^^^^^^^^^^^^^^[0m
  [90m5 |[0m
  [90m6 |[0m [36mexport[0m [36mdefault[0m [36mfunction[0m [33mHomePage[0m() {
  [90m7 |[0m   useEffect(() => {

Import map: aliased to relative './src/components/home/Hero' inside of [project]/


Import traces:
  Client Component Browser:
    ./src/app/page.tsx [Client Component Browser]
    ./src/app/page.tsx [Server Component]

  Client Component SSR:
    ./src/app/page.tsx [Client Component SSR]
    ./src/app/page.tsx [Server Component]

https://nextjs.org/docs/messages/module-not-found


⨯ ./src/app/page.tsx:4:1
Error: Module not found: Can't resolve '@/components/home/Hero'
  [90m2 |[0m
  [90m3 |[0m [36mimport[0m { useEffect } [36mfrom[0m [32m"react"[0m;
[31m[1m>[0m [90m4 |[0m [36mimport[0m { [33mHero[0m } [36mfrom[0m [32m"@/components/home/Hero"[0m;
  [90m  |[0m [31m[1m^^^^^^^^^^^^^^^^^^^^^^^^^^^^^^^^^^^^^^^^^^^^^^[0m
  [90m5 |[0m
  [90m6 |[0m [36mexport[0m [36mdefault[0m [36mfunction[0m [33mHomePage[0m() {
  [90m7 |[0m   useEffect(() => {

Import map: aliased to relative './src/components/home/Hero' inside of [project]/


Import traces:
  Client Component Browser:
    ./src/app/page.tsx [Client Component Browser]
    ./src/app/page.tsx [Server Component]

  Client Component SSR:
    ./src/app/page.tsx [Client Component SSR]
    ./src/app/page.tsx [Server Component]

https://nextjs.org/docs/messages/module-not-found


⨯ ./src/app/page.tsx:4:1
Error: Module not found: Can't resolve '@/components/home/Hero'
  [90m2 |[0m
  [90m3 |[0m [36mimport[0m { useEffect } [36mfrom[0m [32m"react"[0m;
[31m[1m>[0m [90m4 |[0m [36mimport[0m { [33mHero[0m } [36mfrom[0m [32m"@/components/home/Hero"[0m;
  [90m  |[0m [31m[1m^^^^^^^^^^^^^^^^^^^^^^^^^^^^^^^^^^^^^^^^^^^^^^[0m
  [90m5 |[0m
  [90m6 |[0m [36mexport[0m [36mdefault[0m [36mfunction[0m [33mHomePage[0m() {
  [90m7 |[0m   useEffect(() => {

Import map: aliased to relative './src/components/home/Hero' inside of [project]/


Import traces:
  Client Component Browser:
    ./src/app/page.tsx [Client Component Browser]
    ./src/app/page.tsx [Server Component]

  Client Component SSR:
    ./src/app/page.tsx [Client Component SSR]
    ./src/app/page.tsx [Server Component]

https://nextjs.org/docs/messages/module-not-found


⨯ ./src/app/page.tsx:4:1
Error: Module not found: Can't resolve '@/components/home/Hero'
  [90m2 |[0m
  [90m3 |[0m [36mimport[0m { useEffect } [36mfrom[0m [32m"react"[0m;
[31m[1m>[0m [90m4 |[0m [36mimport[0m { [33mHero[0m } [36mfrom[0m [32m"@/components/home/Hero"[0m;
  [90m  |[0m [31m[1m^^^^^^^^^^^^^^^^^^^^^^^^^^^^^^^^^^^^^^^^^^^^^^[0m
  [90m5 |[0m
  [90m6 |[0m [36mexport[0m [36mdefault[0m [36mfunction[0m [33mHomePage[0m() {
  [90m7 |[0m   useEffect(() => {

Import map: aliased to relative './src/components/home/Hero' inside of [project]/


Import traces:
  Client Component Browser:
    ./src/app/page.tsx [Client Component Browser]
    ./src/app/page.tsx [Server Component]

  Client Component SSR:
    ./src/app/page.tsx [Client Component SSR]
    ./src/app/page.tsx [Server Component]

https://nextjs.org/docs/messages/module-not-found


⨯ ./src/app/page.tsx:4:1
Error: Module not found: Can't resolve '@/components/home/Hero'
  [90m2 |[0m
  [90m3 |[0m [36mimport[0m { useEffect } [36mfrom[0m [32m"react"[0m;
[31m[1m>[0m [90m4 |[0m [36mimport[0m { [33mHero[0m } [36mfrom[0m [32m"@/components/home/Hero"[0m;
  [90m  |[0m [31m[1m^^^^^^^^^^^^^^^^^^^^^^^^^^^^^^^^^^^^^^^^^^^^^^[0m
  [90m5 |[0m
  [90m6 |[0m [36mexport[0m [36mdefault[0m [36mfunction[0m [33mHomePage[0m() {
  [90m7 |[0m   useEffect(() => {

Import map: aliased to relative './src/components/home/Hero' inside of [project]/


Import traces:
  Client Component Browser:
    ./src/app/page.tsx [Client Component Browser]
    ./src/app/page.tsx [Server Component]

  Client Component SSR:
    ./src/app/page.tsx [Client Component SSR]
    ./src/app/page.tsx [Server Component]

https://nextjs.org/docs/messages/module-not-found


⨯ ./src/app/page.tsx:4:1
Error: Module not found: Can't resolve '@/components/home/Hero'
  [90m2 |[0m
  [90m3 |[0m [36mimport[0m { useEffect } [36mfrom[0m [32m"react"[0m;
[31m[1m>[0m [90m4 |[0m [36mimport[0m { [33mHero[0m } [36mfrom[0m [32m"@/components/home/Hero"[0m;
  [90m  |[0m [31m[1m^^^^^^^^^^^^^^^^^^^^^^^^^^^^^^^^^^^^^^^^^^^^^^[0m
  [90m5 |[0m
  [90m6 |[0m [36mexport[0m [36mdefault[0m [36mfunction[0m [33mHomePage[0m() {
  [90m7 |[0m   useEffect(() => {

Import map: aliased to relative './src/components/home/Hero' inside of [project]/


Import traces:
  Client Component Browser:
    ./src/app/page.tsx [Client Component Browser]
    ./src/app/page.tsx [Server Component]

  Client Component SSR:
    ./src/app/page.tsx [Client Component SSR]
    ./src/app/page.tsx [Server Component]

https://nextjs.org/docs/messages/module-not-found


⨯ ./src/app/page.tsx:4:1
Error: Module not found: Can't resolve '@/components/home/Hero'
  [90m2 |[0m
  [90m3 |[0m [36mimport[0m { useEffect } [36mfrom[0m [32m"react"[0m;
[31m[1m>[0m [90m4 |[0m [36mimport[0m { [33mHero[0m } [36mfrom[0m [32m"@/components/home/Hero"[0m;
  [90m  |[0m [31m[1m^^^^^^^^^^^^^^^^^^^^^^^^^^^^^^^^^^^^^^^^^^^^^^[0m
  [90m5 |[0m
  [90m6 |[0m [36mexport[0m [36mdefault[0m [36mfunction[0m [33mHomePage[0m() {
  [90m7 |[0m   useEffect(() => {

Import map: aliased to relative './src/components/home/Hero' inside of [project]/


Import traces:
  Client Component Browser:
    ./src/app/page.tsx [Client Component Browser]
    ./src/app/page.tsx [Server Component]

  Client Component SSR:
    ./src/app/page.tsx [Client Component SSR]
    ./src/app/page.tsx [Server Component]

https://nextjs.org/docs/messages/module-not-found


⨯ ./src/app/page.tsx:4:1
Error: Module not found: Can't resolve '@/components/home/Hero'
  [90m2 |[0m
  [90m3 |[0m [36mimport[0m { useEffect } [36mfrom[0m [32m"react"[0m;
[31m[1m>[0m [90m4 |[0m [36mimport[0m { [33mHero[0m } [36mfrom[0m [32m"@/components/home/Hero"[0m;
  [90m  |[0m [31m[1m^^^^^^^^^^^^^^^^^^^^^^^^^^^^^^^^^^^^^^^^^^^^^^[0m
  [90m5 |[0m
  [90m6 |[0m [36mexport[0m [36mdefault[0m [36mfunction[0m [33mHomePage[0m() {
  [90m7 |[0m   useEffect(() => {

Import map: aliased to relative './src/components/home/Hero' inside of [project]/


Import traces:
  Client Component Browser:
    ./src/app/page.tsx [Client Component Browser]
    ./src/app/page.tsx [Server Component]

  Client Component SSR:
    ./src/app/page.tsx [Client Component SSR]
    ./src/app/page.tsx [Server Component]

https://nextjs.org/docs/messages/module-not-found


⨯ ./src/app/page.tsx:4:1
Error: Module not found: Can't resolve '@/components/home/Hero'
  [90m2 |[0m
  [90m3 |[0m [36mimport[0m { useEffect } [36mfrom[0m [32m"react"[0m;
[31m[1m>[0m [90m4 |[0m [36mimport[0m { [33mHero[0m } [36mfrom[0m [32m"@/components/home/Hero"[0m;
  [90m  |[0m [31m[1m^^^^^^^^^^^^^^^^^^^^^^^^^^^^^^^^^^^^^^^^^^^^^^[0m
  [90m5 |[0m
  [90m6 |[0m [36mexport[0m [36mdefault[0m [36mfunction[0m [33mHomePage[0m() {
  [90m7 |[0m   useEffect(() => {

Import map: aliased to relative './src/components/home/Hero' inside of [project]/


Import traces:
  Client Component Browser:
    ./src/app/page.tsx [Client Component Browser]
    ./src/app/page.tsx [Server Component]

  Client Component SSR:
    ./src/app/page.tsx [Client Component SSR]
    ./src/app/page.tsx [Server Component]

https://nextjs.org/docs/messages/module-not-found


⨯ ./src/app/page.tsx:4:1
Error: Module not found: Can't resolve '@/components/home/Hero'
  [90m2 |[0m
  [90m3 |[0m [36mimport[0m { useEffect } [36mfrom[0m [32m"react"[0m;
[31m[1m>[0m [90m4 |[0m [36mimport[0m { [33mHero[0m } [36mfrom[0m [32m"@/components/home/Hero"[0m;
  [90m  |[0m [31m[1m^^^^^^^^^^^^^^^^^^^^^^^^^^^^^^^^^^^^^^^^^^^^^^[0m
  [90m5 |[0m
  [90m6 |[0m [36mexport[0m [36mdefault[0m [36mfunction[0m [33mHomePage[0m() {
  [90m7 |[0m   useEffect(() => {

Import map: aliased to relative './src/components/home/Hero' inside of [project]/


Import traces:
  Client Component Browser:
    ./src/app/page.tsx [Client Component Browser]
    ./src/app/page.tsx [Server Component]

  Client Component SSR:
    ./src/app/page.tsx [Client Component SSR]
    ./src/app/page.tsx [Server Component]

https://nextjs.org/docs/messages/module-not-found


⨯ ./src/app/page.tsx:4:1
Error: Module not found: Can't resolve '@/components/home/Hero'
  [90m2 |[0m
  [90m3 |[0m [36mimport[0m { useEffect } [36mfrom[0m [32m"react"[0m;
[31m[1m>[0m [90m4 |[0m [36mimport[0m { [33mHero[0m } [36mfrom[0m [32m"@/components/home/Hero"[0m;
  [90m  |[0m [31m[1m^^^^^^^^^^^^^^^^^^^^^^^^^^^^^^^^^^^^^^^^^^^^^^[0m
  [90m5 |[0m
  [90m6 |[0m [36mexport[0m [36mdefault[0m [36mfunction[0m [33mHomePage[0m() {
  [90m7 |[0m   useEffect(() => {

Import map: aliased to relative './src/components/home/Hero' inside of [project]/


Import traces:
  Client Component Browser:
    ./src/app/page.tsx [Client Component Browser]
    ./src/app/page.tsx [Server Component]

  Client Component SSR:
    ./src/app/page.tsx [Client Component SSR]
    ./src/app/page.tsx [Server Component]

https://nextjs.org/docs/messages/module-not-found


⨯ ./src/app/page.tsx:4:1
Error: Module not found: Can't resolve '@/components/home/Hero'
  [90m2 |[0m
  [90m3 |[0m [36mimport[0m { useEffect } [36mfrom[0m [32m"react"[0m;
[31m[1m>[0m [90m4 |[0m [36mimport[0m { [33mHero[0m } [36mfrom[0m [32m"@/components/home/Hero"[0m;
  [90m  |[0m [31m[1m^^^^^^^^^^^^^^^^^^^^^^^^^^^^^^^^^^^^^^^^^^^^^^[0m
  [90m5 |[0m
  [90m6 |[0m [36mexport[0m [36mdefault[0m [36mfunction[0m [33mHomePage[0m() {
  [90m7 |[0m   useEffect(() => {

Import map: aliased to relative './src/components/home/Hero' inside of [project]/


Import traces:
  Client Component Browser:
    ./src/app/page.tsx [Client Component Browser]
    ./src/app/page.tsx [Server Component]

  Client Component SSR:
    ./src/app/page.tsx [Client Component SSR]
    ./src/app/page.tsx [Server Component]

https://nextjs.org/docs/messages/module-not-found


⨯ ./src/app/page.tsx:4:1
Error: Module not found: Can't resolve '@/components/home/Hero'
  [90m2 |[0m
  [90m3 |[0m [36mimport[0m { useEffect } [36mfrom[0m [32m"react"[0m;
[31m[1m>[0m [90m4 |[0m [36mimport[0m { [33mHero[0m } [36mfrom[0m [32m"@/components/home/Hero"[0m;
  [90m  |[0m [31m[1m^^^^^^^^^^^^^^^^^^^^^^^^^^^^^^^^^^^^^^^^^^^^^^[0m
  [90m5 |[0m
  [90m6 |[0m [36mexport[0m [36mdefault[0m [36mfunction[0m [33mHomePage[0m() {
  [90m7 |[0m   useEffect(() => {

Import map: aliased to relative './src/components/home/Hero' inside of [project]/


Import traces:
  Client Component Browser:
    ./src/app/page.tsx [Client Component Browser]
    ./src/app/page.tsx [Server Component]

  Client Component SSR:
    ./src/app/page.tsx [Client Component SSR]
    ./src/app/page.tsx [Server Component]

https://nextjs.org/docs/messages/module-not-found


⨯ ./src/app/page.tsx:4:1
Error: Module not found: Can't resolve '@/components/home/Hero'
  [90m2 |[0m
  [90m3 |[0m [36mimport[0m { useEffect } [36mfrom[0m [32m"react"[0m;
[31m[1m>[0m [90m4 |[0m [36mimport[0m { [33mHero[0m } [36mfrom[0m [32m"@/components/home/Hero"[0m;
  [90m  |[0m [31m[1m^^^^^^^^^^^^^^^^^^^^^^^^^^^^^^^^^^^^^^^^^^^^^^[0m
  [90m5 |[0m
  [90m6 |[0m [36mexport[0m [36mdefault[0m [36mfunction[0m [33mHomePage[0m() {
  [90m7 |[0m   useEffect(() => {

Import map: aliased to relative './src/components/home/Hero' inside of [project]/


Import traces:
  Client Component Browser:
    ./src/app/page.tsx [Client Component Browser]
    ./src/app/page.tsx [Server Component]

  Client Component SSR:
    ./src/app/page.tsx [Client Component SSR]
    ./src/app/page.tsx [Server Component]

https://nextjs.org/docs/messages/module-not-found


[browser] ./src/app/page.tsx:4:1
Error: Module not found: Can't resolve '@/components/home/Hero'
  2 |
  3 | import { useEffect } from "react";
> 4 | import { Hero } from "@/components/home/Hero";
    | ^^^^^^^^^^^^^^^^^^^^^^^^^^^^^^^^^^^^^^^^^^^^^^
  5 |
  6 | export default function HomePage() {
  7 |   useEffect(() => {

Import map: aliased to relative './src/components/home/Hero' inside of [project]/

Import traces:
  Client Component Browser:
    ./src/app/page.tsx [Client Component Browser]
    ./src/app/page.tsx [Server Component]

  Client Component SSR:
    ./src/app/page.tsx [Client Component SSR]
    ./src/app/page.tsx [Server Component]

https://nextjs.org/docs/messages/module-not-found 
[browser] ./src/app/page.tsx:4:1
Error: Module not found: Can't resolve '@/components/home/Hero'
  2 |
  3 | import { useEffect } from "react";
> 4 | import { Hero } from "@/components/home/Hero";
    | ^^^^^^^^^^^^^^^^^^^^^^^^^^^^^^^^^^^^^^^^^^^^^^
  5 |
  6 | export default function HomePage() {
  7 |   useEffect(() => {

Import map: aliased to relative './src/components/home/Hero' inside of [project]/

Import traces:
  Client Component Browser:
    ./src/app/page.tsx [Client Component Browser]
    ./src/app/page.tsx [Server Component]

  Client Component SSR:
    ./src/app/page.tsx [Client Component SSR]
    ./src/app/page.tsx [Server Component]

https://nextjs.org/docs/messages/module-not-found 
[browser] ./src/app/page.tsx:4:1
Error: Module not found: Can't resolve '@/components/home/Hero'
  2 |
  3 | import { useEffect } from "react";
> 4 | import { Hero } from "@/components/home/Hero";
    | ^^^^^^^^^^^^^^^^^^^^^^^^^^^^^^^^^^^^^^^^^^^^^^
  5 |
  6 | export default function HomePage() {
  7 |   useEffect(() => {

Import map: aliased to relative './src/components/home/Hero' inside of [project]/

Import traces:
  Client Component Browser:
    ./src/app/page.tsx [Client Component Browser]
    ./src/app/page.tsx [Server Component]

  Client Component SSR:
    ./src/app/page.tsx [Client Component SSR]
    ./src/app/page.tsx [Server Component]

https://nextjs.org/docs/messages/module-not-found 
[browser] ./src/app/page.tsx:4:1
Error: Module not found: Can't resolve '@/components/home/Hero'
  2 |
  3 | import { useEffect } from "react";
> 4 | import { Hero } from "@/components/home/Hero";
    | ^^^^^^^^^^^^^^^^^^^^^^^^^^^^^^^^^^^^^^^^^^^^^^
  5 |
  6 | export default function HomePage() {
  7 |   useEffect(() => {

Import map: aliased to relative './src/components/home/Hero' inside of [project]/

Import traces:
  Client Component Browser:
    ./src/app/page.tsx [Client Component Browser]
    ./src/app/page.tsx [Server Component]

  Client Component SSR:
    ./src/app/page.tsx [Client Component SSR]
    ./src/app/page.tsx [Server Component]

https://nextjs.org/docs/messages/module-not-found 
[browser] ./src/app/page.tsx:4:1
Error: Module not found: Can't resolve '@/components/home/Hero'
  2 |
  3 | import { useEffect } from "react";
> 4 | import { Hero } from "@/components/home/Hero";
    | ^^^^^^^^^^^^^^^^^^^^^^^^^^^^^^^^^^^^^^^^^^^^^^
  5 |
  6 | export default function HomePage() {
  7 |   useEffect(() => {

Import map: aliased to relative './src/components/home/Hero' inside of [project]/

Import traces:
  Client Component Browser:
    ./src/app/page.tsx [Client Component Browser]
    ./src/app/page.tsx [Server Component]

  Client Component SSR:
    ./src/app/page.tsx [Client Component SSR]
    ./src/app/page.tsx [Server Component]

https://nextjs.org/docs/messages/module-not-found 
[browser] ./src/app/page.tsx:4:1
Error: Module not found: Can't resolve '@/components/home/Hero'
  2 |
  3 | import { useEffect } from "react";
> 4 | import { Hero } from "@/components/home/Hero";
    | ^^^^^^^^^^^^^^^^^^^^^^^^^^^^^^^^^^^^^^^^^^^^^^
  5 |
  6 | export default function HomePage() {
  7 |   useEffect(() => {

Import map: aliased to relative './src/components/home/Hero' inside of [project]/

Import traces:
  Client Component Browser:
    ./src/app/page.tsx [Client Component Browser]
    ./src/app/page.tsx [Server Component]

  Client Component SSR:
    ./src/app/page.tsx [Client Component SSR]
    ./src/app/page.tsx [Server Component]

https://nextjs.org/docs/messages/module-not-found 
[browser] ./src/app/page.tsx:4:1
Error: Module not found: Can't resolve '@/components/home/Hero'
  2 |
  3 | import { useEffect } from "react";
> 4 | import { Hero } from "@/components/home/Hero";
    | ^^^^^^^^^^^^^^^^^^^^^^^^^^^^^^^^^^^^^^^^^^^^^^
  5 |
  6 | export default function HomePage() {
  7 |   useEffect(() => {

Import map: aliased to relative './src/components/home/Hero' inside of [project]/

Import traces:
  Client Component Browser:
    ./src/app/page.tsx [Client Component Browser]
    ./src/app/page.tsx [Server Component]

  Client Component SSR:
    ./src/app/page.tsx [Client Component SSR]
    ./src/app/page.tsx [Server Component]

https://nextjs.org/docs/messages/module-not-found 
[browser] ./src/app/page.tsx:4:1
Error: Module not found: Can't resolve '@/components/home/Hero'
  2 |
  3 | import { useEffect } from "react";
> 4 | import { Hero } from "@/components/home/Hero";
    | ^^^^^^^^^^^^^^^^^^^^^^^^^^^^^^^^^^^^^^^^^^^^^^
  5 |
  6 | export default function HomePage() {
  7 |   useEffect(() => {

Import map: aliased to relative './src/components/home/Hero' inside of [project]/

Import traces:
  Client Component Browser:
    ./src/app/page.tsx [Client Component Browser]
    ./src/app/page.tsx [Server Component]

  Client Component SSR:
    ./src/app/page.tsx [Client Component SSR]
    ./src/app/page.tsx [Server Component]

https://nextjs.org/docs/messages/module-not-found 
[browser] ./src/app/page.tsx:4:1
Error: Module not found: Can't resolve '@/components/home/Hero'
  2 |
  3 | import { useEffect } from "react";
> 4 | import { Hero } from "@/components/home/Hero";
    | ^^^^^^^^^^^^^^^^^^^^^^^^^^^^^^^^^^^^^^^^^^^^^^
  5 |
  6 | export default function HomePage() {
  7 |   useEffect(() => {

Import map: aliased to relative './src/components/home/Hero' inside of [project]/

Import traces:
  Client Component Browser:
    ./src/app/page.tsx [Client Component Browser]
    ./src/app/page.tsx [Server Component]

  Client Component SSR:
    ./src/app/page.tsx [Client Component SSR]
    ./src/app/page.tsx [Server Component]

https://nextjs.org/docs/messages/module-not-found 
[browser] ./src/app/page.tsx:4:1
Error: Module not found: Can't resolve '@/components/home/Hero'
  2 |
  3 | import { useEffect } from "react";
> 4 | import { Hero } from "@/components/home/Hero";
    | ^^^^^^^^^^^^^^^^^^^^^^^^^^^^^^^^^^^^^^^^^^^^^^
  5 |
  6 | export default function HomePage() {
  7 |   useEffect(() => {

Import map: aliased to relative './src/components/home/Hero' inside of [project]/

Import traces:
  Client Component Browser:
    ./src/app/page.tsx [Client Component Browser]
    ./src/app/page.tsx [Server Component]

  Client Component SSR:
    ./src/app/page.tsx [Client Component SSR]
    ./src/app/page.tsx [Server Component]

https://nextjs.org/docs/messages/module-not-found 
[browser] ./src/app/page.tsx:4:1
Error: Module not found: Can't resolve '@/components/home/Hero'
  2 |
  3 | import { useEffect } from "react";
> 4 | import { Hero } from "@/components/home/Hero";
    | ^^^^^^^^^^^^^^^^^^^^^^^^^^^^^^^^^^^^^^^^^^^^^^
  5 |
  6 | export default function HomePage() {
  7 |   useEffect(() => {

Import map: aliased to relative './src/components/home/Hero' inside of [project]/

Import traces:
  Client Component Browser:
    ./src/app/page.tsx [Client Component Browser]
    ./src/app/page.tsx [Server Component]

  Client Component SSR:
    ./src/app/page.tsx [Client Component SSR]
    ./src/app/page.tsx [Server Component]

https://nextjs.org/docs/messages/module-not-found 
[browser] ./src/app/page.tsx:4:1
Error: Module not found: Can't resolve '@/components/home/Hero'
  2 |
  3 | import { useEffect } from "react";
> 4 | import { Hero } from "@/components/home/Hero";
    | ^^^^^^^^^^^^^^^^^^^^^^^^^^^^^^^^^^^^^^^^^^^^^^
  5 |
  6 | export default function HomePage() {
  7 |   useEffect(() => {

Import map: aliased to relative './src/components/home/Hero' inside of [project]/

Import traces:
  Client Component Browser:
    ./src/app/page.tsx [Client Component Browser]
    ./src/app/page.tsx [Server Component]

  Client Component SSR:
    ./src/app/page.tsx [Client Component SSR]
    ./src/app/page.tsx [Server Component]

https://nextjs.org/docs/messages/module-not-found 
[browser] ./src/app/page.tsx:4:1
Error: Module not found: Can't resolve '@/components/home/Hero'
  2 |
  3 | import { useEffect } from "react";
> 4 | import { Hero } from "@/components/home/Hero";
    | ^^^^^^^^^^^^^^^^^^^^^^^^^^^^^^^^^^^^^^^^^^^^^^
  5 |
  6 | export default function HomePage() {
  7 |   useEffect(() => {

Import map: aliased to relative './src/components/home/Hero' inside of [project]/

Import traces:
  Client Component Browser:
    ./src/app/page.tsx [Client Component Browser]
    ./src/app/page.tsx [Server Component]

  Client Component SSR:
    ./src/app/page.tsx [Client Component SSR]
    ./src/app/page.tsx [Server Component]

https://nextjs.org/docs/messages/module-not-found 
[browser] ./src/app/page.tsx:4:1
Error: Module not found: Can't resolve '@/components/home/Hero'
  2 |
  3 | import { useEffect } from "react";
> 4 | import { Hero } from "@/components/home/Hero";
    | ^^^^^^^^^^^^^^^^^^^^^^^^^^^^^^^^^^^^^^^^^^^^^^
  5 |
  6 | export default function HomePage() {
  7 |   useEffect(() => {

Import map: aliased to relative './src/components/home/Hero' inside of [project]/

Import traces:
  Client Component Browser:
    ./src/app/page.tsx [Client Component Browser]
    ./src/app/page.tsx [Server Component]

  Client Component SSR:
    ./src/app/page.tsx [Client Component SSR]
    ./src/app/page.tsx [Server Component]

https://nextjs.org/docs/messages/module-not-found 
[browser] ./src/app/page.tsx:4:1
Error: Module not found: Can't resolve '@/components/home/Hero'
  2 |
  3 | import { useEffect } from "react";
> 4 | import { Hero } from "@/components/home/Hero";
    | ^^^^^^^^^^^^^^^^^^^^^^^^^^^^^^^^^^^^^^^^^^^^^^
  5 |
  6 | export default function HomePage() {
  7 |   useEffect(() => {

Import map: aliased to relative './src/components/home/Hero' inside of [project]/

Import traces:
  Client Component Browser:
    ./src/app/page.tsx [Client Component Browser]
    ./src/app/page.tsx [Server Component]

  Client Component SSR:
    ./src/app/page.tsx [Client Component SSR]
    ./src/app/page.tsx [Server Component]

https://nextjs.org/docs/messages/module-not-found 
[browser] ./src/app/page.tsx:4:1
Error: Module not found: Can't resolve '@/components/home/Hero'
  2 |
  3 | import { useEffect } from "react";
> 4 | import { Hero } from "@/components/home/Hero";
    | ^^^^^^^^^^^^^^^^^^^^^^^^^^^^^^^^^^^^^^^^^^^^^^
  5 |
  6 | export default function HomePage() {
  7 |   useEffect(() => {

Import map: aliased to relative './src/components/home/Hero' inside of [project]/

Import traces:
  Client Component Browser:
    ./src/app/page.tsx [Client Component Browser]
    ./src/app/page.tsx [Server Component]

  Client Component SSR:
    ./src/app/page.tsx [Client Component SSR]
    ./src/app/page.tsx [Server Component]

https://nextjs.org/docs/messages/module-not-found 
[browser] ./src/app/page.tsx:4:1
Error: Module not found: Can't resolve '@/components/home/Hero'
  2 |
  3 | import { useEffect } from "react";
> 4 | import { Hero } from "@/components/home/Hero";
    | ^^^^^^^^^^^^^^^^^^^^^^^^^^^^^^^^^^^^^^^^^^^^^^
  5 |
  6 | export default function HomePage() {
  7 |   useEffect(() => {

Import map: aliased to relative './src/components/home/Hero' inside of [project]/

Import traces:
  Client Component Browser:
    ./src/app/page.tsx [Client Component Browser]
    ./src/app/page.tsx [Server Component]

  Client Component SSR:
    ./src/app/page.tsx [Client Component SSR]
    ./src/app/page.tsx [Server Component]

https://nextjs.org/docs/messages/module-not-found 
[browser] ./src/app/page.tsx:4:1
Error: Module not found: Can't resolve '@/components/home/Hero'
  2 |
  3 | import { useEffect } from "react";
> 4 | import { Hero } from "@/components/home/Hero";
    | ^^^^^^^^^^^^^^^^^^^^^^^^^^^^^^^^^^^^^^^^^^^^^^
  5 |
  6 | export default function HomePage() {
  7 |   useEffect(() => {

Import map: aliased to relative './src/components/home/Hero' inside of [project]/

Import traces:
  Client Component Browser:
    ./src/app/page.tsx [Client Component Browser]
    ./src/app/page.tsx [Server Component]

  Client Component SSR:
    ./src/app/page.tsx [Client Component SSR]
    ./src/app/page.tsx [Server Component]

https://nextjs.org/docs/messages/module-not-found 
[browser] ./src/app/page.tsx:4:1
Error: Module not found: Can't resolve '@/components/home/Hero'
  2 |
  3 | import { useEffect } from "react";
> 4 | import { Hero } from "@/components/home/Hero";
    | ^^^^^^^^^^^^^^^^^^^^^^^^^^^^^^^^^^^^^^^^^^^^^^
  5 |
  6 | export default function HomePage() {
  7 |   useEffect(() => {

Import map: aliased to relative './src/components/home/Hero' inside of [project]/

Import traces:
  Client Component Browser:
    ./src/app/page.tsx [Client Component Browser]
    ./src/app/page.tsx [Server Component]

  Client Component SSR:
    ./src/app/page.tsx [Client Component SSR]
    ./src/app/page.tsx [Server Component]

https://nextjs.org/docs/messages/module-not-found 
[browser] ./src/app/page.tsx:4:1
Error: Module not found: Can't resolve '@/components/home/Hero'
  2 |
  3 | import { useEffect } from "react";
> 4 | import { Hero } from "@/components/home/Hero";
    | ^^^^^^^^^^^^^^^^^^^^^^^^^^^^^^^^^^^^^^^^^^^^^^
  5 |
  6 | export default function HomePage() {
  7 |   useEffect(() => {

Import map: aliased to relative './src/components/home/Hero' inside of [project]/

Import traces:
  Client Component Browser:
    ./src/app/page.tsx [Client Component Browser]
    ./src/app/page.tsx [Server Component]

  Client Component SSR:
    ./src/app/page.tsx [Client Component SSR]
    ./src/app/page.tsx [Server Component]

https://nextjs.org/docs/messages/module-not-found 
[browser] ./src/app/page.tsx:4:1
Error: Module not found: Can't resolve '@/components/home/Hero'
  2 |
  3 | import { useEffect } from "react";
> 4 | import { Hero } from "@/components/home/Hero";
    | ^^^^^^^^^^^^^^^^^^^^^^^^^^^^^^^^^^^^^^^^^^^^^^
  5 |
  6 | export default function HomePage() {
  7 |   useEffect(() => {

Import map: aliased to relative './src/components/home/Hero' inside of [project]/

Import traces:
  Client Component Browser:
    ./src/app/page.tsx [Client Component Browser]
    ./src/app/page.tsx [Server Component]

  Client Component SSR:
    ./src/app/page.tsx [Client Component SSR]
    ./src/app/page.tsx [Server Component]

https://nextjs.org/docs/messages/module-not-found 
[browser] ./src/app/page.tsx:4:1
Error: Module not found: Can't resolve '@/components/home/Hero'
  2 |
  3 | import { useEffect } from "react";
> 4 | import { Hero } from "@/components/home/Hero";
    | ^^^^^^^^^^^^^^^^^^^^^^^^^^^^^^^^^^^^^^^^^^^^^^
  5 |
  6 | export default function HomePage() {
  7 |   useEffect(() => {

Import map: aliased to relative './src/components/home/Hero' inside of [project]/

Import traces:
  Client Component Browser:
    ./src/app/page.tsx [Client Component Browser]
    ./src/app/page.tsx [Server Component]

  Client Component SSR:
    ./src/app/page.tsx [Client Component SSR]
    ./src/app/page.tsx [Server Component]

https://nextjs.org/docs/messages/module-not-found 
[browser] ./src/app/page.tsx:4:1
Error: Module not found: Can't resolve '@/components/home/Hero'
  2 |
  3 | import { useEffect } from "react";
> 4 | import { Hero } from "@/components/home/Hero";
    | ^^^^^^^^^^^^^^^^^^^^^^^^^^^^^^^^^^^^^^^^^^^^^^
  5 |
  6 | export default function HomePage() {
  7 |   useEffect(() => {

Import map: aliased to relative './src/components/home/Hero' inside of [project]/

Import traces:
  Client Component Browser:
    ./src/app/page.tsx [Client Component Browser]
    ./src/app/page.tsx [Server Component]

  Client Component SSR:
    ./src/app/page.tsx [Client Component SSR]
    ./src/app/page.tsx [Server Component]

https://nextjs.org/docs/messages/module-not-found 
[browser] ./src/app/page.tsx:4:1
Error: Module not found: Can't resolve '@/components/home/Hero'
  2 |
  3 | import { useEffect } from "react";
> 4 | import { Hero } from "@/components/home/Hero";
    | ^^^^^^^^^^^^^^^^^^^^^^^^^^^^^^^^^^^^^^^^^^^^^^
  5 |
  6 | export default function HomePage() {
  7 |   useEffect(() => {

Import map: aliased to relative './src/components/home/Hero' inside of [project]/

Import traces:
  Client Component Browser:
    ./src/app/page.tsx [Client Component Browser]
    ./src/app/page.tsx [Server Component]

  Client Component SSR:
    ./src/app/page.tsx [Client Component SSR]
    ./src/app/page.tsx [Server Component]

https://nextjs.org/docs/messages/module-not-found 
[browser] ./src/app/page.tsx:4:1
Error: Module not found: Can't resolve '@/components/home/Hero'
  2 |
  3 | import { useEffect } from "react";
> 4 | import { Hero } from "@/components/home/Hero";
    | ^^^^^^^^^^^^^^^^^^^^^^^^^^^^^^^^^^^^^^^^^^^^^^
  5 |
  6 | export default function HomePage() {
  7 |   useEffect(() => {

Import map: aliased to relative './src/components/home/Hero' inside of [project]/

Import traces:
  Client Component Browser:
    ./src/app/page.tsx [Client Component Browser]
    ./src/app/page.tsx [Server Component]

  Client Component SSR:
    ./src/app/page.tsx [Client Component SSR]
    ./src/app/page.tsx [Server Component]

https://nextjs.org/docs/messages/module-not-found 
[browser] ./src/app/page.tsx:4:1
Error: Module not found: Can't resolve '@/components/home/Hero'
  2 |
  3 | import { useEffect } from "react";
> 4 | import { Hero } from "@/components/home/Hero";
    | ^^^^^^^^^^^^^^^^^^^^^^^^^^^^^^^^^^^^^^^^^^^^^^
  5 |
  6 | export default function HomePage() {
  7 |   useEffect(() => {

Import map: aliased to relative './src/components/home/Hero' inside of [project]/

Import traces:
  Client Component Browser:
    ./src/app/page.tsx [Client Component Browser]
    ./src/app/page.tsx [Server Component]

  Client Component SSR:
    ./src/app/page.tsx [Client Component SSR]
    ./src/app/page.tsx [Server Component]

https://nextjs.org/docs/messages/module-not-found 
[browser] ./src/app/page.tsx:4:1
Error: Module not found: Can't resolve '@/components/home/Hero'
  2 |
  3 | import { useEffect } from "react";
> 4 | import { Hero } from "@/components/home/Hero";
    | ^^^^^^^^^^^^^^^^^^^^^^^^^^^^^^^^^^^^^^^^^^^^^^
  5 |
  6 | export default function HomePage() {
  7 |   useEffect(() => {

Import map: aliased to relative './src/components/home/Hero' inside of [project]/

Import traces:
  Client Component Browser:
    ./src/app/page.tsx [Client Component Browser]
    ./src/app/page.tsx [Server Component]

  Client Component SSR:
    ./src/app/page.tsx [Client Component SSR]
    ./src/app/page.tsx [Server Component]

https://nextjs.org/docs/messages/module-not-found 
[browser] ./src/app/page.tsx:4:1
Error: Module not found: Can't resolve '@/components/home/Hero'
  2 |
  3 | import { useEffect } from "react";
> 4 | import { Hero } from "@/components/home/Hero";
    | ^^^^^^^^^^^^^^^^^^^^^^^^^^^^^^^^^^^^^^^^^^^^^^
  5 |
  6 | export default function HomePage() {
  7 |   useEffect(() => {

Import map: aliased to relative './src/components/home/Hero' inside of [project]/

Import traces:
  Client Component Browser:
    ./src/app/page.tsx [Client Component Browser]
    ./src/app/page.tsx [Server Component]

  Client Component SSR:
    ./src/app/page.tsx [Client Component SSR]
    ./src/app/page.tsx [Server Component]

https://nextjs.org/docs/messages/module-not-found 
⨯ ./src/app/page.tsx
Error: Module not found: Can't resolve './page.tsx'


https://nextjs.org/docs/messages/module-not-found


⨯ ./src/app/page.tsx
Error: Module not found: Can't resolve './page.tsx'


https://nextjs.org/docs/messages/module-not-found


⨯ ./src/app/page.tsx
Error: Module not found: Can't resolve './page.tsx'


https://nextjs.org/docs/messages/module-not-found


⨯ ./src/app/page.tsx
Error: Module not found: Can't resolve './page.tsx'


https://nextjs.org/docs/messages/module-not-found


[browser] ./src/app/page.tsx
Error: Module not found: Can't resolve './page.tsx'

https://nextjs.org/docs/messages/module-not-found 
[browser] ./src/app/page.tsx
Error: Module not found: Can't resolve './page.tsx'

https://nextjs.org/docs/messages/module-not-found 
[browser] ./src/app/page.tsx
Error: Module not found: Can't resolve './page.tsx'

https://nextjs.org/docs/messages/module-not-found 
[browser] ./src/app/page.tsx
Error: Module not found: Can't resolve './page.tsx'

https://nextjs.org/docs/messages/module-not-found 
[browser] ./src/app/page.tsx
Error: Module not found: Can't resolve './page.tsx'

https://nextjs.org/docs/messages/module-not-found 
[browser] Can't perform a React state update on a component that hasn't mounted yet. This indicates that you have a side-effect in your render function that asynchronously tries to update the component. Move this work to useEffect instead. 
[browser] Uncaught Error: Hydration failed because the server rendered HTML didn't match the client. As a result this tree will be regenerated on the client. This can happen if a SSR-ed Client Component used:

- A server/client branch `if (typeof window !== 'undefined')`.
- Variable input such as `Date.now()` or `Math.random()` which changes each time it's called.
- Date formatting in a user's locale which doesn't match the server.
- External changing data without sending a snapshot of it along with the HTML.
- Invalid HTML tag nesting.

It can also happen if the client has a browser extension installed which messes with the HTML before React loaded.

https://react.dev/link/hydration-mismatch

  ...
    <ErrorBoundary errorComponent={undefined} errorStyles={undefined} errorScripts={undefined}>
      <LoadingBoundary name="/" loading={null}>
        <HTTPAccessFallbackBoundary notFound={<SegmentViewNode>} forbidden={undefined} unauthorized={undefined}>
          <HTTPAccessFallbackErrorBoundary pathname="/" notFound={<SegmentViewNode>} forbidden={undefined} ...>
            <RedirectBoundary>
              <RedirectErrorBoundary router={{...}}>
                <InnerLayoutRouter url="/" tree={[...]} params={{}} cacheNode={{rsc:Promise, ...}} segmentPath={[...]} ...>
                  <SegmentViewNode type="page" pagePath="page.tsx">
                    <SegmentTrieNode>
                    <ClientPageRoot Component={function HomePage} serverProvidedParams={{...}}>
                      <HomePage params={Promise} searchParams={Promise}>
                        <FluidCursor>
                          <motion.div aria-hidden="true" className="gs-fluid-c..." style={{x:{...},y:{...}, ...}}>
                            <div
+                             aria-hidden="true"
-                             aria-hidden={null}
+                             className="gs-fluid-cursor"
-                             className={null}
                              style={{
+                               transform: "translateX(-100px) translateY(-100px) scale(0)"
                              }}
                              ref={function useMotionRef.useCallback}
-                             hidden=""
                            >
+                             <span>
-                             <Suspense>
                        ...
                  ...
                ...

    at <unknown> (https://react.dev/link/hydration-mismatch)
    at span (<anonymous>)
    at FluidCursor (src/components/home/FluidCursor.tsx:45:7)
    at HomePage (src/app/page.tsx:16:7)
  43 |       style={{ x: cursorX, y: cursorY, scale: cursorScale }}
  44 |     >
> 45 |       <span>GS</span>
     |       ^
  46 |     </motion.div>
  47 |   );
  48 | }
[browser] Detected `scroll-behavior: smooth` on the `<html>` element. To disable smooth scrolling during route transitions, add `data-scroll-behavior="smooth"` to your <html> element. Learn more: https://nextjs.org/docs/messages/missing-data-scroll-behavior
[browser] Detected `scroll-behavior: smooth` on the `<html>` element. To disable smooth scrolling during route transitions, add `data-scroll-behavior="smooth"` to your <html> element. Learn more: https://nextjs.org/docs/messages/missing-data-scroll-behavior
[browser] Uncaught Error: Hydration failed because the server rendered HTML didn't match the client. As a result this tree will be regenerated on the client. This can happen if a SSR-ed Client Component used:

- A server/client branch `if (typeof window !== 'undefined')`.
- Variable input such as `Date.now()` or `Math.random()` which changes each time it's called.
- Date formatting in a user's locale which doesn't match the server.
- External changing data without sending a snapshot of it along with the HTML.
- Invalid HTML tag nesting.

It can also happen if the client has a browser extension installed which messes with the HTML before React loaded.

https://react.dev/link/hydration-mismatch

  ...
    <ScrollAndMaybeFocusHandler cacheNode={{rsc:{...}, ...}}>
      <InnerScrollHandlerNew focusAndScrollRef={{scrollRef:null, ...}} cacheNode={{rsc:{...}, ...}}>
        <ErrorBoundary errorComponent={undefined} errorStyles={undefined} errorScripts={undefined}>
          <LoadingBoundary name="map-explorer/" loading={null}>
            <HTTPAccessFallbackBoundary notFound={undefined} forbidden={undefined} unauthorized={undefined}>
              <RedirectBoundary>
                <RedirectErrorBoundary router={{...}}>
                  <InnerLayoutRouter url="/map-explorer" tree={[...]} params={{}} cacheNode={{rsc:{...}, ...}} ...>
                    <SegmentViewNode type="page" pagePath="map-explor...">
                      <SegmentTrieNode>
                      <ClientPageRoot Component={function MapExplorerPage} serverProvidedParams={{...}}>
                        <MapExplorerPage params={Promise} searchParams={Promise}>
                          <Navbar variant="dark">
                            <header
+                             className="fixed top-0 left-0 right-0 z-50 border-b transition-all duration-300 bg-white..."
-                             className="fixed top-0 left-0 right-0 z-50 border-b transition-all duration-300 bg-[#071..."
                            >
                              <div className="container-...">
                                <LinkComponent href="/" className="group flex...">
                                  <a
+                                   className="group flex items-center gap-2.5 text-gs-gray-900"
-                                   className="group flex items-center gap-2.5 text-gs-text-primary"
                                    ref={function}
                                    onClick={function onClick}
                                    onMouseEnter={function onMouseEnter}
                                    onTouchStart={function onTouchStart}
                                    href="/"
                                  >
                                    <div>
                                    <div className="leading-tight">
                                      <div>
                                      <div
+                                       className="text-[10px] font-medium uppercase tracking-[0.13em] text-gs-gray-600"
-                                       className="text-[10px] font-medium uppercase tracking-[0.13em] text-gs-text-se..."
                                      >
+                                       National Grid Intelligence
                                <nav className="hidden xl:...">
                                  <LinkComponent href="/" className={"relative..."}>
                                    <a
+                                     className={"relative px-3.5 py-2 text-[14px] font-medium rounded-md transition-..."}
-                                     className={"relative px-3.5 py-2 text-[14px] font-medium rounded-md transition-..."}
                                      ref={function}
                                      onClick={function onClick}
                                      onMouseEnter={function onMouseEnter}
                                      onTouchStart={function onTouchStart}
                                      href="/"
                                    >
                                  <LinkComponent href="/about" className={"relative..."}>
                                    <a
+                                     className={"relative px-3.5 py-2 text-[14px] font-medium rounded-md transition-..."}
-                                     className={"relative px-3.5 py-2 text-[14px] font-medium rounded-md transition-..."}
                                      ref={function}
                                      onClick={function onClick}
                                      onMouseEnter={function onMouseEnter}
                                      onTouchStart={function onTouchStart}
                                      href="/about"
                                    >
                                  <LinkComponent href="/map-explorer" className="relative p...">
                                    <a
+                                     className="relative px-3.5 py-2 text-[14px] font-medium rounded-md transition-co..."
-                                     className="relative px-3.5 py-2 text-[14px] font-medium rounded-md transition-co..."
                                      ref={function}
                                      onClick={function onClick}
                                      onMouseEnter={function onMouseEnter}
                                      onTouchStart={function onTouchStart}
                                      href="/map-explorer"
                                    >
                                      <span
+                                       className="absolute left-2 right-2 -bottom-0.5 h-0.5 rounded-full bg-gs-blue-500"
-                                       className="absolute left-2 right-2 -bottom-0.5 h-0.5 rounded-full bg-gs-cyan-500"
                                      >
                                  <LinkComponent href="/operations" className={"relative..."}>
                                    <a
+                                     className={"relative px-3.5 py-2 text-[14px] font-medium rounded-md transition-..."}
-                                     className={"relative px-3.5 py-2 text-[14px] font-medium rounded-md transition-..."}
                                      ref={function}
                                      onClick={function onClick}
                                      onMouseEnter={function onMouseEnter}
                                      onTouchStart={function onTouchStart}
                                      href="/operations"
                                    >
                                  <LinkComponent href="/intelligence" className={"relative..."}>
                                    <a
+                                     className={"relative px-3.5 py-2 text-[14px] font-medium rounded-md transition-..."}
-                                     className={"relative px-3.5 py-2 text-[14px] font-medium rounded-md transition-..."}
                                      ref={function}
                                      onClick={function onClick}
                                      onMouseEnter={function onMouseEnter}
                                      onTouchStart={function onTouchStart}
                                      href="/intelligence"
                                    >
                                  <LinkComponent href="/analytics" className={"relative..."}>
                                    <a
+                                     className={"relative px-3.5 py-2 text-[14px] font-medium rounded-md transition-..."}
-                                     className={"relative px-3.5 py-2 text-[14px] font-medium rounded-md transition-..."}
                                      ref={function}
                                      onClick={function onClick}
                                      onMouseEnter={function onMouseEnter}
                                      onTouchStart={function onTouchStart}
                                      href="/analytics"
                                    >
                                  <LinkComponent href="/custom-data" className={"relative..."}>
                                    <a
+                                     className={"relative px-3.5 py-2 text-[14px] font-medium rounded-md transition-..."}
-                                     className={"relative px-3.5 py-2 text-[14px] font-medium rounded-md transition-..."}
                                      ref={function}
                                      onClick={function onClick}
                                      onMouseEnter={function onMouseEnter}
                                      onTouchStart={function onTouchStart}
                                      href="/custom-data"
                                    >
                                  <LinkComponent href="/alerts" className={"relative..."}>
                                    <a
+                                     className={"relative px-3.5 py-2 text-[14px] font-medium rounded-md transition-..."}
-                                     className={"relative px-3.5 py-2 text-[14px] font-medium rounded-md transition-..."}
                                      ref={function}
                                      onClick={function onClick}
                                      onMouseEnter={function onMouseEnter}
                                      onTouchStart={function onTouchStart}
                                      href="/alerts"
                                    >
                                  <LinkComponent href="/documenta..." className={"relative..."}>
                                    <a
+                                     className={"relative px-3.5 py-2 text-[14px] font-medium rounded-md transition-..."}
-                                     className={"relative px-3.5 py-2 text-[14px] font-medium rounded-md transition-..."}
                                      ref={function}
                                      onClick={function onClick}
                                      onMouseEnter={function onMouseEnter}
                                      onTouchStart={function onTouchStart}
                                      href="/documentation"
                                    >
                                <div className="hidden xl:...">
                                  <button
                                    onClick={function toggleTheme}
+                                   aria-label="Switch to dark mode"
-                                   aria-label="Switch to light mode"
+                                   title="Switch to dark mode"
-                                   title="Switch to light mode"
+                                   className="p-1.5 rounded-md border transition-colors border-gs-gray-300 text-gs-gr..."
-                                   className="p-1.5 rounded-md border transition-colors border-gs-border text-gs-cyan..."
                                  >
                                    <Moon className="w-4 h-4">
                                      <svg
                                        ref={null}
                                        xmlns="http://www.w3.org/2000/svg"
                                        width={24}
                                        height={24}
                                        viewBox="0 0 24 24"
                                        fill="none"
                                        stroke="currentColor"
                                        strokeWidth={2}
                                        strokeLinecap="round"
                                        strokeLinejoin="round"
+                                       className="lucide lucide-moon w-4 h-4"
-                                       className="lucide lucide-sun w-4 h-4"
                                        aria-hidden="true"
                                      >
+                                       <path
+                                         d="M20.985 12.486a9 9 0 1 1-9.473-9.472c.405-.022.617.46.402.803a6 6 0 0 0 8..."
+                                       >
-                                       <circle cx="12" cy="12" r="4">
                                  ...
                                ...
                          ...
                    ...
                  ...
        ...

    at <unknown> (https://react.dev/link/hydration-mismatch)
    at path (<anonymous>)
    at Array.map (<anonymous>)
    at Navbar (src/components/layout/Navbar.tsx:121:63)
    at MapExplorerPage (src/app/map-explorer/page.tsx:66:7)
  119 |             }`}
  120 |           >
> 121 |             {theme === "dark" ? <Sun className="w-4 h-4" /> : <Moon className="w-4 h-4" />}
      |                                                               ^
  122 |           </button>
  123 |           <Link
  124 |             href="/login"
[browser] Uncaught Error: Hydration failed because the server rendered HTML didn't match the client. As a result this tree will be regenerated on the client. This can happen if a SSR-ed Client Component used:

- A server/client branch `if (typeof window !== 'undefined')`.
- Variable input such as `Date.now()` or `Math.random()` which changes each time it's called.
- Date formatting in a user's locale which doesn't match the server.
- External changing data without sending a snapshot of it along with the HTML.
- Invalid HTML tag nesting.

It can also happen if the client has a browser extension installed which messes with the HTML before React loaded.

https://react.dev/link/hydration-mismatch

  ...
    <ScrollAndMaybeFocusHandler cacheNode={{rsc:{...}, ...}}>
      <InnerScrollHandlerNew focusAndScrollRef={{scrollRef:null, ...}} cacheNode={{rsc:{...}, ...}}>
        <ErrorBoundary errorComponent={undefined} errorStyles={undefined} errorScripts={undefined}>
          <LoadingBoundary name="map-explorer/" loading={null}>
            <HTTPAccessFallbackBoundary notFound={undefined} forbidden={undefined} unauthorized={undefined}>
              <RedirectBoundary>
                <RedirectErrorBoundary router={{...}}>
                  <InnerLayoutRouter url="/map-explorer" tree={[...]} params={{}} cacheNode={{rsc:{...}, ...}} ...>
                    <SegmentViewNode type="page" pagePath="map-explor...">
                      <SegmentTrieNode>
                      <ClientPageRoot Component={function MapExplorerPage} serverProvidedParams={{...}}>
                        <MapExplorerPage params={Promise} searchParams={Promise}>
                          <Navbar variant="dark">
                            <header
+                             className="fixed top-0 left-0 right-0 z-50 border-b transition-all duration-300 bg-white..."
-                             className="fixed top-0 left-0 right-0 z-50 border-b transition-all duration-300 bg-[#071..."
                            >
                              <div className="container-...">
                                <LinkComponent href="/" className="group flex...">
                                  <a
+                                   className="group flex items-center gap-2.5 text-gs-gray-900"
-                                   className="group flex items-center gap-2.5 text-gs-text-primary"
                                    ref={function}
                                    onClick={function onClick}
                                    onMouseEnter={function onMouseEnter}
                                    onTouchStart={function onTouchStart}
                                    href="/"
                                  >
                                    <div>
                                    <div className="leading-tight">
                                      <div>
                                      <div
+                                       className="text-[10px] font-medium uppercase tracking-[0.13em] text-gs-gray-600"
-                                       className="text-[10px] font-medium uppercase tracking-[0.13em] text-gs-text-se..."
                                      >
+                                       National Grid Intelligence
                                <nav className="hidden xl:...">
                                  <LinkComponent href="/" className={"relative..."}>
                                    <a
+                                     className={"relative px-3.5 py-2 text-[14px] font-medium rounded-md transition-..."}
-                                     className={"relative px-3.5 py-2 text-[14px] font-medium rounded-md transition-..."}
                                      ref={function}
                                      onClick={function onClick}
                                      onMouseEnter={function onMouseEnter}
                                      onTouchStart={function onTouchStart}
                                      href="/"
                                    >
                                  <LinkComponent href="/about" className={"relative..."}>
                                    <a
+                                     className={"relative px-3.5 py-2 text-[14px] font-medium rounded-md transition-..."}
-                                     className={"relative px-3.5 py-2 text-[14px] font-medium rounded-md transition-..."}
                                      ref={function}
                                      onClick={function onClick}
                                      onMouseEnter={function onMouseEnter}
                                      onTouchStart={function onTouchStart}
                                      href="/about"
                                    >
                                  <LinkComponent href="/map-explorer" className="relative p...">
                                    <a
+                                     className="relative px-3.5 py-2 text-[14px] font-medium rounded-md transition-co..."
-                                     className="relative px-3.5 py-2 text-[14px] font-medium rounded-md transition-co..."
                                      ref={function}
                                      onClick={function onClick}
                                      onMouseEnter={function onMouseEnter}
                                      onTouchStart={function onTouchStart}
                                      href="/map-explorer"
                                    >
                                      <span
+                                       className="absolute left-2 right-2 -bottom-0.5 h-0.5 rounded-full bg-gs-blue-500"
-                                       className="absolute left-2 right-2 -bottom-0.5 h-0.5 rounded-full bg-gs-cyan-500"
                                      >
                                  <LinkComponent href="/operations" className={"relative..."}>
                                    <a
+                                     className={"relative px-3.5 py-2 text-[14px] font-medium rounded-md transition-..."}
-                                     className={"relative px-3.5 py-2 text-[14px] font-medium rounded-md transition-..."}
                                      ref={function}
                                      onClick={function onClick}
                                      onMouseEnter={function onMouseEnter}
                                      onTouchStart={function onTouchStart}
                                      href="/operations"
                                    >
                                  <LinkComponent href="/intelligence" className={"relative..."}>
                                    <a
+                                     className={"relative px-3.5 py-2 text-[14px] font-medium rounded-md transition-..."}
-                                     className={"relative px-3.5 py-2 text-[14px] font-medium rounded-md transition-..."}
                                      ref={function}
                                      onClick={function onClick}
                                      onMouseEnter={function onMouseEnter}
                                      onTouchStart={function onTouchStart}
                                      href="/intelligence"
                                    >
                                  <LinkComponent href="/analytics" className={"relative..."}>
                                    <a
+                                     className={"relative px-3.5 py-2 text-[14px] font-medium rounded-md transition-..."}
-                                     className={"relative px-3.5 py-2 text-[14px] font-medium rounded-md transition-..."}
                                      ref={function}
                                      onClick={function onClick}
                                      onMouseEnter={function onMouseEnter}
                                      onTouchStart={function onTouchStart}
                                      href="/analytics"
                                    >
                                  <LinkComponent href="/custom-data" className={"relative..."}>
                                    <a
+                                     className={"relative px-3.5 py-2 text-[14px] font-medium rounded-md transition-..."}
-                                     className={"relative px-3.5 py-2 text-[14px] font-medium rounded-md transition-..."}
                                      ref={function}
                                      onClick={function onClick}
                                      onMouseEnter={function onMouseEnter}
                                      onTouchStart={function onTouchStart}
                                      href="/custom-data"
                                    >
                                  <LinkComponent href="/alerts" className={"relative..."}>
                                    <a
+                                     className={"relative px-3.5 py-2 text-[14px] font-medium rounded-md transition-..."}
-                                     className={"relative px-3.5 py-2 text-[14px] font-medium rounded-md transition-..."}
                                      ref={function}
                                      onClick={function onClick}
                                      onMouseEnter={function onMouseEnter}
                                      onTouchStart={function onTouchStart}
                                      href="/alerts"
                                    >
                                  <LinkComponent href="/documenta..." className={"relative..."}>
                                    <a
+                                     className={"relative px-3.5 py-2 text-[14px] font-medium rounded-md transition-..."}
-                                     className={"relative px-3.5 py-2 text-[14px] font-medium rounded-md transition-..."}
                                      ref={function}
                                      onClick={function onClick}
                                      onMouseEnter={function onMouseEnter}
                                      onTouchStart={function onTouchStart}
                                      href="/documentation"
                                    >
                                <div className="hidden xl:...">
                                  <button
                                    onClick={function toggleTheme}
+                                   aria-label="Switch to dark mode"
-                                   aria-label="Switch to light mode"
+                                   title="Switch to dark mode"
-                                   title="Switch to light mode"
+                                   className="p-1.5 rounded-md border transition-colors border-gs-gray-300 text-gs-gr..."
-                                   className="p-1.5 rounded-md border transition-colors border-gs-border text-gs-cyan..."
                                  >
                                    <Moon className="w-4 h-4">
                                      <svg
                                        ref={null}
                                        xmlns="http://www.w3.org/2000/svg"
                                        width={24}
                                        height={24}
                                        viewBox="0 0 24 24"
                                        fill="none"
                                        stroke="currentColor"
                                        strokeWidth={2}
                                        strokeLinecap="round"
                                        strokeLinejoin="round"
+                                       className="lucide lucide-moon w-4 h-4"
-                                       className="lucide lucide-sun w-4 h-4"
                                        aria-hidden="true"
                                      >
+                                       <path
+                                         d="M20.985 12.486a9 9 0 1 1-9.473-9.472c.405-.022.617.46.402.803a6 6 0 0 0 8..."
+                                       >
-                                       <circle cx="12" cy="12" r="4">
                                  ...
                                ...
                          ...
                    ...
                  ...
        ...

    at <unknown> (https://react.dev/link/hydration-mismatch)
    at path (<anonymous>)
    at Array.map (<anonymous>)
    at Navbar (src/components/layout/Navbar.tsx:121:63)
    at MapExplorerPage (src/app/map-explorer/page.tsx:66:7)
  119 |             }`}
  120 |           >
> 121 |             {theme === "dark" ? <Sun className="w-4 h-4" /> : <Moon className="w-4 h-4" />}
      |                                                               ^
  122 |           </button>
  123 |           <Link
  124 |             href="/login"
[browser] Detected `scroll-behavior: smooth` on the `<html>` element. To disable smooth scrolling during route transitions, add `data-scroll-behavior="smooth"` to your <html> element. Learn more: https://nextjs.org/docs/messages/missing-data-scroll-behavior
[browser] Uncaught Error: Hydration failed because the server rendered HTML didn't match the client. As a result this tree will be regenerated on the client. This can happen if a SSR-ed Client Component used:

- A server/client branch `if (typeof window !== 'undefined')`.
- Variable input such as `Date.now()` or `Math.random()` which changes each time it's called.
- Date formatting in a user's locale which doesn't match the server.
- External changing data without sending a snapshot of it along with the HTML.
- Invalid HTML tag nesting.

It can also happen if the client has a browser extension installed which messes with the HTML before React loaded.

https://react.dev/link/hydration-mismatch

  ...
    <InnerScrollHandlerNew focusAndScrollRef={{scrollRef:null, ...}} cacheNode={{rsc:{...}, ...}}>
      <ErrorBoundary errorComponent={undefined} errorStyles={undefined} errorScripts={undefined}>
        <LoadingBoundary name="/" loading={null}>
          <HTTPAccessFallbackBoundary notFound={{...}} forbidden={undefined} unauthorized={undefined}>
            <HTTPAccessFallbackErrorBoundary pathname="/" notFound={{...}} forbidden={undefined} unauthorized={undefined} ...>
              <RedirectBoundary>
                <RedirectErrorBoundary router={{...}}>
                  <InnerLayoutRouter url="/" tree={[...]} params={{}} cacheNode={{rsc:{...}, ...}} segmentPath={[...]} ...>
                    <SegmentViewNode type="page" pagePath="page.tsx">
                      <SegmentTrieNode>
                      <ClientPageRoot Component={function HomePage} serverProvidedParams={{...}}>
                        <HomePage params={Promise} searchParams={Promise}>
                          <FluidCursor>
                          <Navbar variant="transparent">
                            <header
+                             className="fixed top-0 left-0 right-0 z-50 border-b transition-all duration-300 bg-white..."
-                             className="fixed top-0 left-0 right-0 z-50 border-b transition-all duration-300 bg-gs-bg..."
                            >
                              <div className="container-...">
                                <LinkComponent href="/" className="group flex...">
                                  <a
+                                   className="group flex items-center gap-2.5 text-gs-gray-900"
-                                   className="group flex items-center gap-2.5 text-gs-text-primary"
                                    ref={function}
                                    onClick={function onClick}
                                    onMouseEnter={function onMouseEnter}
                                    onTouchStart={function onTouchStart}
                                    href="/"
                                  >
                                    <div>
                                    <div className="leading-tight">
                                      <div>
                                      <div
+                                       className="text-[10px] font-medium uppercase tracking-[0.13em] text-gs-gray-600"
-                                       className="text-[10px] font-medium uppercase tracking-[0.13em] text-gs-text-se..."
                                      >
+                                       National Grid Intelligence
                                <nav className="hidden xl:...">
                                  <LinkComponent href="/" className="relative p...">
                                    <a
+                                     className="relative px-3.5 py-2 text-[14px] font-medium rounded-md transition-co..."
-                                     className="relative px-3.5 py-2 text-[14px] font-medium rounded-md transition-co..."
                                      ref={function}
                                      onClick={function onClick}
                                      onMouseEnter={function onMouseEnter}
                                      onTouchStart={function onTouchStart}
                                      href="/"
                                    >
                                      <span
+                                       className="absolute left-2 right-2 -bottom-0.5 h-0.5 rounded-full bg-gs-blue-500"
-                                       className="absolute left-2 right-2 -bottom-0.5 h-0.5 rounded-full bg-gs-cyan-500"
                                      >
                                  <LinkComponent href="/about" className={"relative..."}>
                                    <a
+                                     className={"relative px-3.5 py-2 text-[14px] font-medium rounded-md transition-..."}
-                                     className={"relative px-3.5 py-2 text-[14px] font-medium rounded-md transition-..."}
                                      ref={function}
                                      onClick={function onClick}
                                      onMouseEnter={function onMouseEnter}
                                      onTouchStart={function onTouchStart}
                                      href="/about"
                                    >
                                  <LinkComponent href="/map-explorer" className={"relative..."}>
                                    <a
+                                     className={"relative px-3.5 py-2 text-[14px] font-medium rounded-md transition-..."}
-                                     className={"relative px-3.5 py-2 text-[14px] font-medium rounded-md transition-..."}
                                      ref={function}
                                      onClick={function onClick}
                                      onMouseEnter={function onMouseEnter}
                                      onTouchStart={function onTouchStart}
                                      href="/map-explorer"
                                    >
                                  <LinkComponent href="/operations" className={"relative..."}>
                                    <a
+                                     className={"relative px-3.5 py-2 text-[14px] font-medium rounded-md transition-..."}
-                                     className={"relative px-3.5 py-2 text-[14px] font-medium rounded-md transition-..."}
                                      ref={function}
                                      onClick={function onClick}
                                      onMouseEnter={function onMouseEnter}
                                      onTouchStart={function onTouchStart}
                                      href="/operations"
                                    >
                                  <LinkComponent href="/intelligence" className={"relative..."}>
                                    <a
+                                     className={"relative px-3.5 py-2 text-[14px] font-medium rounded-md transition-..."}
-                                     className={"relative px-3.5 py-2 text-[14px] font-medium rounded-md transition-..."}
                                      ref={function}
                                      onClick={function onClick}
                                      onMouseEnter={function onMouseEnter}
                                      onTouchStart={function onTouchStart}
                                      href="/intelligence"
                                    >
                                  <LinkComponent href="/analytics" className={"relative..."}>
                                    <a
+                                     className={"relative px-3.5 py-2 text-[14px] font-medium rounded-md transition-..."}
-                                     className={"relative px-3.5 py-2 text-[14px] font-medium rounded-md transition-..."}
                                      ref={function}
                                      onClick={function onClick}
                                      onMouseEnter={function onMouseEnter}
                                      onTouchStart={function onTouchStart}
                                      href="/analytics"
                                    >
                                  <LinkComponent href="/custom-data" className={"relative..."}>
                                    <a
+                                     className={"relative px-3.5 py-2 text-[14px] font-medium rounded-md transition-..."}
-                                     className={"relative px-3.5 py-2 text-[14px] font-medium rounded-md transition-..."}
                                      ref={function}
                                      onClick={function onClick}
                                      onMouseEnter={function onMouseEnter}
                                      onTouchStart={function onTouchStart}
                                      href="/custom-data"
                                    >
                                  <LinkComponent href="/alerts" className={"relative..."}>
                                    <a
+                                     className={"relative px-3.5 py-2 text-[14px] font-medium rounded-md transition-..."}
-                                     className={"relative px-3.5 py-2 text-[14px] font-medium rounded-md transition-..."}
                                      ref={function}
                                      onClick={function onClick}
                                      onMouseEnter={function onMouseEnter}
                                      onTouchStart={function onTouchStart}
                                      href="/alerts"
                                    >
                                  <LinkComponent href="/documenta..." className={"relative..."}>
                                    <a
+                                     className={"relative px-3.5 py-2 text-[14px] font-medium rounded-md transition-..."}
-                                     className={"relative px-3.5 py-2 text-[14px] font-medium rounded-md transition-..."}
                                      ref={function}
                                      onClick={function onClick}
                                      onMouseEnter={function onMouseEnter}
                                      onTouchStart={function onTouchStart}
                                      href="/documentation"
                                    >
                                <div className="hidden xl:...">
                                  <button
                                    onClick={function toggleTheme}
+                                   aria-label="Switch to dark mode"
-                                   aria-label="Switch to light mode"
+                                   title="Switch to dark mode"
-                                   title="Switch to light mode"
+                                   className="p-1.5 rounded-md border transition-colors border-gs-gray-300 text-gs-gr..."
-                                   className="p-1.5 rounded-md border transition-colors border-gs-border text-gs-cyan..."
                                  >
                                    <Moon className="w-4 h-4">
                                      <svg
                                        ref={null}
                                        xmlns="http://www.w3.org/2000/svg"
                                        width={24}
                                        height={24}
                                        viewBox="0 0 24 24"
                                        fill="none"
                                        stroke="currentColor"
                                        strokeWidth={2}
                                        strokeLinecap="round"
                                        strokeLinejoin="round"
+                                       className="lucide lucide-moon w-4 h-4"
-                                       className="lucide lucide-sun w-4 h-4"
                                        aria-hidden="true"
                                      >
+                                       <path
+                                         d="M20.985 12.486a9 9 0 1 1-9.473-9.472c.405-.022.617.46.402.803a6 6 0 0 0 8..."
+                                       >
-                                       <circle cx="12" cy="12" r="4">
                                  ...
                                ...
                          ...
                    ...
                  ...
      ...

    at <unknown> (https://react.dev/link/hydration-mismatch)
    at path (<anonymous>)
    at Array.map (<anonymous>)
    at Navbar (src/components/layout/Navbar.tsx:121:63)
    at HomePage (src/app/page.tsx:17:7)
  119 |             }`}
  120 |           >
> 121 |             {theme === "dark" ? <Sun className="w-4 h-4" /> : <Moon className="w-4 h-4" />}
      |                                                               ^
  122 |           </button>
  123 |           <Link
  124 |             href="/login"
[browser] Uncaught Error: Hydration failed because the server rendered HTML didn't match the client. As a result this tree will be regenerated on the client. This can happen if a SSR-ed Client Component used:

- A server/client branch `if (typeof window !== 'undefined')`.
- Variable input such as `Date.now()` or `Math.random()` which changes each time it's called.
- Date formatting in a user's locale which doesn't match the server.
- External changing data without sending a snapshot of it along with the HTML.
- Invalid HTML tag nesting.

It can also happen if the client has a browser extension installed which messes with the HTML before React loaded.

https://react.dev/link/hydration-mismatch

  ...
    <RenderFromTemplateContext>
      <ScrollAndMaybeFocusHandler cacheNode={{rsc:{...}, ...}}>
        <InnerScrollHandlerNew focusAndScrollRef={{scrollRef:null, ...}} cacheNode={{rsc:{...}, ...}}>
          <ErrorBoundary errorComponent={undefined} errorStyles={undefined} errorScripts={undefined}>
            <LoadingBoundary name="about/" loading={null}>
              <HTTPAccessFallbackBoundary notFound={undefined} forbidden={undefined} unauthorized={undefined}>
                <RedirectBoundary>
                  <RedirectErrorBoundary router={{...}}>
                    <InnerLayoutRouter url="/about" tree={[...]} params={{}} cacheNode={{rsc:{...}, ...}} ...>
                      <SegmentViewNode type="page" pagePath="about/page...">
                        <SegmentTrieNode>
                        <AboutPage>
                          <Navbar>
                            <header
+                             className="fixed top-0 left-0 right-0 z-50 border-b transition-all duration-300 bg-white..."
-                             className="fixed top-0 left-0 right-0 z-50 border-b transition-all duration-300 bg-gs-bg..."
                            >
                              <div className="container-...">
                                <LinkComponent href="/" className="group flex...">
                                  <a
+                                   className="group flex items-center gap-2.5 text-gs-gray-900"
-                                   className="group flex items-center gap-2.5 text-gs-text-primary"
                                    ref={function}
                                    onClick={function onClick}
                                    onMouseEnter={function onMouseEnter}
                                    onTouchStart={function onTouchStart}
                                    href="/"
                                  >
                                    <div>
                                    <div className="leading-tight">
                                      <div>
                                      <div
+                                       className="text-[10px] font-medium uppercase tracking-[0.13em] text-gs-gray-600"
-                                       className="text-[10px] font-medium uppercase tracking-[0.13em] text-gs-text-se..."
                                      >
+                                       National Grid Intelligence
                                <nav className="hidden xl:...">
                                  <LinkComponent href="/" className={"relative..."}>
                                    <a
+                                     className={"relative px-3.5 py-2 text-[14px] font-medium rounded-md transition-..."}
-                                     className={"relative px-3.5 py-2 text-[14px] font-medium rounded-md transition-..."}
                                      ref={function}
                                      onClick={function onClick}
                                      onMouseEnter={function onMouseEnter}
                                      onTouchStart={function onTouchStart}
                                      href="/"
                                    >
                                  <LinkComponent href="/about" className="relative p...">
                                    <a
+                                     className="relative px-3.5 py-2 text-[14px] font-medium rounded-md transition-co..."
-                                     className="relative px-3.5 py-2 text-[14px] font-medium rounded-md transition-co..."
                                      ref={function}
                                      onClick={function onClick}
                                      onMouseEnter={function onMouseEnter}
                                      onTouchStart={function onTouchStart}
                                      href="/about"
                                    >
                                      <span
+                                       className="absolute left-2 right-2 -bottom-0.5 h-0.5 rounded-full bg-gs-blue-500"
-                                       className="absolute left-2 right-2 -bottom-0.5 h-0.5 rounded-full bg-gs-cyan-500"
                                      >
                                  <LinkComponent href="/map-explorer" className={"relative..."}>
                                    <a
+                                     className={"relative px-3.5 py-2 text-[14px] font-medium rounded-md transition-..."}
-                                     className={"relative px-3.5 py-2 text-[14px] font-medium rounded-md transition-..."}
                                      ref={function}
                                      onClick={function onClick}
                                      onMouseEnter={function onMouseEnter}
                                      onTouchStart={function onTouchStart}
                                      href="/map-explorer"
                                    >
                                  <LinkComponent href="/operations" className={"relative..."}>
                                    <a
+                                     className={"relative px-3.5 py-2 text-[14px] font-medium rounded-md transition-..."}
-                                     className={"relative px-3.5 py-2 text-[14px] font-medium rounded-md transition-..."}
                                      ref={function}
                                      onClick={function onClick}
                                      onMouseEnter={function onMouseEnter}
                                      onTouchStart={function onTouchStart}
                                      href="/operations"
                                    >
                                  <LinkComponent href="/intelligence" className={"relative..."}>
                                    <a
+                                     className={"relative px-3.5 py-2 text-[14px] font-medium rounded-md transition-..."}
-                                     className={"relative px-3.5 py-2 text-[14px] font-medium rounded-md transition-..."}
                                      ref={function}
                                      onClick={function onClick}
                                      onMouseEnter={function onMouseEnter}
                                      onTouchStart={function onTouchStart}
                                      href="/intelligence"
                                    >
                                  <LinkComponent href="/analytics" className={"relative..."}>
                                    <a
+                                     className={"relative px-3.5 py-2 text-[14px] font-medium rounded-md transition-..."}
-                                     className={"relative px-3.5 py-2 text-[14px] font-medium rounded-md transition-..."}
                                      ref={function}
                                      onClick={function onClick}
                                      onMouseEnter={function onMouseEnter}
                                      onTouchStart={function onTouchStart}
                                      href="/analytics"
                                    >
                                  <LinkComponent href="/custom-data" className={"relative..."}>
                                    <a
+                                     className={"relative px-3.5 py-2 text-[14px] font-medium rounded-md transition-..."}
-                                     className={"relative px-3.5 py-2 text-[14px] font-medium rounded-md transition-..."}
                                      ref={function}
                                      onClick={function onClick}
                                      onMouseEnter={function onMouseEnter}
                                      onTouchStart={function onTouchStart}
                                      href="/custom-data"
                                    >
                                  <LinkComponent href="/alerts" className={"relative..."}>
                                    <a
+                                     className={"relative px-3.5 py-2 text-[14px] font-medium rounded-md transition-..."}
-                                     className={"relative px-3.5 py-2 text-[14px] font-medium rounded-md transition-..."}
                                      ref={function}
                                      onClick={function onClick}
                                      onMouseEnter={function onMouseEnter}
                                      onTouchStart={function onTouchStart}
                                      href="/alerts"
                                    >
                                  <LinkComponent href="/documenta..." className={"relative..."}>
                                    <a
+                                     className={"relative px-3.5 py-2 text-[14px] font-medium rounded-md transition-..."}
-                                     className={"relative px-3.5 py-2 text-[14px] font-medium rounded-md transition-..."}
                                      ref={function}
                                      onClick={function onClick}
                                      onMouseEnter={function onMouseEnter}
                                      onTouchStart={function onTouchStart}
                                      href="/documentation"
                                    >
                                <div className="hidden xl:...">
                                  <button
                                    onClick={function toggleTheme}
+                                   aria-label="Switch to dark mode"
-                                   aria-label="Switch to light mode"
+                                   title="Switch to dark mode"
-                                   title="Switch to light mode"
+                                   className="p-1.5 rounded-md border transition-colors border-gs-gray-300 text-gs-gr..."
-                                   className="p-1.5 rounded-md border transition-colors border-gs-border text-gs-cyan..."
                                  >
                                    <Moon className="w-4 h-4">
                                      <svg
                                        ref={null}
                                        xmlns="http://www.w3.org/2000/svg"
                                        width={24}
                                        height={24}
                                        viewBox="0 0 24 24"
                                        fill="none"
                                        stroke="currentColor"
                                        strokeWidth={2}
                                        strokeLinecap="round"
                                        strokeLinejoin="round"
+                                       className="lucide lucide-moon w-4 h-4"
-                                       className="lucide lucide-sun w-4 h-4"
                                        aria-hidden="true"
                                      >
+                                       <path
+                                         d="M20.985 12.486a9 9 0 1 1-9.473-9.472c.405-.022.617.46.402.803a6 6 0 0 0 8..."
+                                       >
-                                       <circle cx="12" cy="12" r="4">
                                  ...
                                ...
                          ...
                      ...
                    ...
          ...

    at <unknown> (https://react.dev/link/hydration-mismatch)
    at path (<anonymous>)
    at Array.map (<anonymous>)
    at Navbar (src/components/layout/Navbar.tsx:121:63)
    at AboutPage (src\app\about\page.tsx:9:7)
  119 |             }`}
  120 |           >
> 121 |             {theme === "dark" ? <Sun className="w-4 h-4" /> : <Moon className="w-4 h-4" />}
      |                                                               ^
  122 |           </button>
  123 |           <Link
  124 |             href="/login"
[browser] Uncaught Error: Hydration failed because the server rendered HTML didn't match the client. As a result this tree will be regenerated on the client. This can happen if a SSR-ed Client Component used:

- A server/client branch `if (typeof window !== 'undefined')`.
- Variable input such as `Date.now()` or `Math.random()` which changes each time it's called.
- Date formatting in a user's locale which doesn't match the server.
- External changing data without sending a snapshot of it along with the HTML.
- Invalid HTML tag nesting.

It can also happen if the client has a browser extension installed which messes with the HTML before React loaded.

https://react.dev/link/hydration-mismatch

  ...
    <RenderFromTemplateContext>
      <ScrollAndMaybeFocusHandler cacheNode={{rsc:{...}, ...}}>
        <InnerScrollHandlerNew focusAndScrollRef={{scrollRef:null, ...}} cacheNode={{rsc:{...}, ...}}>
          <ErrorBoundary errorComponent={undefined} errorStyles={undefined} errorScripts={undefined}>
            <LoadingBoundary name="about/" loading={null}>
              <HTTPAccessFallbackBoundary notFound={undefined} forbidden={undefined} unauthorized={undefined}>
                <RedirectBoundary>
                  <RedirectErrorBoundary router={{...}}>
                    <InnerLayoutRouter url="/about" tree={[...]} params={{}} cacheNode={{rsc:{...}, ...}} ...>
                      <SegmentViewNode type="page" pagePath="about/page...">
                        <SegmentTrieNode>
                        <AboutPage>
                          <Navbar>
                            <header
+                             className="fixed top-0 left-0 right-0 z-50 border-b transition-all duration-300 bg-white..."
-                             className="fixed top-0 left-0 right-0 z-50 border-b transition-all duration-300 bg-gs-bg..."
                            >
                              <div className="container-...">
                                <LinkComponent href="/" className="group flex...">
                                  <a
+                                   className="group flex items-center gap-2.5 text-gs-gray-900"
-                                   className="group flex items-center gap-2.5 text-gs-text-primary"
                                    ref={function}
                                    onClick={function onClick}
                                    onMouseEnter={function onMouseEnter}
                                    onTouchStart={function onTouchStart}
                                    href="/"
                                  >
                                    <div>
                                    <div className="leading-tight">
                                      <div>
                                      <div
+                                       className="text-[10px] font-medium uppercase tracking-[0.13em] text-gs-gray-600"
-                                       className="text-[10px] font-medium uppercase tracking-[0.13em] text-gs-text-se..."
                                      >
+                                       National Grid Intelligence
                                <nav className="hidden xl:...">
                                  <LinkComponent href="/" className={"relative..."}>
                                    <a
+                                     className={"relative px-3.5 py-2 text-[14px] font-medium rounded-md transition-..."}
-                                     className={"relative px-3.5 py-2 text-[14px] font-medium rounded-md transition-..."}
                                      ref={function}
                                      onClick={function onClick}
                                      onMouseEnter={function onMouseEnter}
                                      onTouchStart={function onTouchStart}
                                      href="/"
                                    >
                                  <LinkComponent href="/about" className="relative p...">
                                    <a
+                                     className="relative px-3.5 py-2 text-[14px] font-medium rounded-md transition-co..."
-                                     className="relative px-3.5 py-2 text-[14px] font-medium rounded-md transition-co..."
                                      ref={function}
                                      onClick={function onClick}
                                      onMouseEnter={function onMouseEnter}
                                      onTouchStart={function onTouchStart}
                                      href="/about"
                                    >
                                      <span
+                                       className="absolute left-2 right-2 -bottom-0.5 h-0.5 rounded-full bg-gs-blue-500"
-                                       className="absolute left-2 right-2 -bottom-0.5 h-0.5 rounded-full bg-gs-cyan-500"
                                      >
                                  <LinkComponent href="/map-explorer" className={"relative..."}>
                                    <a
+                                     className={"relative px-3.5 py-2 text-[14px] font-medium rounded-md transition-..."}
-                                     className={"relative px-3.5 py-2 text-[14px] font-medium rounded-md transition-..."}
                                      ref={function}
                                      onClick={function onClick}
                                      onMouseEnter={function onMouseEnter}
                                      onTouchStart={function onTouchStart}
                                      href="/map-explorer"
                                    >
                                  <LinkComponent href="/operations" className={"relative..."}>
                                    <a
+                                     className={"relative px-3.5 py-2 text-[14px] font-medium rounded-md transition-..."}
-                                     className={"relative px-3.5 py-2 text-[14px] font-medium rounded-md transition-..."}
                                      ref={function}
                                      onClick={function onClick}
                                      onMouseEnter={function onMouseEnter}
                                      onTouchStart={function onTouchStart}
                                      href="/operations"
                                    >
                                  <LinkComponent href="/intelligence" className={"relative..."}>
                                    <a
+                                     className={"relative px-3.5 py-2 text-[14px] font-medium rounded-md transition-..."}
-                                     className={"relative px-3.5 py-2 text-[14px] font-medium rounded-md transition-..."}
                                      ref={function}
                                      onClick={function onClick}
                                      onMouseEnter={function onMouseEnter}
                                      onTouchStart={function onTouchStart}
                                      href="/intelligence"
                                    >
                                  <LinkComponent href="/analytics" className={"relative..."}>
                                    <a
+                                     className={"relative px-3.5 py-2 text-[14px] font-medium rounded-md transition-..."}
-                                     className={"relative px-3.5 py-2 text-[14px] font-medium rounded-md transition-..."}
                                      ref={function}
                                      onClick={function onClick}
                                      onMouseEnter={function onMouseEnter}
                                      onTouchStart={function onTouchStart}
                                      href="/analytics"
                                    >
                                  <LinkComponent href="/custom-data" className={"relative..."}>
                                    <a
+                                     className={"relative px-3.5 py-2 text-[14px] font-medium rounded-md transition-..."}
-                                     className={"relative px-3.5 py-2 text-[14px] font-medium rounded-md transition-..."}
                                      ref={function}
                                      onClick={function onClick}
                                      onMouseEnter={function onMouseEnter}
                                      onTouchStart={function onTouchStart}
                                      href="/custom-data"
                                    >
                                  <LinkComponent href="/alerts" className={"relative..."}>
                                    <a
+                                     className={"relative px-3.5 py-2 text-[14px] font-medium rounded-md transition-..."}
-                                     className={"relative px-3.5 py-2 text-[14px] font-medium rounded-md transition-..."}
                                      ref={function}
                                      onClick={function onClick}
                                      onMouseEnter={function onMouseEnter}
                                      onTouchStart={function onTouchStart}
                                      href="/alerts"
                                    >
                                  <LinkComponent href="/documenta..." className={"relative..."}>
                                    <a
+                                     className={"relative px-3.5 py-2 text-[14px] font-medium rounded-md transition-..."}
-                                     className={"relative px-3.5 py-2 text-[14px] font-medium rounded-md transition-..."}
                                      ref={function}
                                      onClick={function onClick}
                                      onMouseEnter={function onMouseEnter}
                                      onTouchStart={function onTouchStart}
                                      href="/documentation"
                                    >
                                <div className="hidden xl:...">
                                  <button
                                    onClick={function toggleTheme}
+                                   aria-label="Switch to dark mode"
-                                   aria-label="Switch to light mode"
+                                   title="Switch to dark mode"
-                                   title="Switch to light mode"
+                                   className="p-1.5 rounded-md border transition-colors border-gs-gray-300 text-gs-gr..."
-                                   className="p-1.5 rounded-md border transition-colors border-gs-border text-gs-cyan..."
                                  >
                                    <Moon className="w-4 h-4">
                                      <svg
                                        ref={null}
                                        xmlns="http://www.w3.org/2000/svg"
                                        width={24}
                                        height={24}
                                        viewBox="0 0 24 24"
                                        fill="none"
                                        stroke="currentColor"
                                        strokeWidth={2}
                                        strokeLinecap="round"
                                        strokeLinejoin="round"
+                                       className="lucide lucide-moon w-4 h-4"
-                                       className="lucide lucide-sun w-4 h-4"
                                        aria-hidden="true"
                                      >
+                                       <path
+                                         d="M20.985 12.486a9 9 0 1 1-9.473-9.472c.405-.022.617.46.402.803a6 6 0 0 0 8..."
+                                       >
-                                       <circle cx="12" cy="12" r="4">
                                  ...
                                ...
                          ...
                      ...
                    ...
          ...

    at <unknown> (https://react.dev/link/hydration-mismatch)
    at path (<anonymous>)
    at Array.map (<anonymous>)
    at Navbar (src/components/layout/Navbar.tsx:121:63)
    at AboutPage (src\app\about\page.tsx:9:7)
  119 |             }`}
  120 |           >
> 121 |             {theme === "dark" ? <Sun className="w-4 h-4" /> : <Moon className="w-4 h-4" />}
      |                                                               ^
  122 |           </button>
  123 |           <Link
  124 |             href="/login"
[browser] Detected `scroll-behavior: smooth` on the `<html>` element. To disable smooth scrolling during route transitions, add `data-scroll-behavior="smooth"` to your <html> element. Learn more: https://nextjs.org/docs/messages/missing-data-scroll-behavior
[browser] Uncaught Error: Hydration failed because the server rendered HTML didn't match the client. As a result this tree will be regenerated on the client. This can happen if a SSR-ed Client Component used:

- A server/client branch `if (typeof window !== 'undefined')`.
- Variable input such as `Date.now()` or `Math.random()` which changes each time it's called.
- Date formatting in a user's locale which doesn't match the server.
- External changing data without sending a snapshot of it along with the HTML.
- Invalid HTML tag nesting.

It can also happen if the client has a browser extension installed which messes with the HTML before React loaded.

https://react.dev/link/hydration-mismatch

  ...
    <InnerScrollHandlerNew focusAndScrollRef={{scrollRef:null, ...}} cacheNode={{rsc:{...}, ...}}>
      <ErrorBoundary errorComponent={undefined} errorStyles={undefined} errorScripts={undefined}>
        <LoadingBoundary name="/" loading={null}>
          <HTTPAccessFallbackBoundary notFound={{...}} forbidden={undefined} unauthorized={undefined}>
            <HTTPAccessFallbackErrorBoundary pathname="/" notFound={{...}} forbidden={undefined} unauthorized={undefined} ...>
              <RedirectBoundary>
                <RedirectErrorBoundary router={{...}}>
                  <InnerLayoutRouter url="/" tree={[...]} params={{}} cacheNode={{rsc:{...}, ...}} segmentPath={[...]} ...>
                    <SegmentViewNode type="page" pagePath="page.tsx">
                      <SegmentTrieNode>
                      <ClientPageRoot Component={function HomePage} serverProvidedParams={{...}}>
                        <HomePage params={Promise} searchParams={Promise}>
                          <FluidCursor>
                          <Navbar variant="transparent">
                            <header
+                             className="fixed top-0 left-0 right-0 z-50 border-b transition-all duration-300 bg-white..."
-                             className="fixed top-0 left-0 right-0 z-50 border-b transition-all duration-300 bg-gs-bg..."
                            >
                              <div className="container-...">
                                <LinkComponent href="/" className="group flex...">
                                  <a
+                                   className="group flex items-center gap-2.5 text-gs-gray-900"
-                                   className="group flex items-center gap-2.5 text-gs-text-primary"
                                    ref={function}
                                    onClick={function onClick}
                                    onMouseEnter={function onMouseEnter}
                                    onTouchStart={function onTouchStart}
                                    href="/"
                                  >
                                    <div>
                                    <div className="leading-tight">
                                      <div>
                                      <div
+                                       className="text-[10px] font-medium uppercase tracking-[0.13em] text-gs-gray-600"
-                                       className="text-[10px] font-medium uppercase tracking-[0.13em] text-gs-text-se..."
                                      >
+                                       National Grid Intelligence
                                <nav className="hidden xl:...">
                                  <LinkComponent href="/" className="relative p...">
                                    <a
+                                     className="relative px-3.5 py-2 text-[14px] font-medium rounded-md transition-co..."
-                                     className="relative px-3.5 py-2 text-[14px] font-medium rounded-md transition-co..."
                                      ref={function}
                                      onClick={function onClick}
                                      onMouseEnter={function onMouseEnter}
                                      onTouchStart={function onTouchStart}
                                      href="/"
                                    >
                                      <span
+                                       className="absolute left-2 right-2 -bottom-0.5 h-0.5 rounded-full bg-gs-blue-500"
-                                       className="absolute left-2 right-2 -bottom-0.5 h-0.5 rounded-full bg-gs-cyan-500"
                                      >
                                  <LinkComponent href="/about" className={"relative..."}>
                                    <a
+                                     className={"relative px-3.5 py-2 text-[14px] font-medium rounded-md transition-..."}
-                                     className={"relative px-3.5 py-2 text-[14px] font-medium rounded-md transition-..."}
                                      ref={function}
                                      onClick={function onClick}
                                      onMouseEnter={function onMouseEnter}
                                      onTouchStart={function onTouchStart}
                                      href="/about"
                                    >
                                  <LinkComponent href="/map-explorer" className={"relative..."}>
                                    <a
+                                     className={"relative px-3.5 py-2 text-[14px] font-medium rounded-md transition-..."}
-                                     className={"relative px-3.5 py-2 text-[14px] font-medium rounded-md transition-..."}
                                      ref={function}
                                      onClick={function onClick}
                                      onMouseEnter={function onMouseEnter}
                                      onTouchStart={function onTouchStart}
                                      href="/map-explorer"
                                    >
                                  <LinkComponent href="/operations" className={"relative..."}>
                                    <a
+                                     className={"relative px-3.5 py-2 text-[14px] font-medium rounded-md transition-..."}
-                                     className={"relative px-3.5 py-2 text-[14px] font-medium rounded-md transition-..."}
                                      ref={function}
                                      onClick={function onClick}
                                      onMouseEnter={function onMouseEnter}
                                      onTouchStart={function onTouchStart}
                                      href="/operations"
                                    >
                                  <LinkComponent href="/intelligence" className={"relative..."}>
                                    <a
+                                     className={"relative px-3.5 py-2 text-[14px] font-medium rounded-md transition-..."}
-                                     className={"relative px-3.5 py-2 text-[14px] font-medium rounded-md transition-..."}
                                      ref={function}
                                      onClick={function onClick}
                                      onMouseEnter={function onMouseEnter}
                                      onTouchStart={function onTouchStart}
                                      href="/intelligence"
                                    >
                                  <LinkComponent href="/analytics" className={"relative..."}>
                                    <a
+                                     className={"relative px-3.5 py-2 text-[14px] font-medium rounded-md transition-..."}
-                                     className={"relative px-3.5 py-2 text-[14px] font-medium rounded-md transition-..."}
                                      ref={function}
                                      onClick={function onClick}
                                      onMouseEnter={function onMouseEnter}
                                      onTouchStart={function onTouchStart}
                                      href="/analytics"
                                    >
                                  <LinkComponent href="/custom-data" className={"relative..."}>
                                    <a
+                                     className={"relative px-3.5 py-2 text-[14px] font-medium rounded-md transition-..."}
-                                     className={"relative px-3.5 py-2 text-[14px] font-medium rounded-md transition-..."}
                                      ref={function}
                                      onClick={function onClick}
                                      onMouseEnter={function onMouseEnter}
                                      onTouchStart={function onTouchStart}
                                      href="/custom-data"
                                    >
                                  <LinkComponent href="/alerts" className={"relative..."}>
                                    <a
+                                     className={"relative px-3.5 py-2 text-[14px] font-medium rounded-md transition-..."}
-                                     className={"relative px-3.5 py-2 text-[14px] font-medium rounded-md transition-..."}
                                      ref={function}
                                      onClick={function onClick}
                                      onMouseEnter={function onMouseEnter}
                                      onTouchStart={function onTouchStart}
                                      href="/alerts"
                                    >
                                  <LinkComponent href="/documenta..." className={"relative..."}>
                                    <a
+                                     className={"relative px-3.5 py-2 text-[14px] font-medium rounded-md transition-..."}
-                                     className={"relative px-3.5 py-2 text-[14px] font-medium rounded-md transition-..."}
                                      ref={function}
                                      onClick={function onClick}
                                      onMouseEnter={function onMouseEnter}
                                      onTouchStart={function onTouchStart}
                                      href="/documentation"
                                    >
                                <div className="hidden xl:...">
                                  <button
                                    onClick={function toggleTheme}
+                                   aria-label="Switch to dark mode"
-                                   aria-label="Switch to light mode"
+                                   title="Switch to dark mode"
-                                   title="Switch to light mode"
+                                   className="p-1.5 rounded-md border transition-colors border-gs-gray-300 text-gs-gr..."
-                                   className="p-1.5 rounded-md border transition-colors border-gs-border text-gs-cyan..."
                                  >
                                    <Moon className="w-4 h-4">
                                      <svg
                                        ref={null}
                                        xmlns="http://www.w3.org/2000/svg"
                                        width={24}
                                        height={24}
                                        viewBox="0 0 24 24"
                                        fill="none"
                                        stroke="currentColor"
                                        strokeWidth={2}
                                        strokeLinecap="round"
                                        strokeLinejoin="round"
+                                       className="lucide lucide-moon w-4 h-4"
-                                       className="lucide lucide-sun w-4 h-4"
                                        aria-hidden="true"
                                      >
+                                       <path
+                                         d="M20.985 12.486a9 9 0 1 1-9.473-9.472c.405-.022.617.46.402.803a6 6 0 0 0 8..."
+                                       >
-                                       <circle cx="12" cy="12" r="4">
                                  ...
                                ...
                          ...
                    ...
                  ...
      ...

    at <unknown> (https://react.dev/link/hydration-mismatch)
    at path (<anonymous>)
    at Array.map (<anonymous>)
    at Navbar (src/components/layout/Navbar.tsx:121:63)
    at HomePage (src/app/page.tsx:17:7)
  119 |             }`}
  120 |           >
> 121 |             {theme === "dark" ? <Sun className="w-4 h-4" /> : <Moon className="w-4 h-4" />}
      |                                                               ^
  122 |           </button>
  123 |           <Link
  124 |             href="/login"
[browser] Detected `scroll-behavior: smooth` on the `<html>` element. To disable smooth scrolling during route transitions, add `data-scroll-behavior="smooth"` to your <html> element. Learn more: https://nextjs.org/docs/messages/missing-data-scroll-behavior
⨯ ./src/app/dashboard/page.tsx:5:1
Error: Module not found: Can't resolve '@/components/layout/Navbar'
  [90m3 |[0m [36mimport[0m { useGridStore } [36mfrom[0m [32m"@/store/gridStore"[0m;
  [90m4 |[0m [36mimport[0m { api } [36mfrom[0m [32m"@/lib/api"[0m;
[31m[1m>[0m [90m5 |[0m [36mimport[0m { [33mNavbar[0m } [36mfrom[0m [32m"@/components/layout/Navbar"[0m;
  [90m  |[0m [31m[1m^^^^^^^^^^^^^^^^^^^^^^^^^^^^^^^^^^^^^^^^^^^^^^^^^^^^[0m
  [90m6 |[0m [36mimport[0m { [33mGridScene[0m } [36mfrom[0m [32m"@/components/grid/GridScene"[0m;
  [90m7 |[0m [36mimport[0m { [33mIntelligencePanel[0m } [36mfrom[0m [32m"@/components/dashboard/IntelligencePanel"[0m;
  [90m8 |[0m [36mimport[0m { [33mNodeDetailPanel[0m } [36mfrom[0m [32m"@/components/dashboard/NodeDetailPanel"[0m;

Import map: aliased to relative './src/components/layout/Navbar' inside of [project]/


Import traces:
  Client Component Browser:
    ./src/app/dashboard/page.tsx [Client Component Browser]
    ./src/app/dashboard/page.tsx [Server Component]

  Client Component SSR:
    ./src/app/dashboard/page.tsx [Client Component SSR]
    ./src/app/dashboard/page.tsx [Server Component]

https://nextjs.org/docs/messages/module-not-found


⨯ ./src/app/dashboard/page.tsx:5:1
Error: Module not found: Can't resolve '@/components/layout/Navbar'
  [90m3 |[0m [36mimport[0m { useGridStore } [36mfrom[0m [32m"@/store/gridStore"[0m;
  [90m4 |[0m [36mimport[0m { api } [36mfrom[0m [32m"@/lib/api"[0m;
[31m[1m>[0m [90m5 |[0m [36mimport[0m { [33mNavbar[0m } [36mfrom[0m [32m"@/components/layout/Navbar"[0m;
  [90m  |[0m [31m[1m^^^^^^^^^^^^^^^^^^^^^^^^^^^^^^^^^^^^^^^^^^^^^^^^^^^^[0m
  [90m6 |[0m [36mimport[0m { [33mGridScene[0m } [36mfrom[0m [32m"@/components/grid/GridScene"[0m;
  [90m7 |[0m [36mimport[0m { [33mIntelligencePanel[0m } [36mfrom[0m [32m"@/components/dashboard/IntelligencePanel"[0m;
  [90m8 |[0m [36mimport[0m { [33mNodeDetailPanel[0m } [36mfrom[0m [32m"@/components/dashboard/NodeDetailPanel"[0m;

Import map: aliased to relative './src/components/layout/Navbar' inside of [project]/


Import traces:
  Client Component Browser:
    ./src/app/dashboard/page.tsx [Client Component Browser]
    ./src/app/dashboard/page.tsx [Server Component]

  Client Component SSR:
    ./src/app/dashboard/page.tsx [Client Component SSR]
    ./src/app/dashboard/page.tsx [Server Component]

https://nextjs.org/docs/messages/module-not-found


⨯ ./src/app/dashboard/page.tsx:5:1
Error: Module not found: Can't resolve '@/components/layout/Navbar'
  [90m3 |[0m [36mimport[0m { useGridStore } [36mfrom[0m [32m"@/store/gridStore"[0m;
  [90m4 |[0m [36mimport[0m { api } [36mfrom[0m [32m"@/lib/api"[0m;
[31m[1m>[0m [90m5 |[0m [36mimport[0m { [33mNavbar[0m } [36mfrom[0m [32m"@/components/layout/Navbar"[0m;
  [90m  |[0m [31m[1m^^^^^^^^^^^^^^^^^^^^^^^^^^^^^^^^^^^^^^^^^^^^^^^^^^^^[0m
  [90m6 |[0m [36mimport[0m { [33mGridScene[0m } [36mfrom[0m [32m"@/components/grid/GridScene"[0m;
  [90m7 |[0m [36mimport[0m { [33mIntelligencePanel[0m } [36mfrom[0m [32m"@/components/dashboard/IntelligencePanel"[0m;
  [90m8 |[0m [36mimport[0m { [33mNodeDetailPanel[0m } [36mfrom[0m [32m"@/components/dashboard/NodeDetailPanel"[0m;

Import map: aliased to relative './src/components/layout/Navbar' inside of [project]/


Import traces:
  Client Component Browser:
    ./src/app/dashboard/page.tsx [Client Component Browser]
    ./src/app/dashboard/page.tsx [Server Component]

  Client Component SSR:
    ./src/app/dashboard/page.tsx [Client Component SSR]
    ./src/app/dashboard/page.tsx [Server Component]

https://nextjs.org/docs/messages/module-not-found


⨯ ./src/app/dashboard/page.tsx:5:1
Error: Module not found: Can't resolve '@/components/layout/Navbar'
  [90m3 |[0m [36mimport[0m { useGridStore } [36mfrom[0m [32m"@/store/gridStore"[0m;
  [90m4 |[0m [36mimport[0m { api } [36mfrom[0m [32m"@/lib/api"[0m;
[31m[1m>[0m [90m5 |[0m [36mimport[0m { [33mNavbar[0m } [36mfrom[0m [32m"@/components/layout/Navbar"[0m;
  [90m  |[0m [31m[1m^^^^^^^^^^^^^^^^^^^^^^^^^^^^^^^^^^^^^^^^^^^^^^^^^^^^[0m
  [90m6 |[0m [36mimport[0m { [33mGridScene[0m } [36mfrom[0m [32m"@/components/grid/GridScene"[0m;
  [90m7 |[0m [36mimport[0m { [33mIntelligencePanel[0m } [36mfrom[0m [32m"@/components/dashboard/IntelligencePanel"[0m;
  [90m8 |[0m [36mimport[0m { [33mNodeDetailPanel[0m } [36mfrom[0m [32m"@/components/dashboard/NodeDetailPanel"[0m;

Import map: aliased to relative './src/components/layout/Navbar' inside of [project]/


Import traces:
  Client Component Browser:
    ./src/app/dashboard/page.tsx [Client Component Browser]
    ./src/app/dashboard/page.tsx [Server Component]

  Client Component SSR:
    ./src/app/dashboard/page.tsx [Client Component SSR]
    ./src/app/dashboard/page.tsx [Server Component]

https://nextjs.org/docs/messages/module-not-found


⨯ ./src/app/map-explorer/page.tsx:3:1
Error: Module not found: Can't resolve '@/components/layout/Navbar'
  [90m1 |[0m [32m"use client"[0m;
  [90m2 |[0m [36mimport[0m { useState, useEffect, useRef } [36mfrom[0m [32m"react"[0m;
[31m[1m>[0m [90m3 |[0m [36mimport[0m { [33mNavbar[0m } [36mfrom[0m [32m"@/components/layout/Navbar"[0m;
  [90m  |[0m [31m[1m^^^^^^^^^^^^^^^^^^^^^^^^^^^^^^^^^^^^^^^^^^^^^^^^^^^^[0m
  [90m4 |[0m [36mimport[0m { [33mGridScene[0m } [36mfrom[0m [32m"@/components/grid/GridScene"[0m;
  [90m5 |[0m [36mimport[0m { [33mIntelligencePanel[0m } [36mfrom[0m [32m"@/components/dashboard/IntelligencePanel"[0m;
  [90m6 |[0m [36mimport[0m { [33mNodeDetailPanel[0m } [36mfrom[0m [32m"@/components/dashboard/NodeDetailPanel"[0m;

Import map: aliased to relative './src/components/layout/Navbar' inside of [project]/


Import traces:
  Client Component Browser:
    ./src/app/map-explorer/page.tsx [Client Component Browser]
    ./src/app/map-explorer/page.tsx [Server Component]

  Client Component SSR:
    ./src/app/map-explorer/page.tsx [Client Component SSR]
    ./src/app/map-explorer/page.tsx [Server Component]

https://nextjs.org/docs/messages/module-not-found


⨯ ./src/app/map-explorer/page.tsx:3:1
Error: Module not found: Can't resolve '@/components/layout/Navbar'
  [90m1 |[0m [32m"use client"[0m;
  [90m2 |[0m [36mimport[0m { useState, useEffect, useRef } [36mfrom[0m [32m"react"[0m;
[31m[1m>[0m [90m3 |[0m [36mimport[0m { [33mNavbar[0m } [36mfrom[0m [32m"@/components/layout/Navbar"[0m;
  [90m  |[0m [31m[1m^^^^^^^^^^^^^^^^^^^^^^^^^^^^^^^^^^^^^^^^^^^^^^^^^^^^[0m
  [90m4 |[0m [36mimport[0m { [33mGridScene[0m } [36mfrom[0m [32m"@/components/grid/GridScene"[0m;
  [90m5 |[0m [36mimport[0m { [33mIntelligencePanel[0m } [36mfrom[0m [32m"@/components/dashboard/IntelligencePanel"[0m;
  [90m6 |[0m [36mimport[0m { [33mNodeDetailPanel[0m } [36mfrom[0m [32m"@/components/dashboard/NodeDetailPanel"[0m;

Import map: aliased to relative './src/components/layout/Navbar' inside of [project]/


Import traces:
  Client Component Browser:
    ./src/app/map-explorer/page.tsx [Client Component Browser]
    ./src/app/map-explorer/page.tsx [Server Component]

  Client Component SSR:
    ./src/app/map-explorer/page.tsx [Client Component SSR]
    ./src/app/map-explorer/page.tsx [Server Component]

https://nextjs.org/docs/messages/module-not-found


⨯ ./src/app/map-explorer/page.tsx:3:1
Error: Module not found: Can't resolve '@/components/layout/Navbar'
  [90m1 |[0m [32m"use client"[0m;
  [90m2 |[0m [36mimport[0m { useState, useEffect, useRef } [36mfrom[0m [32m"react"[0m;
[31m[1m>[0m [90m3 |[0m [36mimport[0m { [33mNavbar[0m } [36mfrom[0m [32m"@/components/layout/Navbar"[0m;
  [90m  |[0m [31m[1m^^^^^^^^^^^^^^^^^^^^^^^^^^^^^^^^^^^^^^^^^^^^^^^^^^^^[0m
  [90m4 |[0m [36mimport[0m { [33mGridScene[0m } [36mfrom[0m [32m"@/components/grid/GridScene"[0m;
  [90m5 |[0m [36mimport[0m { [33mIntelligencePanel[0m } [36mfrom[0m [32m"@/components/dashboard/IntelligencePanel"[0m;
  [90m6 |[0m [36mimport[0m { [33mNodeDetailPanel[0m } [36mfrom[0m [32m"@/components/dashboard/NodeDetailPanel"[0m;

Import map: aliased to relative './src/components/layout/Navbar' inside of [project]/


Import traces:
  Client Component Browser:
    ./src/app/map-explorer/page.tsx [Client Component Browser]
    ./src/app/map-explorer/page.tsx [Server Component]

  Client Component SSR:
    ./src/app/map-explorer/page.tsx [Client Component SSR]
    ./src/app/map-explorer/page.tsx [Server Component]

https://nextjs.org/docs/messages/module-not-found


⨯ ./src/app/map-explorer/page.tsx:3:1
Error: Module not found: Can't resolve '@/components/layout/Navbar'
  [90m1 |[0m [32m"use client"[0m;
  [90m2 |[0m [36mimport[0m { useState, useEffect, useRef } [36mfrom[0m [32m"react"[0m;
[31m[1m>[0m [90m3 |[0m [36mimport[0m { [33mNavbar[0m } [36mfrom[0m [32m"@/components/layout/Navbar"[0m;
  [90m  |[0m [31m[1m^^^^^^^^^^^^^^^^^^^^^^^^^^^^^^^^^^^^^^^^^^^^^^^^^^^^[0m
  [90m4 |[0m [36mimport[0m { [33mGridScene[0m } [36mfrom[0m [32m"@/components/grid/GridScene"[0m;
  [90m5 |[0m [36mimport[0m { [33mIntelligencePanel[0m } [36mfrom[0m [32m"@/components/dashboard/IntelligencePanel"[0m;
  [90m6 |[0m [36mimport[0m { [33mNodeDetailPanel[0m } [36mfrom[0m [32m"@/components/dashboard/NodeDetailPanel"[0m;

Import map: aliased to relative './src/components/layout/Navbar' inside of [project]/


Import traces:
  Client Component Browser:
    ./src/app/map-explorer/page.tsx [Client Component Browser]
    ./src/app/map-explorer/page.tsx [Server Component]

  Client Component SSR:
    ./src/app/map-explorer/page.tsx [Client Component SSR]
    ./src/app/map-explorer/page.tsx [Server Component]

https://nextjs.org/docs/messages/module-not-found


⨯ ./src/app/documentation/page.tsx:1:1
Error: Module not found: Can't resolve '@/components/layout/Navbar'
[31m[1m>[0m [90m1 |[0m [36mimport[0m { [33mNavbar[0m } [36mfrom[0m [32m"@/components/layout/Navbar"[0m;
  [90m  |[0m [31m[1m^^^^^^^^^^^^^^^^^^^^^^^^^^^^^^^^^^^^^^^^^^^^^^^^^^^^[0m
  [90m2 |[0m [36mimport[0m { [33mFooter[0m } [36mfrom[0m [32m"@/components/layout/Footer"[0m;
  [90m3 |[0m [36mimport[0m { [33mBook[0m, [33mCode[0m, [33mCpu[0m, [33mGitBranch[0m, [33mNetwork[0m, [33mZap[0m } [36mfrom[0m [32m"lucide-react"[0m;
  [90m4 |[0m [36mimport[0m [33mLink[0m [36mfrom[0m [32m"next/link"[0m;

Import map: aliased to relative './src/components/layout/Navbar' inside of [project]/


https://nextjs.org/docs/messages/module-not-found


⨯ ./src/app/documentation/page.tsx:1:1
Error: Module not found: Can't resolve '@/components/layout/Navbar'
[31m[1m>[0m [90m1 |[0m [36mimport[0m { [33mNavbar[0m } [36mfrom[0m [32m"@/components/layout/Navbar"[0m;
  [90m  |[0m [31m[1m^^^^^^^^^^^^^^^^^^^^^^^^^^^^^^^^^^^^^^^^^^^^^^^^^^^^[0m
  [90m2 |[0m [36mimport[0m { [33mFooter[0m } [36mfrom[0m [32m"@/components/layout/Footer"[0m;
  [90m3 |[0m [36mimport[0m { [33mBook[0m, [33mCode[0m, [33mCpu[0m, [33mGitBranch[0m, [33mNetwork[0m, [33mZap[0m } [36mfrom[0m [32m"lucide-react"[0m;
  [90m4 |[0m [36mimport[0m [33mLink[0m [36mfrom[0m [32m"next/link"[0m;

Import map: aliased to relative './src/components/layout/Navbar' inside of [project]/


https://nextjs.org/docs/messages/module-not-found


⨯ ./src/app/about/page.tsx:1:1
Error: Module not found: Can't resolve '@/components/layout/Navbar'
[31m[1m>[0m [90m1 |[0m [36mimport[0m { [33mNavbar[0m } [36mfrom[0m [32m"@/components/layout/Navbar"[0m;
  [90m  |[0m [31m[1m^^^^^^^^^^^^^^^^^^^^^^^^^^^^^^^^^^^^^^^^^^^^^^^^^^^^[0m
  [90m2 |[0m [36mimport[0m { [33mFooter[0m } [36mfrom[0m [32m"@/components/layout/Footer"[0m;
  [90m3 |[0m [36mimport[0m { [33mCheckCircle2[0m, [33mAward[0m, [33mUsers[0m, [33mGlobe[0m } [36mfrom[0m [32m"lucide-react"[0m;
  [90m4 |[0m [36mimport[0m [33mLink[0m [36mfrom[0m [32m"next/link"[0m;

Import map: aliased to relative './src/components/layout/Navbar' inside of [project]/


https://nextjs.org/docs/messages/module-not-found


⨯ ./src/app/about/page.tsx:1:1
Error: Module not found: Can't resolve '@/components/layout/Navbar'
[31m[1m>[0m [90m1 |[0m [36mimport[0m { [33mNavbar[0m } [36mfrom[0m [32m"@/components/layout/Navbar"[0m;
  [90m  |[0m [31m[1m^^^^^^^^^^^^^^^^^^^^^^^^^^^^^^^^^^^^^^^^^^^^^^^^^^^^[0m
  [90m2 |[0m [36mimport[0m { [33mFooter[0m } [36mfrom[0m [32m"@/components/layout/Footer"[0m;
  [90m3 |[0m [36mimport[0m { [33mCheckCircle2[0m, [33mAward[0m, [33mUsers[0m, [33mGlobe[0m } [36mfrom[0m [32m"lucide-react"[0m;
  [90m4 |[0m [36mimport[0m [33mLink[0m [36mfrom[0m [32m"next/link"[0m;

Import map: aliased to relative './src/components/layout/Navbar' inside of [project]/


https://nextjs.org/docs/messages/module-not-found


⨯ ./src/app/analytics/page.tsx:2:1
Error: Module not found: Can't resolve '@/components/layout/Navbar'
  [90m1 |[0m [32m"use client"[0m;
[31m[1m>[0m [90m2 |[0m [36mimport[0m { [33mNavbar[0m } [36mfrom[0m [32m"@/components/layout/Navbar"[0m;
  [90m  |[0m [31m[1m^^^^^^^^^^^^^^^^^^^^^^^^^^^^^^^^^^^^^^^^^^^^^^^^^^^^[0m
  [90m3 |[0m [36mimport[0m { [33mFooter[0m } [36mfrom[0m [32m"@/components/layout/Footer"[0m;
  [90m4 |[0m [36mimport[0m { [33mBarChart3[0m, [33mTrendingUp[0m, [33mActivity[0m, [33mThermometer[0m } [36mfrom[0m [32m"lucide-react"[0m;
  [90m5 |[0m [36mimport[0m [33mLink[0m [36mfrom[0m [32m"next/link"[0m;

Import map: aliased to relative './src/components/layout/Navbar' inside of [project]/


Import traces:
  Client Component Browser:
    ./src/app/analytics/page.tsx [Client Component Browser]
    ./src/app/analytics/page.tsx [Server Component]

  Client Component SSR:
    ./src/app/analytics/page.tsx [Client Component SSR]
    ./src/app/analytics/page.tsx [Server Component]

https://nextjs.org/docs/messages/module-not-found


⨯ ./src/app/analytics/page.tsx:2:1
Error: Module not found: Can't resolve '@/components/layout/Navbar'
  [90m1 |[0m [32m"use client"[0m;
[31m[1m>[0m [90m2 |[0m [36mimport[0m { [33mNavbar[0m } [36mfrom[0m [32m"@/components/layout/Navbar"[0m;
  [90m  |[0m [31m[1m^^^^^^^^^^^^^^^^^^^^^^^^^^^^^^^^^^^^^^^^^^^^^^^^^^^^[0m
  [90m3 |[0m [36mimport[0m { [33mFooter[0m } [36mfrom[0m [32m"@/components/layout/Footer"[0m;
  [90m4 |[0m [36mimport[0m { [33mBarChart3[0m, [33mTrendingUp[0m, [33mActivity[0m, [33mThermometer[0m } [36mfrom[0m [32m"lucide-react"[0m;
  [90m5 |[0m [36mimport[0m [33mLink[0m [36mfrom[0m [32m"next/link"[0m;

Import map: aliased to relative './src/components/layout/Navbar' inside of [project]/


Import traces:
  Client Component Browser:
    ./src/app/analytics/page.tsx [Client Component Browser]
    ./src/app/analytics/page.tsx [Server Component]

  Client Component SSR:
    ./src/app/analytics/page.tsx [Client Component SSR]
    ./src/app/analytics/page.tsx [Server Component]

https://nextjs.org/docs/messages/module-not-found


⨯ ./src/app/analytics/page.tsx:2:1
Error: Module not found: Can't resolve '@/components/layout/Navbar'
  [90m1 |[0m [32m"use client"[0m;
[31m[1m>[0m [90m2 |[0m [36mimport[0m { [33mNavbar[0m } [36mfrom[0m [32m"@/components/layout/Navbar"[0m;
  [90m  |[0m [31m[1m^^^^^^^^^^^^^^^^^^^^^^^^^^^^^^^^^^^^^^^^^^^^^^^^^^^^[0m
  [90m3 |[0m [36mimport[0m { [33mFooter[0m } [36mfrom[0m [32m"@/components/layout/Footer"[0m;
  [90m4 |[0m [36mimport[0m { [33mBarChart3[0m, [33mTrendingUp[0m, [33mActivity[0m, [33mThermometer[0m } [36mfrom[0m [32m"lucide-react"[0m;
  [90m5 |[0m [36mimport[0m [33mLink[0m [36mfrom[0m [32m"next/link"[0m;

Import map: aliased to relative './src/components/layout/Navbar' inside of [project]/


Import traces:
  Client Component Browser:
    ./src/app/analytics/page.tsx [Client Component Browser]
    ./src/app/analytics/page.tsx [Server Component]

  Client Component SSR:
    ./src/app/analytics/page.tsx [Client Component SSR]
    ./src/app/analytics/page.tsx [Server Component]

https://nextjs.org/docs/messages/module-not-found


⨯ ./src/app/analytics/page.tsx:2:1
Error: Module not found: Can't resolve '@/components/layout/Navbar'
  [90m1 |[0m [32m"use client"[0m;
[31m[1m>[0m [90m2 |[0m [36mimport[0m { [33mNavbar[0m } [36mfrom[0m [32m"@/components/layout/Navbar"[0m;
  [90m  |[0m [31m[1m^^^^^^^^^^^^^^^^^^^^^^^^^^^^^^^^^^^^^^^^^^^^^^^^^^^^[0m
  [90m3 |[0m [36mimport[0m { [33mFooter[0m } [36mfrom[0m [32m"@/components/layout/Footer"[0m;
  [90m4 |[0m [36mimport[0m { [33mBarChart3[0m, [33mTrendingUp[0m, [33mActivity[0m, [33mThermometer[0m } [36mfrom[0m [32m"lucide-react"[0m;
  [90m5 |[0m [36mimport[0m [33mLink[0m [36mfrom[0m [32m"next/link"[0m;

Import map: aliased to relative './src/components/layout/Navbar' inside of [project]/


Import traces:
  Client Component Browser:
    ./src/app/analytics/page.tsx [Client Component Browser]
    ./src/app/analytics/page.tsx [Server Component]

  Client Component SSR:
    ./src/app/analytics/page.tsx [Client Component SSR]
    ./src/app/analytics/page.tsx [Server Component]

https://nextjs.org/docs/messages/module-not-found


⨯ ./src/app/operations/page.tsx:6:1
Error: Module not found: Can't resolve '@/components/layout/Navbar'
  [90m4 |[0m [36mimport[0m [33mLink[0m [36mfrom[0m [32m"next/link"[0m;
  [90m5 |[0m [36mimport[0m { [33mActivity[0m, [33mBellRing[0m, [33mCheckCircle2[0m, [33mClipboardList[0m, [33mFileDown[0m, [33mMapPinned[0m, [33mRadio[0m, [33mSearc.[0m..
[31m[1m>[0m [90m6 |[0m [36mimport[0m { [33mNavbar[0m } [36mfrom[0m [32m"@/components/layout/Navbar"[0m;
  [90m  |[0m [31m[1m^^^^^^^^^^^^^^^^^^^^^^^^^^^^^^^^^^^^^^^^^^^^^^^^^^^^[0m
  [90m7 |[0m [36mimport[0m { api, [36mtype[0m [33mAlertWorkflowState[0m, [36mtype[0m [33mLiveTransformer[0m, [36mtype[0m [33mPersistedAlert[0m, [36mtype[0m [33mScen...[0m
  [90m8 |[0m
  [90m9 |[0m [36mexport[0m [36mdefault[0m [36mfunction[0m [33mOperationsPage[0m() {

Import map: aliased to relative './src/components/layout/Navbar' inside of [project]/


Import traces:
  Client Component Browser:
    ./src/app/operations/page.tsx [Client Component Browser]
    ./src/app/operations/page.tsx [Server Component]

  Client Component SSR:
    ./src/app/operations/page.tsx [Client Component SSR]
    ./src/app/operations/page.tsx [Server Component]

https://nextjs.org/docs/messages/module-not-found


⨯ ./src/app/operations/page.tsx:6:1
Error: Module not found: Can't resolve '@/components/layout/Navbar'
  [90m4 |[0m [36mimport[0m [33mLink[0m [36mfrom[0m [32m"next/link"[0m;
  [90m5 |[0m [36mimport[0m { [33mActivity[0m, [33mBellRing[0m, [33mCheckCircle2[0m, [33mClipboardList[0m, [33mFileDown[0m, [33mMapPinned[0m, [33mRadio[0m, [33mSearc.[0m..
[31m[1m>[0m [90m6 |[0m [36mimport[0m { [33mNavbar[0m } [36mfrom[0m [32m"@/components/layout/Navbar"[0m;
  [90m  |[0m [31m[1m^^^^^^^^^^^^^^^^^^^^^^^^^^^^^^^^^^^^^^^^^^^^^^^^^^^^[0m
  [90m7 |[0m [36mimport[0m { api, [36mtype[0m [33mAlertWorkflowState[0m, [36mtype[0m [33mLiveTransformer[0m, [36mtype[0m [33mPersistedAlert[0m, [36mtype[0m [33mScen...[0m
  [90m8 |[0m
  [90m9 |[0m [36mexport[0m [36mdefault[0m [36mfunction[0m [33mOperationsPage[0m() {

Import map: aliased to relative './src/components/layout/Navbar' inside of [project]/


Import traces:
  Client Component Browser:
    ./src/app/operations/page.tsx [Client Component Browser]
    ./src/app/operations/page.tsx [Server Component]

  Client Component SSR:
    ./src/app/operations/page.tsx [Client Component SSR]
    ./src/app/operations/page.tsx [Server Component]

https://nextjs.org/docs/messages/module-not-found


⨯ ./src/app/operations/page.tsx:6:1
Error: Module not found: Can't resolve '@/components/layout/Navbar'
  [90m4 |[0m [36mimport[0m [33mLink[0m [36mfrom[0m [32m"next/link"[0m;
  [90m5 |[0m [36mimport[0m { [33mActivity[0m, [33mBellRing[0m, [33mCheckCircle2[0m, [33mClipboardList[0m, [33mFileDown[0m, [33mMapPinned[0m, [33mRadio[0m, [33mSearc.[0m..
[31m[1m>[0m [90m6 |[0m [36mimport[0m { [33mNavbar[0m } [36mfrom[0m [32m"@/components/layout/Navbar"[0m;
  [90m  |[0m [31m[1m^^^^^^^^^^^^^^^^^^^^^^^^^^^^^^^^^^^^^^^^^^^^^^^^^^^^[0m
  [90m7 |[0m [36mimport[0m { api, [36mtype[0m [33mAlertWorkflowState[0m, [36mtype[0m [33mLiveTransformer[0m, [36mtype[0m [33mPersistedAlert[0m, [36mtype[0m [33mScen...[0m
  [90m8 |[0m
  [90m9 |[0m [36mexport[0m [36mdefault[0m [36mfunction[0m [33mOperationsPage[0m() {

Import map: aliased to relative './src/components/layout/Navbar' inside of [project]/


Import traces:
  Client Component Browser:
    ./src/app/operations/page.tsx [Client Component Browser]
    ./src/app/operations/page.tsx [Server Component]

  Client Component SSR:
    ./src/app/operations/page.tsx [Client Component SSR]
    ./src/app/operations/page.tsx [Server Component]

https://nextjs.org/docs/messages/module-not-found


⨯ ./src/app/operations/page.tsx:6:1
Error: Module not found: Can't resolve '@/components/layout/Navbar'
  [90m4 |[0m [36mimport[0m [33mLink[0m [36mfrom[0m [32m"next/link"[0m;
  [90m5 |[0m [36mimport[0m { [33mActivity[0m, [33mBellRing[0m, [33mCheckCircle2[0m, [33mClipboardList[0m, [33mFileDown[0m, [33mMapPinned[0m, [33mRadio[0m, [33mSearc.[0m..
[31m[1m>[0m [90m6 |[0m [36mimport[0m { [33mNavbar[0m } [36mfrom[0m [32m"@/components/layout/Navbar"[0m;
  [90m  |[0m [31m[1m^^^^^^^^^^^^^^^^^^^^^^^^^^^^^^^^^^^^^^^^^^^^^^^^^^^^[0m
  [90m7 |[0m [36mimport[0m { api, [36mtype[0m [33mAlertWorkflowState[0m, [36mtype[0m [33mLiveTransformer[0m, [36mtype[0m [33mPersistedAlert[0m, [36mtype[0m [33mScen...[0m
  [90m8 |[0m
  [90m9 |[0m [36mexport[0m [36mdefault[0m [36mfunction[0m [33mOperationsPage[0m() {

Import map: aliased to relative './src/components/layout/Navbar' inside of [project]/


Import traces:
  Client Component Browser:
    ./src/app/operations/page.tsx [Client Component Browser]
    ./src/app/operations/page.tsx [Server Component]

  Client Component SSR:
    ./src/app/operations/page.tsx [Client Component SSR]
    ./src/app/operations/page.tsx [Server Component]

https://nextjs.org/docs/messages/module-not-found


⨯ ./src/app/alerts/page.tsx:2:1
Error: Module not found: Can't resolve '@/components/layout/Navbar'
  [90m1 |[0m [32m"use client"[0m;
[31m[1m>[0m [90m2 |[0m [36mimport[0m { [33mNavbar[0m } [36mfrom[0m [32m"@/components/layout/Navbar"[0m;
  [90m  |[0m [31m[1m^^^^^^^^^^^^^^^^^^^^^^^^^^^^^^^^^^^^^^^^^^^^^^^^^^^^[0m
  [90m3 |[0m [36mimport[0m { [33mFooter[0m } [36mfrom[0m [32m"@/components/layout/Footer"[0m;
  [90m4 |[0m [36mimport[0m { [33mAlertOctagon[0m, [33mAlertTriangle[0m, [33mInfo[0m, [33mCheckCircle2[0m } [36mfrom[0m [32m"lucide-react"[0m;
  [90m5 |[0m [36mimport[0m [33mLink[0m [36mfrom[0m [32m"next/link"[0m;

Import map: aliased to relative './src/components/layout/Navbar' inside of [project]/


Import traces:
  Client Component Browser:
    ./src/app/alerts/page.tsx [Client Component Browser]
    ./src/app/alerts/page.tsx [Server Component]

  Client Component SSR:
    ./src/app/alerts/page.tsx [Client Component SSR]
    ./src/app/alerts/page.tsx [Server Component]

https://nextjs.org/docs/messages/module-not-found


⨯ ./src/app/alerts/page.tsx:2:1
Error: Module not found: Can't resolve '@/components/layout/Navbar'
  [90m1 |[0m [32m"use client"[0m;
[31m[1m>[0m [90m2 |[0m [36mimport[0m { [33mNavbar[0m } [36mfrom[0m [32m"@/components/layout/Navbar"[0m;
  [90m  |[0m [31m[1m^^^^^^^^^^^^^^^^^^^^^^^^^^^^^^^^^^^^^^^^^^^^^^^^^^^^[0m
  [90m3 |[0m [36mimport[0m { [33mFooter[0m } [36mfrom[0m [32m"@/components/layout/Footer"[0m;
  [90m4 |[0m [36mimport[0m { [33mAlertOctagon[0m, [33mAlertTriangle[0m, [33mInfo[0m, [33mCheckCircle2[0m } [36mfrom[0m [32m"lucide-react"[0m;
  [90m5 |[0m [36mimport[0m [33mLink[0m [36mfrom[0m [32m"next/link"[0m;

Import map: aliased to relative './src/components/layout/Navbar' inside of [project]/


Import traces:
  Client Component Browser:
    ./src/app/alerts/page.tsx [Client Component Browser]
    ./src/app/alerts/page.tsx [Server Component]

  Client Component SSR:
    ./src/app/alerts/page.tsx [Client Component SSR]
    ./src/app/alerts/page.tsx [Server Component]

https://nextjs.org/docs/messages/module-not-found


⨯ ./src/app/alerts/page.tsx:2:1
Error: Module not found: Can't resolve '@/components/layout/Navbar'
  [90m1 |[0m [32m"use client"[0m;
[31m[1m>[0m [90m2 |[0m [36mimport[0m { [33mNavbar[0m } [36mfrom[0m [32m"@/components/layout/Navbar"[0m;
  [90m  |[0m [31m[1m^^^^^^^^^^^^^^^^^^^^^^^^^^^^^^^^^^^^^^^^^^^^^^^^^^^^[0m
  [90m3 |[0m [36mimport[0m { [33mFooter[0m } [36mfrom[0m [32m"@/components/layout/Footer"[0m;
  [90m4 |[0m [36mimport[0m { [33mAlertOctagon[0m, [33mAlertTriangle[0m, [33mInfo[0m, [33mCheckCircle2[0m } [36mfrom[0m [32m"lucide-react"[0m;
  [90m5 |[0m [36mimport[0m [33mLink[0m [36mfrom[0m [32m"next/link"[0m;

Import map: aliased to relative './src/components/layout/Navbar' inside of [project]/


Import traces:
  Client Component Browser:
    ./src/app/alerts/page.tsx [Client Component Browser]
    ./src/app/alerts/page.tsx [Server Component]

  Client Component SSR:
    ./src/app/alerts/page.tsx [Client Component SSR]
    ./src/app/alerts/page.tsx [Server Component]

https://nextjs.org/docs/messages/module-not-found


⨯ ./src/app/alerts/page.tsx:2:1
Error: Module not found: Can't resolve '@/components/layout/Navbar'
  [90m1 |[0m [32m"use client"[0m;
[31m[1m>[0m [90m2 |[0m [36mimport[0m { [33mNavbar[0m } [36mfrom[0m [32m"@/components/layout/Navbar"[0m;
  [90m  |[0m [31m[1m^^^^^^^^^^^^^^^^^^^^^^^^^^^^^^^^^^^^^^^^^^^^^^^^^^^^[0m
  [90m3 |[0m [36mimport[0m { [33mFooter[0m } [36mfrom[0m [32m"@/components/layout/Footer"[0m;
  [90m4 |[0m [36mimport[0m { [33mAlertOctagon[0m, [33mAlertTriangle[0m, [33mInfo[0m, [33mCheckCircle2[0m } [36mfrom[0m [32m"lucide-react"[0m;
  [90m5 |[0m [36mimport[0m [33mLink[0m [36mfrom[0m [32m"next/link"[0m;

Import map: aliased to relative './src/components/layout/Navbar' inside of [project]/


Import traces:
  Client Component Browser:
    ./src/app/alerts/page.tsx [Client Component Browser]
    ./src/app/alerts/page.tsx [Server Component]

  Client Component SSR:
    ./src/app/alerts/page.tsx [Client Component SSR]
    ./src/app/alerts/page.tsx [Server Component]

https://nextjs.org/docs/messages/module-not-found


⨯ ./src/app/custom-data/page.tsx:6:1
Error: Module not found: Can't resolve '@/components/layout/Navbar'
  [90m4 |[0m [36mimport[0m { useRouter } [36mfrom[0m [32m"next/navigation"[0m;
  [90m5 |[0m [36mimport[0m { [33mFileUp[0m, [33mLoaderCircle[0m, [33mMapPinned[0m, [33mNetwork[0m, [33mShieldAlert[0m, [33mTableProperties[0m } [36mfrom[0m [32m"luc...[0m
[31m[1m>[0m [90m6 |[0m [36mimport[0m { [33mNavbar[0m } [36mfrom[0m [32m"@/components/layout/Navbar"[0m;
  [90m  |[0m [31m[1m^^^^^^^^^^^^^^^^^^^^^^^^^^^^^^^^^^^^^^^^^^^^^^^^^^^^[0m
  [90m7 |[0m [36mimport[0m { api } [36mfrom[0m [32m"@/lib/api"[0m;
  [90m8 |[0m [36mimport[0m { saveCustomGrid } [36mfrom[0m [32m"@/lib/customGrid"[0m;
  [90m9 |[0m [36mimport[0m { useGridStore } [36mfrom[0m [32m"@/store/gridStore"[0m;

Import map: aliased to relative './src/components/layout/Navbar' inside of [project]/


Import traces:
  Client Component Browser:
    ./src/app/custom-data/page.tsx [Client Component Browser]
    ./src/app/custom-data/page.tsx [Server Component]

  Client Component SSR:
    ./src/app/custom-data/page.tsx [Client Component SSR]
    ./src/app/custom-data/page.tsx [Server Component]

https://nextjs.org/docs/messages/module-not-found


⨯ ./src/app/custom-data/page.tsx:6:1
Error: Module not found: Can't resolve '@/components/layout/Navbar'
  [90m4 |[0m [36mimport[0m { useRouter } [36mfrom[0m [32m"next/navigation"[0m;
  [90m5 |[0m [36mimport[0m { [33mFileUp[0m, [33mLoaderCircle[0m, [33mMapPinned[0m, [33mNetwork[0m, [33mShieldAlert[0m, [33mTableProperties[0m } [36mfrom[0m [32m"luc...[0m
[31m[1m>[0m [90m6 |[0m [36mimport[0m { [33mNavbar[0m } [36mfrom[0m [32m"@/components/layout/Navbar"[0m;
  [90m  |[0m [31m[1m^^^^^^^^^^^^^^^^^^^^^^^^^^^^^^^^^^^^^^^^^^^^^^^^^^^^[0m
  [90m7 |[0m [36mimport[0m { api } [36mfrom[0m [32m"@/lib/api"[0m;
  [90m8 |[0m [36mimport[0m { saveCustomGrid } [36mfrom[0m [32m"@/lib/customGrid"[0m;
  [90m9 |[0m [36mimport[0m { useGridStore } [36mfrom[0m [32m"@/store/gridStore"[0m;

Import map: aliased to relative './src/components/layout/Navbar' inside of [project]/


Import traces:
  Client Component Browser:
    ./src/app/custom-data/page.tsx [Client Component Browser]
    ./src/app/custom-data/page.tsx [Server Component]

  Client Component SSR:
    ./src/app/custom-data/page.tsx [Client Component SSR]
    ./src/app/custom-data/page.tsx [Server Component]

https://nextjs.org/docs/messages/module-not-found


⨯ ./src/app/custom-data/page.tsx:6:1
Error: Module not found: Can't resolve '@/components/layout/Navbar'
  [90m4 |[0m [36mimport[0m { useRouter } [36mfrom[0m [32m"next/navigation"[0m;
  [90m5 |[0m [36mimport[0m { [33mFileUp[0m, [33mLoaderCircle[0m, [33mMapPinned[0m, [33mNetwork[0m, [33mShieldAlert[0m, [33mTableProperties[0m } [36mfrom[0m [32m"luc...[0m
[31m[1m>[0m [90m6 |[0m [36mimport[0m { [33mNavbar[0m } [36mfrom[0m [32m"@/components/layout/Navbar"[0m;
  [90m  |[0m [31m[1m^^^^^^^^^^^^^^^^^^^^^^^^^^^^^^^^^^^^^^^^^^^^^^^^^^^^[0m
  [90m7 |[0m [36mimport[0m { api } [36mfrom[0m [32m"@/lib/api"[0m;
  [90m8 |[0m [36mimport[0m { saveCustomGrid } [36mfrom[0m [32m"@/lib/customGrid"[0m;
  [90m9 |[0m [36mimport[0m { useGridStore } [36mfrom[0m [32m"@/store/gridStore"[0m;

Import map: aliased to relative './src/components/layout/Navbar' inside of [project]/


Import traces:
  Client Component Browser:
    ./src/app/custom-data/page.tsx [Client Component Browser]
    ./src/app/custom-data/page.tsx [Server Component]

  Client Component SSR:
    ./src/app/custom-data/page.tsx [Client Component SSR]
    ./src/app/custom-data/page.tsx [Server Component]

https://nextjs.org/docs/messages/module-not-found


⨯ ./src/app/custom-data/page.tsx:6:1
Error: Module not found: Can't resolve '@/components/layout/Navbar'
  [90m4 |[0m [36mimport[0m { useRouter } [36mfrom[0m [32m"next/navigation"[0m;
  [90m5 |[0m [36mimport[0m { [33mFileUp[0m, [33mLoaderCircle[0m, [33mMapPinned[0m, [33mNetwork[0m, [33mShieldAlert[0m, [33mTableProperties[0m } [36mfrom[0m [32m"luc...[0m
[31m[1m>[0m [90m6 |[0m [36mimport[0m { [33mNavbar[0m } [36mfrom[0m [32m"@/components/layout/Navbar"[0m;
  [90m  |[0m [31m[1m^^^^^^^^^^^^^^^^^^^^^^^^^^^^^^^^^^^^^^^^^^^^^^^^^^^^[0m
  [90m7 |[0m [36mimport[0m { api } [36mfrom[0m [32m"@/lib/api"[0m;
  [90m8 |[0m [36mimport[0m { saveCustomGrid } [36mfrom[0m [32m"@/lib/customGrid"[0m;
  [90m9 |[0m [36mimport[0m { useGridStore } [36mfrom[0m [32m"@/store/gridStore"[0m;

Import map: aliased to relative './src/components/layout/Navbar' inside of [project]/


Import traces:
  Client Component Browser:
    ./src/app/custom-data/page.tsx [Client Component Browser]
    ./src/app/custom-data/page.tsx [Server Component]

  Client Component SSR:
    ./src/app/custom-data/page.tsx [Client Component SSR]
    ./src/app/custom-data/page.tsx [Server Component]

https://nextjs.org/docs/messages/module-not-found


⨯ ./src/app/intelligence/page.tsx:5:1
Error: Module not found: Can't resolve '@/components/layout/Navbar'
  [90m3 |[0m [36mimport[0m { useGridStore } [36mfrom[0m [32m"@/store/gridStore"[0m;
  [90m4 |[0m [36mimport[0m { [33mDEMO_SCENARIOS[0m } [36mfrom[0m [32m"@/lib/mockData"[0m;
[31m[1m>[0m [90m5 |[0m [36mimport[0m { [33mNavbar[0m } [36mfrom[0m [32m"@/components/layout/Navbar"[0m;
  [90m  |[0m [31m[1m^^^^^^^^^^^^^^^^^^^^^^^^^^^^^^^^^^^^^^^^^^^^^^^^^^^^[0m
  [90m6 |[0m [36mimport[0m { [33mFooter[0m } [36mfrom[0m [32m"@/components/layout/Footer"[0m;
  [90m7 |[0m [36mimport[0m { [33mBrain[0m, [33mTarget[0m, [33mGitBranch[0m, [33mTrendingUp[0m, [33mShieldCheck[0m, [33mAlertOctagon[0m } [36mfrom[0m [32m"lucide-rea...[0m
  [90m8 |[0m [36mimport[0m [33mLink[0m [36mfrom[0m [32m"next/link"[0m;

Import map: aliased to relative './src/components/layout/Navbar' inside of [project]/


Import traces:
  Client Component Browser:
    ./src/app/intelligence/page.tsx [Client Component Browser]
    ./src/app/intelligence/page.tsx [Server Component]

  Client Component SSR:
    ./src/app/intelligence/page.tsx [Client Component SSR]
    ./src/app/intelligence/page.tsx [Server Component]

https://nextjs.org/docs/messages/module-not-found


⨯ ./src/app/intelligence/page.tsx:5:1
Error: Module not found: Can't resolve '@/components/layout/Navbar'
  [90m3 |[0m [36mimport[0m { useGridStore } [36mfrom[0m [32m"@/store/gridStore"[0m;
  [90m4 |[0m [36mimport[0m { [33mDEMO_SCENARIOS[0m } [36mfrom[0m [32m"@/lib/mockData"[0m;
[31m[1m>[0m [90m5 |[0m [36mimport[0m { [33mNavbar[0m } [36mfrom[0m [32m"@/components/layout/Navbar"[0m;
  [90m  |[0m [31m[1m^^^^^^^^^^^^^^^^^^^^^^^^^^^^^^^^^^^^^^^^^^^^^^^^^^^^[0m
  [90m6 |[0m [36mimport[0m { [33mFooter[0m } [36mfrom[0m [32m"@/components/layout/Footer"[0m;
  [90m7 |[0m [36mimport[0m { [33mBrain[0m, [33mTarget[0m, [33mGitBranch[0m, [33mTrendingUp[0m, [33mShieldCheck[0m, [33mAlertOctagon[0m } [36mfrom[0m [32m"lucide-rea...[0m
  [90m8 |[0m [36mimport[0m [33mLink[0m [36mfrom[0m [32m"next/link"[0m;

Import map: aliased to relative './src/components/layout/Navbar' inside of [project]/


Import traces:
  Client Component Browser:
    ./src/app/intelligence/page.tsx [Client Component Browser]
    ./src/app/intelligence/page.tsx [Server Component]

  Client Component SSR:
    ./src/app/intelligence/page.tsx [Client Component SSR]
    ./src/app/intelligence/page.tsx [Server Component]

https://nextjs.org/docs/messages/module-not-found


⨯ ./src/app/intelligence/page.tsx:5:1
Error: Module not found: Can't resolve '@/components/layout/Navbar'
  [90m3 |[0m [36mimport[0m { useGridStore } [36mfrom[0m [32m"@/store/gridStore"[0m;
  [90m4 |[0m [36mimport[0m { [33mDEMO_SCENARIOS[0m } [36mfrom[0m [32m"@/lib/mockData"[0m;
[31m[1m>[0m [90m5 |[0m [36mimport[0m { [33mNavbar[0m } [36mfrom[0m [32m"@/components/layout/Navbar"[0m;
  [90m  |[0m [31m[1m^^^^^^^^^^^^^^^^^^^^^^^^^^^^^^^^^^^^^^^^^^^^^^^^^^^^[0m
  [90m6 |[0m [36mimport[0m { [33mFooter[0m } [36mfrom[0m [32m"@/components/layout/Footer"[0m;
  [90m7 |[0m [36mimport[0m { [33mBrain[0m, [33mTarget[0m, [33mGitBranch[0m, [33mTrendingUp[0m, [33mShieldCheck[0m, [33mAlertOctagon[0m } [36mfrom[0m [32m"lucide-rea...[0m
  [90m8 |[0m [36mimport[0m [33mLink[0m [36mfrom[0m [32m"next/link"[0m;

Import map: aliased to relative './src/components/layout/Navbar' inside of [project]/


Import traces:
  Client Component Browser:
    ./src/app/intelligence/page.tsx [Client Component Browser]
    ./src/app/intelligence/page.tsx [Server Component]

  Client Component SSR:
    ./src/app/intelligence/page.tsx [Client Component SSR]
    ./src/app/intelligence/page.tsx [Server Component]

https://nextjs.org/docs/messages/module-not-found


⨯ ./src/app/intelligence/page.tsx:5:1
Error: Module not found: Can't resolve '@/components/layout/Navbar'
  [90m3 |[0m [36mimport[0m { useGridStore } [36mfrom[0m [32m"@/store/gridStore"[0m;
  [90m4 |[0m [36mimport[0m { [33mDEMO_SCENARIOS[0m } [36mfrom[0m [32m"@/lib/mockData"[0m;
[31m[1m>[0m [90m5 |[0m [36mimport[0m { [33mNavbar[0m } [36mfrom[0m [32m"@/components/layout/Navbar"[0m;
  [90m  |[0m [31m[1m^^^^^^^^^^^^^^^^^^^^^^^^^^^^^^^^^^^^^^^^^^^^^^^^^^^^[0m
  [90m6 |[0m [36mimport[0m { [33mFooter[0m } [36mfrom[0m [32m"@/components/layout/Footer"[0m;
  [90m7 |[0m [36mimport[0m { [33mBrain[0m, [33mTarget[0m, [33mGitBranch[0m, [33mTrendingUp[0m, [33mShieldCheck[0m, [33mAlertOctagon[0m } [36mfrom[0m [32m"lucide-rea...[0m
  [90m8 |[0m [36mimport[0m [33mLink[0m [36mfrom[0m [32m"next/link"[0m;

Import map: aliased to relative './src/components/layout/Navbar' inside of [project]/


Import traces:
  Client Component Browser:
    ./src/app/intelligence/page.tsx [Client Component Browser]
    ./src/app/intelligence/page.tsx [Server Component]

  Client Component SSR:
    ./src/app/intelligence/page.tsx [Client Component SSR]
    ./src/app/intelligence/page.tsx [Server Component]

https://nextjs.org/docs/messages/module-not-found


⨯ ./src/app/page.tsx:10:1
Error: Module not found: Can't resolve '@/components/layout/Navbar'
  [90m 8 |[0m [36mimport[0m { [33mGridPreview[0m } [36mfrom[0m [32m"@/components/home/GridPreview"[0m;
  [90m 9 |[0m [36mimport[0m { [33mCTASection[0m } [36mfrom[0m [32m"@/components/home/CTASection"[0m;
[31m[1m>[0m [90m10 |[0m [36mimport[0m { [33mNavbar[0m } [36mfrom[0m [32m"@/components/layout/Navbar"[0m;
  [90m   |[0m [31m[1m^^^^^^^^^^^^^^^^^^^^^^^^^^^^^^^^^^^^^^^^^^^^^^^^^^^^[0m
  [90m11 |[0m [36mimport[0m { [33mFooter[0m } [36mfrom[0m [32m"@/components/layout/Footer"[0m;
  [90m12 |[0m
  [90m13 |[0m [36mexport[0m [36mdefault[0m [36mfunction[0m [33mHomePage[0m() {

Import map: aliased to relative './src/components/layout/Navbar' inside of [project]/


Import traces:
  Client Component Browser:
    ./src/app/page.tsx [Client Component Browser]
    ./src/app/page.tsx [Server Component]

  Client Component SSR:
    ./src/app/page.tsx [Client Component SSR]
    ./src/app/page.tsx [Server Component]

https://nextjs.org/docs/messages/module-not-found


⨯ ./src/app/page.tsx:10:1
Error: Module not found: Can't resolve '@/components/layout/Navbar'
  [90m 8 |[0m [36mimport[0m { [33mGridPreview[0m } [36mfrom[0m [32m"@/components/home/GridPreview"[0m;
  [90m 9 |[0m [36mimport[0m { [33mCTASection[0m } [36mfrom[0m [32m"@/components/home/CTASection"[0m;
[31m[1m>[0m [90m10 |[0m [36mimport[0m { [33mNavbar[0m } [36mfrom[0m [32m"@/components/layout/Navbar"[0m;
  [90m   |[0m [31m[1m^^^^^^^^^^^^^^^^^^^^^^^^^^^^^^^^^^^^^^^^^^^^^^^^^^^^[0m
  [90m11 |[0m [36mimport[0m { [33mFooter[0m } [36mfrom[0m [32m"@/components/layout/Footer"[0m;
  [90m12 |[0m
  [90m13 |[0m [36mexport[0m [36mdefault[0m [36mfunction[0m [33mHomePage[0m() {

Import map: aliased to relative './src/components/layout/Navbar' inside of [project]/


Import traces:
  Client Component Browser:
    ./src/app/page.tsx [Client Component Browser]
    ./src/app/page.tsx [Server Component]

  Client Component SSR:
    ./src/app/page.tsx [Client Component SSR]
    ./src/app/page.tsx [Server Component]

https://nextjs.org/docs/messages/module-not-found


⨯ ./src/app/page.tsx:10:1
Error: Module not found: Can't resolve '@/components/layout/Navbar'
  [90m 8 |[0m [36mimport[0m { [33mGridPreview[0m } [36mfrom[0m [32m"@/components/home/GridPreview"[0m;
  [90m 9 |[0m [36mimport[0m { [33mCTASection[0m } [36mfrom[0m [32m"@/components/home/CTASection"[0m;
[31m[1m>[0m [90m10 |[0m [36mimport[0m { [33mNavbar[0m } [36mfrom[0m [32m"@/components/layout/Navbar"[0m;
  [90m   |[0m [31m[1m^^^^^^^^^^^^^^^^^^^^^^^^^^^^^^^^^^^^^^^^^^^^^^^^^^^^[0m
  [90m11 |[0m [36mimport[0m { [33mFooter[0m } [36mfrom[0m [32m"@/components/layout/Footer"[0m;
  [90m12 |[0m
  [90m13 |[0m [36mexport[0m [36mdefault[0m [36mfunction[0m [33mHomePage[0m() {

Import map: aliased to relative './src/components/layout/Navbar' inside of [project]/


Import traces:
  Client Component Browser:
    ./src/app/page.tsx [Client Component Browser]
    ./src/app/page.tsx [Server Component]

  Client Component SSR:
    ./src/app/page.tsx [Client Component SSR]
    ./src/app/page.tsx [Server Component]

https://nextjs.org/docs/messages/module-not-found


⨯ ./src/app/page.tsx:10:1
Error: Module not found: Can't resolve '@/components/layout/Navbar'
  [90m 8 |[0m [36mimport[0m { [33mGridPreview[0m } [36mfrom[0m [32m"@/components/home/GridPreview"[0m;
  [90m 9 |[0m [36mimport[0m { [33mCTASection[0m } [36mfrom[0m [32m"@/components/home/CTASection"[0m;
[31m[1m>[0m [90m10 |[0m [36mimport[0m { [33mNavbar[0m } [36mfrom[0m [32m"@/components/layout/Navbar"[0m;
  [90m   |[0m [31m[1m^^^^^^^^^^^^^^^^^^^^^^^^^^^^^^^^^^^^^^^^^^^^^^^^^^^^[0m
  [90m11 |[0m [36mimport[0m { [33mFooter[0m } [36mfrom[0m [32m"@/components/layout/Footer"[0m;
  [90m12 |[0m
  [90m13 |[0m [36mexport[0m [36mdefault[0m [36mfunction[0m [33mHomePage[0m() {

Import map: aliased to relative './src/components/layout/Navbar' inside of [project]/


Import traces:
  Client Component Browser:
    ./src/app/page.tsx [Client Component Browser]
    ./src/app/page.tsx [Server Component]

  Client Component SSR:
    ./src/app/page.tsx [Client Component SSR]
    ./src/app/page.tsx [Server Component]

https://nextjs.org/docs/messages/module-not-found


⨯ ./src/app/page.tsx:10:1
Error: Module not found: Can't resolve '@/components/layout/Navbar'
  [90m 8 |[0m [36mimport[0m { [33mGridPreview[0m } [36mfrom[0m [32m"@/components/home/GridPreview"[0m;
  [90m 9 |[0m [36mimport[0m { [33mCTASection[0m } [36mfrom[0m [32m"@/components/home/CTASection"[0m;
[31m[1m>[0m [90m10 |[0m [36mimport[0m { [33mNavbar[0m } [36mfrom[0m [32m"@/components/layout/Navbar"[0m;
  [90m   |[0m [31m[1m^^^^^^^^^^^^^^^^^^^^^^^^^^^^^^^^^^^^^^^^^^^^^^^^^^^^[0m
  [90m11 |[0m [36mimport[0m { [33mFooter[0m } [36mfrom[0m [32m"@/components/layout/Footer"[0m;
  [90m12 |[0m
  [90m13 |[0m [36mexport[0m [36mdefault[0m [36mfunction[0m [33mHomePage[0m() {

Import map: aliased to relative './src/components/layout/Navbar' inside of [project]/


Import traces:
  Client Component Browser:
    ./src/app/page.tsx [Client Component Browser]
    ./src/app/page.tsx [Server Component]

  Client Component SSR:
    ./src/app/page.tsx [Client Component SSR]
    ./src/app/page.tsx [Server Component]

https://nextjs.org/docs/messages/module-not-found


⨯ ./src/app/page.tsx:10:1
Error: Module not found: Can't resolve '@/components/layout/Navbar'
  [90m 8 |[0m [36mimport[0m { [33mGridPreview[0m } [36mfrom[0m [32m"@/components/home/GridPreview"[0m;
  [90m 9 |[0m [36mimport[0m { [33mCTASection[0m } [36mfrom[0m [32m"@/components/home/CTASection"[0m;
[31m[1m>[0m [90m10 |[0m [36mimport[0m { [33mNavbar[0m } [36mfrom[0m [32m"@/components/layout/Navbar"[0m;
  [90m   |[0m [31m[1m^^^^^^^^^^^^^^^^^^^^^^^^^^^^^^^^^^^^^^^^^^^^^^^^^^^^[0m
  [90m11 |[0m [36mimport[0m { [33mFooter[0m } [36mfrom[0m [32m"@/components/layout/Footer"[0m;
  [90m12 |[0m
  [90m13 |[0m [36mexport[0m [36mdefault[0m [36mfunction[0m [33mHomePage[0m() {

Import map: aliased to relative './src/components/layout/Navbar' inside of [project]/


Import traces:
  Client Component Browser:
    ./src/app/page.tsx [Client Component Browser]
    ./src/app/page.tsx [Server Component]

  Client Component SSR:
    ./src/app/page.tsx [Client Component SSR]
    ./src/app/page.tsx [Server Component]

https://nextjs.org/docs/messages/module-not-found


⨯ ./src/app/page.tsx:10:1
Error: Module not found: Can't resolve '@/components/layout/Navbar'
  [90m 8 |[0m [36mimport[0m { [33mGridPreview[0m } [36mfrom[0m [32m"@/components/home/GridPreview"[0m;
  [90m 9 |[0m [36mimport[0m { [33mCTASection[0m } [36mfrom[0m [32m"@/components/home/CTASection"[0m;
[31m[1m>[0m [90m10 |[0m [36mimport[0m { [33mNavbar[0m } [36mfrom[0m [32m"@/components/layout/Navbar"[0m;
  [90m   |[0m [31m[1m^^^^^^^^^^^^^^^^^^^^^^^^^^^^^^^^^^^^^^^^^^^^^^^^^^^^[0m
  [90m11 |[0m [36mimport[0m { [33mFooter[0m } [36mfrom[0m [32m"@/components/layout/Footer"[0m;
  [90m12 |[0m
  [90m13 |[0m [36mexport[0m [36mdefault[0m [36mfunction[0m [33mHomePage[0m() {

Import map: aliased to relative './src/components/layout/Navbar' inside of [project]/


Import traces:
  Client Component Browser:
    ./src/app/page.tsx [Client Component Browser]
    ./src/app/page.tsx [Server Component]

  Client Component SSR:
    ./src/app/page.tsx [Client Component SSR]
    ./src/app/page.tsx [Server Component]

https://nextjs.org/docs/messages/module-not-found


⨯ ./src/app/page.tsx:10:1
Error: Module not found: Can't resolve '@/components/layout/Navbar'
  [90m 8 |[0m [36mimport[0m { [33mGridPreview[0m } [36mfrom[0m [32m"@/components/home/GridPreview"[0m;
  [90m 9 |[0m [36mimport[0m { [33mCTASection[0m } [36mfrom[0m [32m"@/components/home/CTASection"[0m;
[31m[1m>[0m [90m10 |[0m [36mimport[0m { [33mNavbar[0m } [36mfrom[0m [32m"@/components/layout/Navbar"[0m;
  [90m   |[0m [31m[1m^^^^^^^^^^^^^^^^^^^^^^^^^^^^^^^^^^^^^^^^^^^^^^^^^^^^[0m
  [90m11 |[0m [36mimport[0m { [33mFooter[0m } [36mfrom[0m [32m"@/components/layout/Footer"[0m;
  [90m12 |[0m
  [90m13 |[0m [36mexport[0m [36mdefault[0m [36mfunction[0m [33mHomePage[0m() {

Import map: aliased to relative './src/components/layout/Navbar' inside of [project]/


Import traces:
  Client Component Browser:
    ./src/app/page.tsx [Client Component Browser]
    ./src/app/page.tsx [Server Component]

  Client Component SSR:
    ./src/app/page.tsx [Client Component SSR]
    ./src/app/page.tsx [Server Component]

https://nextjs.org/docs/messages/module-not-found


⨯ ./src/app/page.tsx:10:1
Error: Module not found: Can't resolve '@/components/layout/Navbar'
  [90m 8 |[0m [36mimport[0m { [33mGridPreview[0m } [36mfrom[0m [32m"@/components/home/GridPreview"[0m;
  [90m 9 |[0m [36mimport[0m { [33mCTASection[0m } [36mfrom[0m [32m"@/components/home/CTASection"[0m;
[31m[1m>[0m [90m10 |[0m [36mimport[0m { [33mNavbar[0m } [36mfrom[0m [32m"@/components/layout/Navbar"[0m;
  [90m   |[0m [31m[1m^^^^^^^^^^^^^^^^^^^^^^^^^^^^^^^^^^^^^^^^^^^^^^^^^^^^[0m
  [90m11 |[0m [36mimport[0m { [33mFooter[0m } [36mfrom[0m [32m"@/components/layout/Footer"[0m;
  [90m12 |[0m
  [90m13 |[0m [36mexport[0m [36mdefault[0m [36mfunction[0m [33mHomePage[0m() {

Import map: aliased to relative './src/components/layout/Navbar' inside of [project]/


Import traces:
  Client Component Browser:
    ./src/app/page.tsx [Client Component Browser]
    ./src/app/page.tsx [Server Component]

  Client Component SSR:
    ./src/app/page.tsx [Client Component SSR]
    ./src/app/page.tsx [Server Component]

https://nextjs.org/docs/messages/module-not-found


⨯ ./src/app/page.tsx:10:1
Error: Module not found: Can't resolve '@/components/layout/Navbar'
  [90m 8 |[0m [36mimport[0m { [33mGridPreview[0m } [36mfrom[0m [32m"@/components/home/GridPreview"[0m;
  [90m 9 |[0m [36mimport[0m { [33mCTASection[0m } [36mfrom[0m [32m"@/components/home/CTASection"[0m;
[31m[1m>[0m [90m10 |[0m [36mimport[0m { [33mNavbar[0m } [36mfrom[0m [32m"@/components/layout/Navbar"[0m;
  [90m   |[0m [31m[1m^^^^^^^^^^^^^^^^^^^^^^^^^^^^^^^^^^^^^^^^^^^^^^^^^^^^[0m
  [90m11 |[0m [36mimport[0m { [33mFooter[0m } [36mfrom[0m [32m"@/components/layout/Footer"[0m;
  [90m12 |[0m
  [90m13 |[0m [36mexport[0m [36mdefault[0m [36mfunction[0m [33mHomePage[0m() {

Import map: aliased to relative './src/components/layout/Navbar' inside of [project]/


Import traces:
  Client Component Browser:
    ./src/app/page.tsx [Client Component Browser]
    ./src/app/page.tsx [Server Component]

  Client Component SSR:
    ./src/app/page.tsx [Client Component SSR]
    ./src/app/page.tsx [Server Component]

https://nextjs.org/docs/messages/module-not-found


⨯ ./src/app/page.tsx:10:1
Error: Module not found: Can't resolve '@/components/layout/Navbar'
  [90m 8 |[0m [36mimport[0m { [33mGridPreview[0m } [36mfrom[0m [32m"@/components/home/GridPreview"[0m;
  [90m 9 |[0m [36mimport[0m { [33mCTASection[0m } [36mfrom[0m [32m"@/components/home/CTASection"[0m;
[31m[1m>[0m [90m10 |[0m [36mimport[0m { [33mNavbar[0m } [36mfrom[0m [32m"@/components/layout/Navbar"[0m;
  [90m   |[0m [31m[1m^^^^^^^^^^^^^^^^^^^^^^^^^^^^^^^^^^^^^^^^^^^^^^^^^^^^[0m
  [90m11 |[0m [36mimport[0m { [33mFooter[0m } [36mfrom[0m [32m"@/components/layout/Footer"[0m;
  [90m12 |[0m
  [90m13 |[0m [36mexport[0m [36mdefault[0m [36mfunction[0m [33mHomePage[0m() {

Import map: aliased to relative './src/components/layout/Navbar' inside of [project]/


Import traces:
  Client Component Browser:
    ./src/app/page.tsx [Client Component Browser]
    ./src/app/page.tsx [Server Component]

  Client Component SSR:
    ./src/app/page.tsx [Client Component SSR]
    ./src/app/page.tsx [Server Component]

https://nextjs.org/docs/messages/module-not-found


⨯ ./src/app/page.tsx:10:1
Error: Module not found: Can't resolve '@/components/layout/Navbar'
  [90m 8 |[0m [36mimport[0m { [33mGridPreview[0m } [36mfrom[0m [32m"@/components/home/GridPreview"[0m;
  [90m 9 |[0m [36mimport[0m { [33mCTASection[0m } [36mfrom[0m [32m"@/components/home/CTASection"[0m;
[31m[1m>[0m [90m10 |[0m [36mimport[0m { [33mNavbar[0m } [36mfrom[0m [32m"@/components/layout/Navbar"[0m;
  [90m   |[0m [31m[1m^^^^^^^^^^^^^^^^^^^^^^^^^^^^^^^^^^^^^^^^^^^^^^^^^^^^[0m
  [90m11 |[0m [36mimport[0m { [33mFooter[0m } [36mfrom[0m [32m"@/components/layout/Footer"[0m;
  [90m12 |[0m
  [90m13 |[0m [36mexport[0m [36mdefault[0m [36mfunction[0m [33mHomePage[0m() {

Import map: aliased to relative './src/components/layout/Navbar' inside of [project]/


Import traces:
  Client Component Browser:
    ./src/app/page.tsx [Client Component Browser]
    ./src/app/page.tsx [Server Component]

  Client Component SSR:
    ./src/app/page.tsx [Client Component SSR]
    ./src/app/page.tsx [Server Component]

https://nextjs.org/docs/messages/module-not-found


⨯ ./src/app/page.tsx:10:1
Error: Module not found: Can't resolve '@/components/layout/Navbar'
  [90m 8 |[0m [36mimport[0m { [33mGridPreview[0m } [36mfrom[0m [32m"@/components/home/GridPreview"[0m;
  [90m 9 |[0m [36mimport[0m { [33mCTASection[0m } [36mfrom[0m [32m"@/components/home/CTASection"[0m;
[31m[1m>[0m [90m10 |[0m [36mimport[0m { [33mNavbar[0m } [36mfrom[0m [32m"@/components/layout/Navbar"[0m;
  [90m   |[0m [31m[1m^^^^^^^^^^^^^^^^^^^^^^^^^^^^^^^^^^^^^^^^^^^^^^^^^^^^[0m
  [90m11 |[0m [36mimport[0m { [33mFooter[0m } [36mfrom[0m [32m"@/components/layout/Footer"[0m;
  [90m12 |[0m
  [90m13 |[0m [36mexport[0m [36mdefault[0m [36mfunction[0m [33mHomePage[0m() {

Import map: aliased to relative './src/components/layout/Navbar' inside of [project]/


Import traces:
  Client Component Browser:
    ./src/app/page.tsx [Client Component Browser]
    ./src/app/page.tsx [Server Component]

  Client Component SSR:
    ./src/app/page.tsx [Client Component SSR]
    ./src/app/page.tsx [Server Component]

https://nextjs.org/docs/messages/module-not-found


⨯ ./src/app/page.tsx:10:1
Error: Module not found: Can't resolve '@/components/layout/Navbar'
  [90m 8 |[0m [36mimport[0m { [33mGridPreview[0m } [36mfrom[0m [32m"@/components/home/GridPreview"[0m;
  [90m 9 |[0m [36mimport[0m { [33mCTASection[0m } [36mfrom[0m [32m"@/components/home/CTASection"[0m;
[31m[1m>[0m [90m10 |[0m [36mimport[0m { [33mNavbar[0m } [36mfrom[0m [32m"@/components/layout/Navbar"[0m;
  [90m   |[0m [31m[1m^^^^^^^^^^^^^^^^^^^^^^^^^^^^^^^^^^^^^^^^^^^^^^^^^^^^[0m
  [90m11 |[0m [36mimport[0m { [33mFooter[0m } [36mfrom[0m [32m"@/components/layout/Footer"[0m;
  [90m12 |[0m
  [90m13 |[0m [36mexport[0m [36mdefault[0m [36mfunction[0m [33mHomePage[0m() {

Import map: aliased to relative './src/components/layout/Navbar' inside of [project]/


Import traces:
  Client Component Browser:
    ./src/app/page.tsx [Client Component Browser]
    ./src/app/page.tsx [Server Component]

  Client Component SSR:
    ./src/app/page.tsx [Client Component SSR]
    ./src/app/page.tsx [Server Component]

https://nextjs.org/docs/messages/module-not-found


⨯ ./src/app/page.tsx:10:1
Error: Module not found: Can't resolve '@/components/layout/Navbar'
  [90m 8 |[0m [36mimport[0m { [33mGridPreview[0m } [36mfrom[0m [32m"@/components/home/GridPreview"[0m;
  [90m 9 |[0m [36mimport[0m { [33mCTASection[0m } [36mfrom[0m [32m"@/components/home/CTASection"[0m;
[31m[1m>[0m [90m10 |[0m [36mimport[0m { [33mNavbar[0m } [36mfrom[0m [32m"@/components/layout/Navbar"[0m;
  [90m   |[0m [31m[1m^^^^^^^^^^^^^^^^^^^^^^^^^^^^^^^^^^^^^^^^^^^^^^^^^^^^[0m
  [90m11 |[0m [36mimport[0m { [33mFooter[0m } [36mfrom[0m [32m"@/components/layout/Footer"[0m;
  [90m12 |[0m
  [90m13 |[0m [36mexport[0m [36mdefault[0m [36mfunction[0m [33mHomePage[0m() {

Import map: aliased to relative './src/components/layout/Navbar' inside of [project]/


Import traces:
  Client Component Browser:
    ./src/app/page.tsx [Client Component Browser]
    ./src/app/page.tsx [Server Component]

  Client Component SSR:
    ./src/app/page.tsx [Client Component SSR]
    ./src/app/page.tsx [Server Component]

https://nextjs.org/docs/messages/module-not-found


⨯ ./src/app/page.tsx:10:1
Error: Module not found: Can't resolve '@/components/layout/Navbar'
  [90m 8 |[0m [36mimport[0m { [33mGridPreview[0m } [36mfrom[0m [32m"@/components/home/GridPreview"[0m;
  [90m 9 |[0m [36mimport[0m { [33mCTASection[0m } [36mfrom[0m [32m"@/components/home/CTASection"[0m;
[31m[1m>[0m [90m10 |[0m [36mimport[0m { [33mNavbar[0m } [36mfrom[0m [32m"@/components/layout/Navbar"[0m;
  [90m   |[0m [31m[1m^^^^^^^^^^^^^^^^^^^^^^^^^^^^^^^^^^^^^^^^^^^^^^^^^^^^[0m
  [90m11 |[0m [36mimport[0m { [33mFooter[0m } [36mfrom[0m [32m"@/components/layout/Footer"[0m;
  [90m12 |[0m
  [90m13 |[0m [36mexport[0m [36mdefault[0m [36mfunction[0m [33mHomePage[0m() {

Import map: aliased to relative './src/components/layout/Navbar' inside of [project]/


Import traces:
  Client Component Browser:
    ./src/app/page.tsx [Client Component Browser]
    ./src/app/page.tsx [Server Component]

  Client Component SSR:
    ./src/app/page.tsx [Client Component SSR]
    ./src/app/page.tsx [Server Component]

https://nextjs.org/docs/messages/module-not-found


⨯ ./src/app/page.tsx:10:1
Error: Module not found: Can't resolve '@/components/layout/Navbar'
  [90m 8 |[0m [36mimport[0m { [33mGridPreview[0m } [36mfrom[0m [32m"@/components/home/GridPreview"[0m;
  [90m 9 |[0m [36mimport[0m { [33mCTASection[0m } [36mfrom[0m [32m"@/components/home/CTASection"[0m;
[31m[1m>[0m [90m10 |[0m [36mimport[0m { [33mNavbar[0m } [36mfrom[0m [32m"@/components/layout/Navbar"[0m;
  [90m   |[0m [31m[1m^^^^^^^^^^^^^^^^^^^^^^^^^^^^^^^^^^^^^^^^^^^^^^^^^^^^[0m
  [90m11 |[0m [36mimport[0m { [33mFooter[0m } [36mfrom[0m [32m"@/components/layout/Footer"[0m;
  [90m12 |[0m
  [90m13 |[0m [36mexport[0m [36mdefault[0m [36mfunction[0m [33mHomePage[0m() {

Import map: aliased to relative './src/components/layout/Navbar' inside of [project]/


Import traces:
  Client Component Browser:
    ./src/app/page.tsx [Client Component Browser]
    ./src/app/page.tsx [Server Component]

  Client Component SSR:
    ./src/app/page.tsx [Client Component SSR]
    ./src/app/page.tsx [Server Component]

https://nextjs.org/docs/messages/module-not-found


⨯ ./src/app/page.tsx:10:1
Error: Module not found: Can't resolve '@/components/layout/Navbar'
  [90m 8 |[0m [36mimport[0m { [33mGridPreview[0m } [36mfrom[0m [32m"@/components/home/GridPreview"[0m;
  [90m 9 |[0m [36mimport[0m { [33mCTASection[0m } [36mfrom[0m [32m"@/components/home/CTASection"[0m;
[31m[1m>[0m [90m10 |[0m [36mimport[0m { [33mNavbar[0m } [36mfrom[0m [32m"@/components/layout/Navbar"[0m;
  [90m   |[0m [31m[1m^^^^^^^^^^^^^^^^^^^^^^^^^^^^^^^^^^^^^^^^^^^^^^^^^^^^[0m
  [90m11 |[0m [36mimport[0m { [33mFooter[0m } [36mfrom[0m [32m"@/components/layout/Footer"[0m;
  [90m12 |[0m
  [90m13 |[0m [36mexport[0m [36mdefault[0m [36mfunction[0m [33mHomePage[0m() {

Import map: aliased to relative './src/components/layout/Navbar' inside of [project]/


Import traces:
  Client Component Browser:
    ./src/app/page.tsx [Client Component Browser]
    ./src/app/page.tsx [Server Component]

  Client Component SSR:
    ./src/app/page.tsx [Client Component SSR]
    ./src/app/page.tsx [Server Component]

https://nextjs.org/docs/messages/module-not-found


⨯ ./src/app/page.tsx:10:1
Error: Module not found: Can't resolve '@/components/layout/Navbar'
  [90m 8 |[0m [36mimport[0m { [33mGridPreview[0m } [36mfrom[0m [32m"@/components/home/GridPreview"[0m;
  [90m 9 |[0m [36mimport[0m { [33mCTASection[0m } [36mfrom[0m [32m"@/components/home/CTASection"[0m;
[31m[1m>[0m [90m10 |[0m [36mimport[0m { [33mNavbar[0m } [36mfrom[0m [32m"@/components/layout/Navbar"[0m;
  [90m   |[0m [31m[1m^^^^^^^^^^^^^^^^^^^^^^^^^^^^^^^^^^^^^^^^^^^^^^^^^^^^[0m
  [90m11 |[0m [36mimport[0m { [33mFooter[0m } [36mfrom[0m [32m"@/components/layout/Footer"[0m;
  [90m12 |[0m
  [90m13 |[0m [36mexport[0m [36mdefault[0m [36mfunction[0m [33mHomePage[0m() {

Import map: aliased to relative './src/components/layout/Navbar' inside of [project]/


Import traces:
  Client Component Browser:
    ./src/app/page.tsx [Client Component Browser]
    ./src/app/page.tsx [Server Component]

  Client Component SSR:
    ./src/app/page.tsx [Client Component SSR]
    ./src/app/page.tsx [Server Component]

https://nextjs.org/docs/messages/module-not-found


⨯ ./src/app/page.tsx:10:1
Error: Module not found: Can't resolve '@/components/layout/Navbar'
  [90m 8 |[0m [36mimport[0m { [33mGridPreview[0m } [36mfrom[0m [32m"@/components/home/GridPreview"[0m;
  [90m 9 |[0m [36mimport[0m { [33mCTASection[0m } [36mfrom[0m [32m"@/components/home/CTASection"[0m;
[31m[1m>[0m [90m10 |[0m [36mimport[0m { [33mNavbar[0m } [36mfrom[0m [32m"@/components/layout/Navbar"[0m;
  [90m   |[0m [31m[1m^^^^^^^^^^^^^^^^^^^^^^^^^^^^^^^^^^^^^^^^^^^^^^^^^^^^[0m
  [90m11 |[0m [36mimport[0m { [33mFooter[0m } [36mfrom[0m [32m"@/components/layout/Footer"[0m;
  [90m12 |[0m
  [90m13 |[0m [36mexport[0m [36mdefault[0m [36mfunction[0m [33mHomePage[0m() {

Import map: aliased to relative './src/components/layout/Navbar' inside of [project]/


Import traces:
  Client Component Browser:
    ./src/app/page.tsx [Client Component Browser]
    ./src/app/page.tsx [Server Component]

  Client Component SSR:
    ./src/app/page.tsx [Client Component SSR]
    ./src/app/page.tsx [Server Component]

https://nextjs.org/docs/messages/module-not-found


⨯ ./src/app/page.tsx:10:1
Error: Module not found: Can't resolve '@/components/layout/Navbar'
  [90m 8 |[0m [36mimport[0m { [33mGridPreview[0m } [36mfrom[0m [32m"@/components/home/GridPreview"[0m;
  [90m 9 |[0m [36mimport[0m { [33mCTASection[0m } [36mfrom[0m [32m"@/components/home/CTASection"[0m;
[31m[1m>[0m [90m10 |[0m [36mimport[0m { [33mNavbar[0m } [36mfrom[0m [32m"@/components/layout/Navbar"[0m;
  [90m   |[0m [31m[1m^^^^^^^^^^^^^^^^^^^^^^^^^^^^^^^^^^^^^^^^^^^^^^^^^^^^[0m
  [90m11 |[0m [36mimport[0m { [33mFooter[0m } [36mfrom[0m [32m"@/components/layout/Footer"[0m;
  [90m12 |[0m
  [90m13 |[0m [36mexport[0m [36mdefault[0m [36mfunction[0m [33mHomePage[0m() {

Import map: aliased to relative './src/components/layout/Navbar' inside of [project]/


Import traces:
  Client Component Browser:
    ./src/app/page.tsx [Client Component Browser]
    ./src/app/page.tsx [Server Component]

  Client Component SSR:
    ./src/app/page.tsx [Client Component SSR]
    ./src/app/page.tsx [Server Component]

https://nextjs.org/docs/messages/module-not-found


⨯ ./src/app/page.tsx:10:1
Error: Module not found: Can't resolve '@/components/layout/Navbar'
  [90m 8 |[0m [36mimport[0m { [33mGridPreview[0m } [36mfrom[0m [32m"@/components/home/GridPreview"[0m;
  [90m 9 |[0m [36mimport[0m { [33mCTASection[0m } [36mfrom[0m [32m"@/components/home/CTASection"[0m;
[31m[1m>[0m [90m10 |[0m [36mimport[0m { [33mNavbar[0m } [36mfrom[0m [32m"@/components/layout/Navbar"[0m;
  [90m   |[0m [31m[1m^^^^^^^^^^^^^^^^^^^^^^^^^^^^^^^^^^^^^^^^^^^^^^^^^^^^[0m
  [90m11 |[0m [36mimport[0m { [33mFooter[0m } [36mfrom[0m [32m"@/components/layout/Footer"[0m;
  [90m12 |[0m
  [90m13 |[0m [36mexport[0m [36mdefault[0m [36mfunction[0m [33mHomePage[0m() {

Import map: aliased to relative './src/components/layout/Navbar' inside of [project]/


Import traces:
  Client Component Browser:
    ./src/app/page.tsx [Client Component Browser]
    ./src/app/page.tsx [Server Component]

  Client Component SSR:
    ./src/app/page.tsx [Client Component SSR]
    ./src/app/page.tsx [Server Component]

https://nextjs.org/docs/messages/module-not-found


⨯ ./src/app/page.tsx:10:1
Error: Module not found: Can't resolve '@/components/layout/Navbar'
  [90m 8 |[0m [36mimport[0m { [33mGridPreview[0m } [36mfrom[0m [32m"@/components/home/GridPreview"[0m;
  [90m 9 |[0m [36mimport[0m { [33mCTASection[0m } [36mfrom[0m [32m"@/components/home/CTASection"[0m;
[31m[1m>[0m [90m10 |[0m [36mimport[0m { [33mNavbar[0m } [36mfrom[0m [32m"@/components/layout/Navbar"[0m;
  [90m   |[0m [31m[1m^^^^^^^^^^^^^^^^^^^^^^^^^^^^^^^^^^^^^^^^^^^^^^^^^^^^[0m
  [90m11 |[0m [36mimport[0m { [33mFooter[0m } [36mfrom[0m [32m"@/components/layout/Footer"[0m;
  [90m12 |[0m
  [90m13 |[0m [36mexport[0m [36mdefault[0m [36mfunction[0m [33mHomePage[0m() {

Import map: aliased to relative './src/components/layout/Navbar' inside of [project]/


Import traces:
  Client Component Browser:
    ./src/app/page.tsx [Client Component Browser]
    ./src/app/page.tsx [Server Component]

  Client Component SSR:
    ./src/app/page.tsx [Client Component SSR]
    ./src/app/page.tsx [Server Component]

https://nextjs.org/docs/messages/module-not-found


⨯ ./src/app/page.tsx:10:1
Error: Module not found: Can't resolve '@/components/layout/Navbar'
  [90m 8 |[0m [36mimport[0m { [33mGridPreview[0m } [36mfrom[0m [32m"@/components/home/GridPreview"[0m;
  [90m 9 |[0m [36mimport[0m { [33mCTASection[0m } [36mfrom[0m [32m"@/components/home/CTASection"[0m;
[31m[1m>[0m [90m10 |[0m [36mimport[0m { [33mNavbar[0m } [36mfrom[0m [32m"@/components/layout/Navbar"[0m;
  [90m   |[0m [31m[1m^^^^^^^^^^^^^^^^^^^^^^^^^^^^^^^^^^^^^^^^^^^^^^^^^^^^[0m
  [90m11 |[0m [36mimport[0m { [33mFooter[0m } [36mfrom[0m [32m"@/components/layout/Footer"[0m;
  [90m12 |[0m
  [90m13 |[0m [36mexport[0m [36mdefault[0m [36mfunction[0m [33mHomePage[0m() {

Import map: aliased to relative './src/components/layout/Navbar' inside of [project]/


Import traces:
  Client Component Browser:
    ./src/app/page.tsx [Client Component Browser]
    ./src/app/page.tsx [Server Component]

  Client Component SSR:
    ./src/app/page.tsx [Client Component SSR]
    ./src/app/page.tsx [Server Component]

https://nextjs.org/docs/messages/module-not-found


⨯ ./src/app/page.tsx:10:1
Error: Module not found: Can't resolve '@/components/layout/Navbar'
  [90m 8 |[0m [36mimport[0m { [33mGridPreview[0m } [36mfrom[0m [32m"@/components/home/GridPreview"[0m;
  [90m 9 |[0m [36mimport[0m { [33mCTASection[0m } [36mfrom[0m [32m"@/components/home/CTASection"[0m;
[31m[1m>[0m [90m10 |[0m [36mimport[0m { [33mNavbar[0m } [36mfrom[0m [32m"@/components/layout/Navbar"[0m;
  [90m   |[0m [31m[1m^^^^^^^^^^^^^^^^^^^^^^^^^^^^^^^^^^^^^^^^^^^^^^^^^^^^[0m
  [90m11 |[0m [36mimport[0m { [33mFooter[0m } [36mfrom[0m [32m"@/components/layout/Footer"[0m;
  [90m12 |[0m
  [90m13 |[0m [36mexport[0m [36mdefault[0m [36mfunction[0m [33mHomePage[0m() {

Import map: aliased to relative './src/components/layout/Navbar' inside of [project]/


Import traces:
  Client Component Browser:
    ./src/app/page.tsx [Client Component Browser]
    ./src/app/page.tsx [Server Component]

  Client Component SSR:
    ./src/app/page.tsx [Client Component SSR]
    ./src/app/page.tsx [Server Component]

https://nextjs.org/docs/messages/module-not-found


⨯ ./src/app/page.tsx:10:1
Error: Module not found: Can't resolve '@/components/layout/Navbar'
  [90m 8 |[0m [36mimport[0m { [33mGridPreview[0m } [36mfrom[0m [32m"@/components/home/GridPreview"[0m;
  [90m 9 |[0m [36mimport[0m { [33mCTASection[0m } [36mfrom[0m [32m"@/components/home/CTASection"[0m;
[31m[1m>[0m [90m10 |[0m [36mimport[0m { [33mNavbar[0m } [36mfrom[0m [32m"@/components/layout/Navbar"[0m;
  [90m   |[0m [31m[1m^^^^^^^^^^^^^^^^^^^^^^^^^^^^^^^^^^^^^^^^^^^^^^^^^^^^[0m
  [90m11 |[0m [36mimport[0m { [33mFooter[0m } [36mfrom[0m [32m"@/components/layout/Footer"[0m;
  [90m12 |[0m
  [90m13 |[0m [36mexport[0m [36mdefault[0m [36mfunction[0m [33mHomePage[0m() {

Import map: aliased to relative './src/components/layout/Navbar' inside of [project]/


Import traces:
  Client Component Browser:
    ./src/app/page.tsx [Client Component Browser]
    ./src/app/page.tsx [Server Component]

  Client Component SSR:
    ./src/app/page.tsx [Client Component SSR]
    ./src/app/page.tsx [Server Component]

https://nextjs.org/docs/messages/module-not-found


⨯ ./src/app/page.tsx:10:1
Error: Module not found: Can't resolve '@/components/layout/Navbar'
  [90m 8 |[0m [36mimport[0m { [33mGridPreview[0m } [36mfrom[0m [32m"@/components/home/GridPreview"[0m;
  [90m 9 |[0m [36mimport[0m { [33mCTASection[0m } [36mfrom[0m [32m"@/components/home/CTASection"[0m;
[31m[1m>[0m [90m10 |[0m [36mimport[0m { [33mNavbar[0m } [36mfrom[0m [32m"@/components/layout/Navbar"[0m;
  [90m   |[0m [31m[1m^^^^^^^^^^^^^^^^^^^^^^^^^^^^^^^^^^^^^^^^^^^^^^^^^^^^[0m
  [90m11 |[0m [36mimport[0m { [33mFooter[0m } [36mfrom[0m [32m"@/components/layout/Footer"[0m;
  [90m12 |[0m
  [90m13 |[0m [36mexport[0m [36mdefault[0m [36mfunction[0m [33mHomePage[0m() {

Import map: aliased to relative './src/components/layout/Navbar' inside of [project]/


Import traces:
  Client Component Browser:
    ./src/app/page.tsx [Client Component Browser]
    ./src/app/page.tsx [Server Component]

  Client Component SSR:
    ./src/app/page.tsx [Client Component SSR]
    ./src/app/page.tsx [Server Component]

https://nextjs.org/docs/messages/module-not-found


⨯ ./src/app/page.tsx:10:1
Error: Module not found: Can't resolve '@/components/layout/Navbar'
  [90m 8 |[0m [36mimport[0m { [33mGridPreview[0m } [36mfrom[0m [32m"@/components/home/GridPreview"[0m;
  [90m 9 |[0m [36mimport[0m { [33mCTASection[0m } [36mfrom[0m [32m"@/components/home/CTASection"[0m;
[31m[1m>[0m [90m10 |[0m [36mimport[0m { [33mNavbar[0m } [36mfrom[0m [32m"@/components/layout/Navbar"[0m;
  [90m   |[0m [31m[1m^^^^^^^^^^^^^^^^^^^^^^^^^^^^^^^^^^^^^^^^^^^^^^^^^^^^[0m
  [90m11 |[0m [36mimport[0m { [33mFooter[0m } [36mfrom[0m [32m"@/components/layout/Footer"[0m;
  [90m12 |[0m
  [90m13 |[0m [36mexport[0m [36mdefault[0m [36mfunction[0m [33mHomePage[0m() {

Import map: aliased to relative './src/components/layout/Navbar' inside of [project]/


Import traces:
  Client Component Browser:
    ./src/app/page.tsx [Client Component Browser]
    ./src/app/page.tsx [Server Component]

  Client Component SSR:
    ./src/app/page.tsx [Client Component SSR]
    ./src/app/page.tsx [Server Component]

https://nextjs.org/docs/messages/module-not-found


[browser] Detected `scroll-behavior: smooth` on the `<html>` element. To disable smooth scrolling during route transitions, add `data-scroll-behavior="smooth"` to your <html> element. Learn more: https://nextjs.org/docs/messages/missing-data-scroll-behavior
⨯ ./src/app/page.tsx:5:1
Error: Module not found: Can't resolve '@/components/home/StatsSection'
  [90m3 |[0m [36mimport[0m { [33mHero[0m } [36mfrom[0m [32m"@/components/home/Hero"[0m;
  [90m4 |[0m [36mimport[0m { [33mFluidCursor[0m } [36mfrom[0m [32m"@/components/home/FluidCursor"[0m;
[31m[1m>[0m [90m5 |[0m [36mimport[0m { [33mStatsSection[0m } [36mfrom[0m [32m"@/components/home/StatsSection"[0m;
  [90m  |[0m [31m[1m^^^^^^^^^^^^^^^^^^^^^^^^^^^^^^^^^^^^^^^^^^^^^^^^^^^^^^^^^^^^^^[0m
  [90m6 |[0m [36mimport[0m { [33mAboutPreview[0m } [36mfrom[0m [32m"@/components/home/AboutPreview"[0m;
  [90m7 |[0m [36mimport[0m { [33mHowItWorks[0m } [36mfrom[0m [32m"@/components/home/HowItWorks"[0m;
  [90m8 |[0m [36mimport[0m { [33mGridPreview[0m } [36mfrom[0m [32m"@/components/home/GridPreview"[0m;

Import map: aliased to relative './src/components/home/StatsSection' inside of [project]/


Import traces:
  Client Component Browser:
    ./src/app/page.tsx [Client Component Browser]
    ./src/app/page.tsx [Server Component]

  Client Component SSR:
    ./src/app/page.tsx [Client Component SSR]
    ./src/app/page.tsx [Server Component]

https://nextjs.org/docs/messages/module-not-found


⨯ ./src/app/page.tsx:5:1
Error: Module not found: Can't resolve '@/components/home/StatsSection'
  [90m3 |[0m [36mimport[0m { [33mHero[0m } [36mfrom[0m [32m"@/components/home/Hero"[0m;
  [90m4 |[0m [36mimport[0m { [33mFluidCursor[0m } [36mfrom[0m [32m"@/components/home/FluidCursor"[0m;
[31m[1m>[0m [90m5 |[0m [36mimport[0m { [33mStatsSection[0m } [36mfrom[0m [32m"@/components/home/StatsSection"[0m;
  [90m  |[0m [31m[1m^^^^^^^^^^^^^^^^^^^^^^^^^^^^^^^^^^^^^^^^^^^^^^^^^^^^^^^^^^^^^^[0m
  [90m6 |[0m [36mimport[0m { [33mAboutPreview[0m } [36mfrom[0m [32m"@/components/home/AboutPreview"[0m;
  [90m7 |[0m [36mimport[0m { [33mHowItWorks[0m } [36mfrom[0m [32m"@/components/home/HowItWorks"[0m;
  [90m8 |[0m [36mimport[0m { [33mGridPreview[0m } [36mfrom[0m [32m"@/components/home/GridPreview"[0m;

Import map: aliased to relative './src/components/home/StatsSection' inside of [project]/


Import traces:
  Client Component Browser:
    ./src/app/page.tsx [Client Component Browser]
    ./src/app/page.tsx [Server Component]

  Client Component SSR:
    ./src/app/page.tsx [Client Component SSR]
    ./src/app/page.tsx [Server Component]

https://nextjs.org/docs/messages/module-not-found


⨯ ./src/app/page.tsx:5:1
Error: Module not found: Can't resolve '@/components/home/StatsSection'
  [90m3 |[0m [36mimport[0m { [33mHero[0m } [36mfrom[0m [32m"@/components/home/Hero"[0m;
  [90m4 |[0m [36mimport[0m { [33mFluidCursor[0m } [36mfrom[0m [32m"@/components/home/FluidCursor"[0m;
[31m[1m>[0m [90m5 |[0m [36mimport[0m { [33mStatsSection[0m } [36mfrom[0m [32m"@/components/home/StatsSection"[0m;
  [90m  |[0m [31m[1m^^^^^^^^^^^^^^^^^^^^^^^^^^^^^^^^^^^^^^^^^^^^^^^^^^^^^^^^^^^^^^[0m
  [90m6 |[0m [36mimport[0m { [33mAboutPreview[0m } [36mfrom[0m [32m"@/components/home/AboutPreview"[0m;
  [90m7 |[0m [36mimport[0m { [33mHowItWorks[0m } [36mfrom[0m [32m"@/components/home/HowItWorks"[0m;
  [90m8 |[0m [36mimport[0m { [33mGridPreview[0m } [36mfrom[0m [32m"@/components/home/GridPreview"[0m;

Import map: aliased to relative './src/components/home/StatsSection' inside of [project]/


Import traces:
  Client Component Browser:
    ./src/app/page.tsx [Client Component Browser]
    ./src/app/page.tsx [Server Component]

  Client Component SSR:
    ./src/app/page.tsx [Client Component SSR]
    ./src/app/page.tsx [Server Component]

https://nextjs.org/docs/messages/module-not-found


⨯ ./src/app/page.tsx:5:1
Error: Module not found: Can't resolve '@/components/home/StatsSection'
  [90m3 |[0m [36mimport[0m { [33mHero[0m } [36mfrom[0m [32m"@/components/home/Hero"[0m;
  [90m4 |[0m [36mimport[0m { [33mFluidCursor[0m } [36mfrom[0m [32m"@/components/home/FluidCursor"[0m;
[31m[1m>[0m [90m5 |[0m [36mimport[0m { [33mStatsSection[0m } [36mfrom[0m [32m"@/components/home/StatsSection"[0m;
  [90m  |[0m [31m[1m^^^^^^^^^^^^^^^^^^^^^^^^^^^^^^^^^^^^^^^^^^^^^^^^^^^^^^^^^^^^^^[0m
  [90m6 |[0m [36mimport[0m { [33mAboutPreview[0m } [36mfrom[0m [32m"@/components/home/AboutPreview"[0m;
  [90m7 |[0m [36mimport[0m { [33mHowItWorks[0m } [36mfrom[0m [32m"@/components/home/HowItWorks"[0m;
  [90m8 |[0m [36mimport[0m { [33mGridPreview[0m } [36mfrom[0m [32m"@/components/home/GridPreview"[0m;

Import map: aliased to relative './src/components/home/StatsSection' inside of [project]/


Import traces:
  Client Component Browser:
    ./src/app/page.tsx [Client Component Browser]
    ./src/app/page.tsx [Server Component]

  Client Component SSR:
    ./src/app/page.tsx [Client Component SSR]
    ./src/app/page.tsx [Server Component]

https://nextjs.org/docs/messages/module-not-found


⨯ ./src/app/page.tsx:5:1
Error: Module not found: Can't resolve '@/components/home/StatsSection'
  [90m3 |[0m [36mimport[0m { [33mHero[0m } [36mfrom[0m [32m"@/components/home/Hero"[0m;
  [90m4 |[0m [36mimport[0m { [33mFluidCursor[0m } [36mfrom[0m [32m"@/components/home/FluidCursor"[0m;
[31m[1m>[0m [90m5 |[0m [36mimport[0m { [33mStatsSection[0m } [36mfrom[0m [32m"@/components/home/StatsSection"[0m;
  [90m  |[0m [31m[1m^^^^^^^^^^^^^^^^^^^^^^^^^^^^^^^^^^^^^^^^^^^^^^^^^^^^^^^^^^^^^^[0m
  [90m6 |[0m [36mimport[0m { [33mAboutPreview[0m } [36mfrom[0m [32m"@/components/home/AboutPreview"[0m;
  [90m7 |[0m [36mimport[0m { [33mHowItWorks[0m } [36mfrom[0m [32m"@/components/home/HowItWorks"[0m;
  [90m8 |[0m [36mimport[0m { [33mGridPreview[0m } [36mfrom[0m [32m"@/components/home/GridPreview"[0m;

Import map: aliased to relative './src/components/home/StatsSection' inside of [project]/


Import traces:
  Client Component Browser:
    ./src/app/page.tsx [Client Component Browser]
    ./src/app/page.tsx [Server Component]

  Client Component SSR:
    ./src/app/page.tsx [Client Component SSR]
    ./src/app/page.tsx [Server Component]

https://nextjs.org/docs/messages/module-not-found


⨯ ./src/app/page.tsx:5:1
Error: Module not found: Can't resolve '@/components/home/StatsSection'
  [90m3 |[0m [36mimport[0m { [33mHero[0m } [36mfrom[0m [32m"@/components/home/Hero"[0m;
  [90m4 |[0m [36mimport[0m { [33mFluidCursor[0m } [36mfrom[0m [32m"@/components/home/FluidCursor"[0m;
[31m[1m>[0m [90m5 |[0m [36mimport[0m { [33mStatsSection[0m } [36mfrom[0m [32m"@/components/home/StatsSection"[0m;
  [90m  |[0m [31m[1m^^^^^^^^^^^^^^^^^^^^^^^^^^^^^^^^^^^^^^^^^^^^^^^^^^^^^^^^^^^^^^[0m
  [90m6 |[0m [36mimport[0m { [33mAboutPreview[0m } [36mfrom[0m [32m"@/components/home/AboutPreview"[0m;
  [90m7 |[0m [36mimport[0m { [33mHowItWorks[0m } [36mfrom[0m [32m"@/components/home/HowItWorks"[0m;
  [90m8 |[0m [36mimport[0m { [33mGridPreview[0m } [36mfrom[0m [32m"@/components/home/GridPreview"[0m;

Import map: aliased to relative './src/components/home/StatsSection' inside of [project]/


Import traces:
  Client Component Browser:
    ./src/app/page.tsx [Client Component Browser]
    ./src/app/page.tsx [Server Component]

  Client Component SSR:
    ./src/app/page.tsx [Client Component SSR]
    ./src/app/page.tsx [Server Component]

https://nextjs.org/docs/messages/module-not-found


⨯ ./src/app/page.tsx:5:1
Error: Module not found: Can't resolve '@/components/home/StatsSection'
  [90m3 |[0m [36mimport[0m { [33mHero[0m } [36mfrom[0m [32m"@/components/home/Hero"[0m;
  [90m4 |[0m [36mimport[0m { [33mFluidCursor[0m } [36mfrom[0m [32m"@/components/home/FluidCursor"[0m;
[31m[1m>[0m [90m5 |[0m [36mimport[0m { [33mStatsSection[0m } [36mfrom[0m [32m"@/components/home/StatsSection"[0m;
  [90m  |[0m [31m[1m^^^^^^^^^^^^^^^^^^^^^^^^^^^^^^^^^^^^^^^^^^^^^^^^^^^^^^^^^^^^^^[0m
  [90m6 |[0m [36mimport[0m { [33mAboutPreview[0m } [36mfrom[0m [32m"@/components/home/AboutPreview"[0m;
  [90m7 |[0m [36mimport[0m { [33mHowItWorks[0m } [36mfrom[0m [32m"@/components/home/HowItWorks"[0m;
  [90m8 |[0m [36mimport[0m { [33mGridPreview[0m } [36mfrom[0m [32m"@/components/home/GridPreview"[0m;

Import map: aliased to relative './src/components/home/StatsSection' inside of [project]/


Import traces:
  Client Component Browser:
    ./src/app/page.tsx [Client Component Browser]
    ./src/app/page.tsx [Server Component]

  Client Component SSR:
    ./src/app/page.tsx [Client Component SSR]
    ./src/app/page.tsx [Server Component]

https://nextjs.org/docs/messages/module-not-found


⨯ ./src/app/page.tsx:5:1
Error: Module not found: Can't resolve '@/components/home/StatsSection'
  [90m3 |[0m [36mimport[0m { [33mHero[0m } [36mfrom[0m [32m"@/components/home/Hero"[0m;
  [90m4 |[0m [36mimport[0m { [33mFluidCursor[0m } [36mfrom[0m [32m"@/components/home/FluidCursor"[0m;
[31m[1m>[0m [90m5 |[0m [36mimport[0m { [33mStatsSection[0m } [36mfrom[0m [32m"@/components/home/StatsSection"[0m;
  [90m  |[0m [31m[1m^^^^^^^^^^^^^^^^^^^^^^^^^^^^^^^^^^^^^^^^^^^^^^^^^^^^^^^^^^^^^^[0m
  [90m6 |[0m [36mimport[0m { [33mAboutPreview[0m } [36mfrom[0m [32m"@/components/home/AboutPreview"[0m;
  [90m7 |[0m [36mimport[0m { [33mHowItWorks[0m } [36mfrom[0m [32m"@/components/home/HowItWorks"[0m;
  [90m8 |[0m [36mimport[0m { [33mGridPreview[0m } [36mfrom[0m [32m"@/components/home/GridPreview"[0m;

Import map: aliased to relative './src/components/home/StatsSection' inside of [project]/


Import traces:
  Client Component Browser:
    ./src/app/page.tsx [Client Component Browser]
    ./src/app/page.tsx [Server Component]

  Client Component SSR:
    ./src/app/page.tsx [Client Component SSR]
    ./src/app/page.tsx [Server Component]

https://nextjs.org/docs/messages/module-not-found


⨯ ./src/app/page.tsx:5:1
Error: Module not found: Can't resolve '@/components/home/StatsSection'
  [90m3 |[0m [36mimport[0m { [33mHero[0m } [36mfrom[0m [32m"@/components/home/Hero"[0m;
  [90m4 |[0m [36mimport[0m { [33mFluidCursor[0m } [36mfrom[0m [32m"@/components/home/FluidCursor"[0m;
[31m[1m>[0m [90m5 |[0m [36mimport[0m { [33mStatsSection[0m } [36mfrom[0m [32m"@/components/home/StatsSection"[0m;
  [90m  |[0m [31m[1m^^^^^^^^^^^^^^^^^^^^^^^^^^^^^^^^^^^^^^^^^^^^^^^^^^^^^^^^^^^^^^[0m
  [90m6 |[0m [36mimport[0m { [33mAboutPreview[0m } [36mfrom[0m [32m"@/components/home/AboutPreview"[0m;
  [90m7 |[0m [36mimport[0m { [33mHowItWorks[0m } [36mfrom[0m [32m"@/components/home/HowItWorks"[0m;
  [90m8 |[0m [36mimport[0m { [33mGridPreview[0m } [36mfrom[0m [32m"@/components/home/GridPreview"[0m;

Import map: aliased to relative './src/components/home/StatsSection' inside of [project]/


Import traces:
  Client Component Browser:
    ./src/app/page.tsx [Client Component Browser]
    ./src/app/page.tsx [Server Component]

  Client Component SSR:
    ./src/app/page.tsx [Client Component SSR]
    ./src/app/page.tsx [Server Component]

https://nextjs.org/docs/messages/module-not-found


⨯ ./src/app/page.tsx:5:1
Error: Module not found: Can't resolve '@/components/home/StatsSection'
  [90m3 |[0m [36mimport[0m { [33mHero[0m } [36mfrom[0m [32m"@/components/home/Hero"[0m;
  [90m4 |[0m [36mimport[0m { [33mFluidCursor[0m } [36mfrom[0m [32m"@/components/home/FluidCursor"[0m;
[31m[1m>[0m [90m5 |[0m [36mimport[0m { [33mStatsSection[0m } [36mfrom[0m [32m"@/components/home/StatsSection"[0m;
  [90m  |[0m [31m[1m^^^^^^^^^^^^^^^^^^^^^^^^^^^^^^^^^^^^^^^^^^^^^^^^^^^^^^^^^^^^^^[0m
  [90m6 |[0m [36mimport[0m { [33mAboutPreview[0m } [36mfrom[0m [32m"@/components/home/AboutPreview"[0m;
  [90m7 |[0m [36mimport[0m { [33mHowItWorks[0m } [36mfrom[0m [32m"@/components/home/HowItWorks"[0m;
  [90m8 |[0m [36mimport[0m { [33mGridPreview[0m } [36mfrom[0m [32m"@/components/home/GridPreview"[0m;

Import map: aliased to relative './src/components/home/StatsSection' inside of [project]/


Import traces:
  Client Component Browser:
    ./src/app/page.tsx [Client Component Browser]
    ./src/app/page.tsx [Server Component]

  Client Component SSR:
    ./src/app/page.tsx [Client Component SSR]
    ./src/app/page.tsx [Server Component]

https://nextjs.org/docs/messages/module-not-found


⨯ ./src/app/page.tsx:5:1
Error: Module not found: Can't resolve '@/components/home/StatsSection'
  [90m3 |[0m [36mimport[0m { [33mHero[0m } [36mfrom[0m [32m"@/components/home/Hero"[0m;
  [90m4 |[0m [36mimport[0m { [33mFluidCursor[0m } [36mfrom[0m [32m"@/components/home/FluidCursor"[0m;
[31m[1m>[0m [90m5 |[0m [36mimport[0m { [33mStatsSection[0m } [36mfrom[0m [32m"@/components/home/StatsSection"[0m;
  [90m  |[0m [31m[1m^^^^^^^^^^^^^^^^^^^^^^^^^^^^^^^^^^^^^^^^^^^^^^^^^^^^^^^^^^^^^^[0m
  [90m6 |[0m [36mimport[0m { [33mAboutPreview[0m } [36mfrom[0m [32m"@/components/home/AboutPreview"[0m;
  [90m7 |[0m [36mimport[0m { [33mHowItWorks[0m } [36mfrom[0m [32m"@/components/home/HowItWorks"[0m;
  [90m8 |[0m [36mimport[0m { [33mGridPreview[0m } [36mfrom[0m [32m"@/components/home/GridPreview"[0m;

Import map: aliased to relative './src/components/home/StatsSection' inside of [project]/


Import traces:
  Client Component Browser:
    ./src/app/page.tsx [Client Component Browser]
    ./src/app/page.tsx [Server Component]

  Client Component SSR:
    ./src/app/page.tsx [Client Component SSR]
    ./src/app/page.tsx [Server Component]

https://nextjs.org/docs/messages/module-not-found


⨯ ./src/app/page.tsx:5:1
Error: Module not found: Can't resolve '@/components/home/StatsSection'
  [90m3 |[0m [36mimport[0m { [33mHero[0m } [36mfrom[0m [32m"@/components/home/Hero"[0m;
  [90m4 |[0m [36mimport[0m { [33mFluidCursor[0m } [36mfrom[0m [32m"@/components/home/FluidCursor"[0m;
[31m[1m>[0m [90m5 |[0m [36mimport[0m { [33mStatsSection[0m } [36mfrom[0m [32m"@/components/home/StatsSection"[0m;
  [90m  |[0m [31m[1m^^^^^^^^^^^^^^^^^^^^^^^^^^^^^^^^^^^^^^^^^^^^^^^^^^^^^^^^^^^^^^[0m
  [90m6 |[0m [36mimport[0m { [33mAboutPreview[0m } [36mfrom[0m [32m"@/components/home/AboutPreview"[0m;
  [90m7 |[0m [36mimport[0m { [33mHowItWorks[0m } [36mfrom[0m [32m"@/components/home/HowItWorks"[0m;
  [90m8 |[0m [36mimport[0m { [33mGridPreview[0m } [36mfrom[0m [32m"@/components/home/GridPreview"[0m;

Import map: aliased to relative './src/components/home/StatsSection' inside of [project]/


Import traces:
  Client Component Browser:
    ./src/app/page.tsx [Client Component Browser]
    ./src/app/page.tsx [Server Component]

  Client Component SSR:
    ./src/app/page.tsx [Client Component SSR]
    ./src/app/page.tsx [Server Component]

https://nextjs.org/docs/messages/module-not-found


⨯ ./src/app/page.tsx:5:1
Error: Module not found: Can't resolve '@/components/home/StatsSection'
  [90m3 |[0m [36mimport[0m { [33mHero[0m } [36mfrom[0m [32m"@/components/home/Hero"[0m;
  [90m4 |[0m [36mimport[0m { [33mFluidCursor[0m } [36mfrom[0m [32m"@/components/home/FluidCursor"[0m;
[31m[1m>[0m [90m5 |[0m [36mimport[0m { [33mStatsSection[0m } [36mfrom[0m [32m"@/components/home/StatsSection"[0m;
  [90m  |[0m [31m[1m^^^^^^^^^^^^^^^^^^^^^^^^^^^^^^^^^^^^^^^^^^^^^^^^^^^^^^^^^^^^^^[0m
  [90m6 |[0m [36mimport[0m { [33mAboutPreview[0m } [36mfrom[0m [32m"@/components/home/AboutPreview"[0m;
  [90m7 |[0m [36mimport[0m { [33mHowItWorks[0m } [36mfrom[0m [32m"@/components/home/HowItWorks"[0m;
  [90m8 |[0m [36mimport[0m { [33mGridPreview[0m } [36mfrom[0m [32m"@/components/home/GridPreview"[0m;

Import map: aliased to relative './src/components/home/StatsSection' inside of [project]/


Import traces:
  Client Component Browser:
    ./src/app/page.tsx [Client Component Browser]
    ./src/app/page.tsx [Server Component]

  Client Component SSR:
    ./src/app/page.tsx [Client Component SSR]
    ./src/app/page.tsx [Server Component]

https://nextjs.org/docs/messages/module-not-found


⨯ ./src/app/page.tsx:5:1
Error: Module not found: Can't resolve '@/components/home/StatsSection'
  [90m3 |[0m [36mimport[0m { [33mHero[0m } [36mfrom[0m [32m"@/components/home/Hero"[0m;
  [90m4 |[0m [36mimport[0m { [33mFluidCursor[0m } [36mfrom[0m [32m"@/components/home/FluidCursor"[0m;
[31m[1m>[0m [90m5 |[0m [36mimport[0m { [33mStatsSection[0m } [36mfrom[0m [32m"@/components/home/StatsSection"[0m;
  [90m  |[0m [31m[1m^^^^^^^^^^^^^^^^^^^^^^^^^^^^^^^^^^^^^^^^^^^^^^^^^^^^^^^^^^^^^^[0m
  [90m6 |[0m [36mimport[0m { [33mAboutPreview[0m } [36mfrom[0m [32m"@/components/home/AboutPreview"[0m;
  [90m7 |[0m [36mimport[0m { [33mHowItWorks[0m } [36mfrom[0m [32m"@/components/home/HowItWorks"[0m;
  [90m8 |[0m [36mimport[0m { [33mGridPreview[0m } [36mfrom[0m [32m"@/components/home/GridPreview"[0m;

Import map: aliased to relative './src/components/home/StatsSection' inside of [project]/


Import traces:
  Client Component Browser:
    ./src/app/page.tsx [Client Component Browser]
    ./src/app/page.tsx [Server Component]

  Client Component SSR:
    ./src/app/page.tsx [Client Component SSR]
    ./src/app/page.tsx [Server Component]

https://nextjs.org/docs/messages/module-not-found


⨯ ./src/app/page.tsx:5:1
Error: Module not found: Can't resolve '@/components/home/StatsSection'
  [90m3 |[0m [36mimport[0m { [33mHero[0m } [36mfrom[0m [32m"@/components/home/Hero"[0m;
  [90m4 |[0m [36mimport[0m { [33mFluidCursor[0m } [36mfrom[0m [32m"@/components/home/FluidCursor"[0m;
[31m[1m>[0m [90m5 |[0m [36mimport[0m { [33mStatsSection[0m } [36mfrom[0m [32m"@/components/home/StatsSection"[0m;
  [90m  |[0m [31m[1m^^^^^^^^^^^^^^^^^^^^^^^^^^^^^^^^^^^^^^^^^^^^^^^^^^^^^^^^^^^^^^[0m
  [90m6 |[0m [36mimport[0m { [33mAboutPreview[0m } [36mfrom[0m [32m"@/components/home/AboutPreview"[0m;
  [90m7 |[0m [36mimport[0m { [33mHowItWorks[0m } [36mfrom[0m [32m"@/components/home/HowItWorks"[0m;
  [90m8 |[0m [36mimport[0m { [33mGridPreview[0m } [36mfrom[0m [32m"@/components/home/GridPreview"[0m;

Import map: aliased to relative './src/components/home/StatsSection' inside of [project]/


Import traces:
  Client Component Browser:
    ./src/app/page.tsx [Client Component Browser]
    ./src/app/page.tsx [Server Component]

  Client Component SSR:
    ./src/app/page.tsx [Client Component SSR]
    ./src/app/page.tsx [Server Component]

https://nextjs.org/docs/messages/module-not-found


⨯ ./src/app/page.tsx:5:1
Error: Module not found: Can't resolve '@/components/home/StatsSection'
  [90m3 |[0m [36mimport[0m { [33mHero[0m } [36mfrom[0m [32m"@/components/home/Hero"[0m;
  [90m4 |[0m [36mimport[0m { [33mFluidCursor[0m } [36mfrom[0m [32m"@/components/home/FluidCursor"[0m;
[31m[1m>[0m [90m5 |[0m [36mimport[0m { [33mStatsSection[0m } [36mfrom[0m [32m"@/components/home/StatsSection"[0m;
  [90m  |[0m [31m[1m^^^^^^^^^^^^^^^^^^^^^^^^^^^^^^^^^^^^^^^^^^^^^^^^^^^^^^^^^^^^^^[0m
  [90m6 |[0m [36mimport[0m { [33mAboutPreview[0m } [36mfrom[0m [32m"@/components/home/AboutPreview"[0m;
  [90m7 |[0m [36mimport[0m { [33mHowItWorks[0m } [36mfrom[0m [32m"@/components/home/HowItWorks"[0m;
  [90m8 |[0m [36mimport[0m { [33mGridPreview[0m } [36mfrom[0m [32m"@/components/home/GridPreview"[0m;

Import map: aliased to relative './src/components/home/StatsSection' inside of [project]/


Import traces:
  Client Component Browser:
    ./src/app/page.tsx [Client Component Browser]
    ./src/app/page.tsx [Server Component]

  Client Component SSR:
    ./src/app/page.tsx [Client Component SSR]
    ./src/app/page.tsx [Server Component]

https://nextjs.org/docs/messages/module-not-found


[browser] ./src/app/page.tsx:5:1
Error: Module not found: Can't resolve '@/components/home/StatsSection'
  3 | import { Hero } from "@/components/home/Hero";
  4 | import { FluidCursor } from "@/components/home/FluidCursor";
> 5 | import { StatsSection } from "@/components/home/StatsSection";
    | ^^^^^^^^^^^^^^^^^^^^^^^^^^^^^^^^^^^^^^^^^^^^^^^^^^^^^^^^^^^^^^
  6 | import { AboutPreview } from "@/components/home/AboutPreview";
  7 | import { HowItWorks } from "@/components/home/HowItWorks";
  8 | import { GridPreview } from "@/components/home/GridPreview";

Import map: aliased to relative './src/components/home/StatsSection' inside of [project]/

Import traces:
  Client Component Browser:
    ./src/app/page.tsx [Client Component Browser]
    ./src/app/page.tsx [Server Component]

  Client Component SSR:
    ./src/app/page.tsx [Client Component SSR]
    ./src/app/page.tsx [Server Component]

https://nextjs.org/docs/messages/module-not-found 
[browser] ./src/app/page.tsx:5:1
Error: Module not found: Can't resolve '@/components/home/StatsSection'
  3 | import { Hero } from "@/components/home/Hero";
  4 | import { FluidCursor } from "@/components/home/FluidCursor";
> 5 | import { StatsSection } from "@/components/home/StatsSection";
    | ^^^^^^^^^^^^^^^^^^^^^^^^^^^^^^^^^^^^^^^^^^^^^^^^^^^^^^^^^^^^^^
  6 | import { AboutPreview } from "@/components/home/AboutPreview";
  7 | import { HowItWorks } from "@/components/home/HowItWorks";
  8 | import { GridPreview } from "@/components/home/GridPreview";

Import map: aliased to relative './src/components/home/StatsSection' inside of [project]/

Import traces:
  Client Component Browser:
    ./src/app/page.tsx [Client Component Browser]
    ./src/app/page.tsx [Server Component]

  Client Component SSR:
    ./src/app/page.tsx [Client Component SSR]
    ./src/app/page.tsx [Server Component]

https://nextjs.org/docs/messages/module-not-found 
[browser] ./src/app/page.tsx:5:1
Error: Module not found: Can't resolve '@/components/home/StatsSection'
  3 | import { Hero } from "@/components/home/Hero";
  4 | import { FluidCursor } from "@/components/home/FluidCursor";
> 5 | import { StatsSection } from "@/components/home/StatsSection";
    | ^^^^^^^^^^^^^^^^^^^^^^^^^^^^^^^^^^^^^^^^^^^^^^^^^^^^^^^^^^^^^^
  6 | import { AboutPreview } from "@/components/home/AboutPreview";
  7 | import { HowItWorks } from "@/components/home/HowItWorks";
  8 | import { GridPreview } from "@/components/home/GridPreview";

Import map: aliased to relative './src/components/home/StatsSection' inside of [project]/

Import traces:
  Client Component Browser:
    ./src/app/page.tsx [Client Component Browser]
    ./src/app/page.tsx [Server Component]

  Client Component SSR:
    ./src/app/page.tsx [Client Component SSR]
    ./src/app/page.tsx [Server Component]

https://nextjs.org/docs/messages/module-not-found 
[browser] ./src/app/page.tsx:5:1
Error: Module not found: Can't resolve '@/components/home/StatsSection'
  3 | import { Hero } from "@/components/home/Hero";
  4 | import { FluidCursor } from "@/components/home/FluidCursor";
> 5 | import { StatsSection } from "@/components/home/StatsSection";
    | ^^^^^^^^^^^^^^^^^^^^^^^^^^^^^^^^^^^^^^^^^^^^^^^^^^^^^^^^^^^^^^
  6 | import { AboutPreview } from "@/components/home/AboutPreview";
  7 | import { HowItWorks } from "@/components/home/HowItWorks";
  8 | import { GridPreview } from "@/components/home/GridPreview";

Import map: aliased to relative './src/components/home/StatsSection' inside of [project]/

Import traces:
  Client Component Browser:
    ./src/app/page.tsx [Client Component Browser]
    ./src/app/page.tsx [Server Component]

  Client Component SSR:
    ./src/app/page.tsx [Client Component SSR]
    ./src/app/page.tsx [Server Component]

https://nextjs.org/docs/messages/module-not-found 
[browser] ./src/app/page.tsx:5:1
Error: Module not found: Can't resolve '@/components/home/StatsSection'
  3 | import { Hero } from "@/components/home/Hero";
  4 | import { FluidCursor } from "@/components/home/FluidCursor";
> 5 | import { StatsSection } from "@/components/home/StatsSection";
    | ^^^^^^^^^^^^^^^^^^^^^^^^^^^^^^^^^^^^^^^^^^^^^^^^^^^^^^^^^^^^^^
  6 | import { AboutPreview } from "@/components/home/AboutPreview";
  7 | import { HowItWorks } from "@/components/home/HowItWorks";
  8 | import { GridPreview } from "@/components/home/GridPreview";

Import map: aliased to relative './src/components/home/StatsSection' inside of [project]/

Import traces:
  Client Component Browser:
    ./src/app/page.tsx [Client Component Browser]
    ./src/app/page.tsx [Server Component]

  Client Component SSR:
    ./src/app/page.tsx [Client Component SSR]
    ./src/app/page.tsx [Server Component]

https://nextjs.org/docs/messages/module-not-found 
[browser] ./src/app/page.tsx:5:1
Error: Module not found: Can't resolve '@/components/home/StatsSection'
  3 | import { Hero } from "@/components/home/Hero";
  4 | import { FluidCursor } from "@/components/home/FluidCursor";
> 5 | import { StatsSection } from "@/components/home/StatsSection";
    | ^^^^^^^^^^^^^^^^^^^^^^^^^^^^^^^^^^^^^^^^^^^^^^^^^^^^^^^^^^^^^^
  6 | import { AboutPreview } from "@/components/home/AboutPreview";
  7 | import { HowItWorks } from "@/components/home/HowItWorks";
  8 | import { GridPreview } from "@/components/home/GridPreview";

Import map: aliased to relative './src/components/home/StatsSection' inside of [project]/

Import traces:
  Client Component Browser:
    ./src/app/page.tsx [Client Component Browser]
    ./src/app/page.tsx [Server Component]

  Client Component SSR:
    ./src/app/page.tsx [Client Component SSR]
    ./src/app/page.tsx [Server Component]

https://nextjs.org/docs/messages/module-not-found 
[browser] ./src/app/page.tsx:5:1
Error: Module not found: Can't resolve '@/components/home/StatsSection'
  3 | import { Hero } from "@/components/home/Hero";
  4 | import { FluidCursor } from "@/components/home/FluidCursor";
> 5 | import { StatsSection } from "@/components/home/StatsSection";
    | ^^^^^^^^^^^^^^^^^^^^^^^^^^^^^^^^^^^^^^^^^^^^^^^^^^^^^^^^^^^^^^
  6 | import { AboutPreview } from "@/components/home/AboutPreview";
  7 | import { HowItWorks } from "@/components/home/HowItWorks";
  8 | import { GridPreview } from "@/components/home/GridPreview";

Import map: aliased to relative './src/components/home/StatsSection' inside of [project]/

Import traces:
  Client Component Browser:
    ./src/app/page.tsx [Client Component Browser]
    ./src/app/page.tsx [Server Component]

  Client Component SSR:
    ./src/app/page.tsx [Client Component SSR]
    ./src/app/page.tsx [Server Component]

https://nextjs.org/docs/messages/module-not-found 
[browser] ./src/app/page.tsx:5:1
Error: Module not found: Can't resolve '@/components/home/StatsSection'
  3 | import { Hero } from "@/components/home/Hero";
  4 | import { FluidCursor } from "@/components/home/FluidCursor";
> 5 | import { StatsSection } from "@/components/home/StatsSection";
    | ^^^^^^^^^^^^^^^^^^^^^^^^^^^^^^^^^^^^^^^^^^^^^^^^^^^^^^^^^^^^^^
  6 | import { AboutPreview } from "@/components/home/AboutPreview";
  7 | import { HowItWorks } from "@/components/home/HowItWorks";
  8 | import { GridPreview } from "@/components/home/GridPreview";

Import map: aliased to relative './src/components/home/StatsSection' inside of [project]/

Import traces:
  Client Component Browser:
    ./src/app/page.tsx [Client Component Browser]
    ./src/app/page.tsx [Server Component]

  Client Component SSR:
    ./src/app/page.tsx [Client Component SSR]
    ./src/app/page.tsx [Server Component]

https://nextjs.org/docs/messages/module-not-found 
[browser] ./src/app/page.tsx:5:1
Error: Module not found: Can't resolve '@/components/home/StatsSection'
  3 | import { Hero } from "@/components/home/Hero";
  4 | import { FluidCursor } from "@/components/home/FluidCursor";
> 5 | import { StatsSection } from "@/components/home/StatsSection";
    | ^^^^^^^^^^^^^^^^^^^^^^^^^^^^^^^^^^^^^^^^^^^^^^^^^^^^^^^^^^^^^^
  6 | import { AboutPreview } from "@/components/home/AboutPreview";
  7 | import { HowItWorks } from "@/components/home/HowItWorks";
  8 | import { GridPreview } from "@/components/home/GridPreview";

Import map: aliased to relative './src/components/home/StatsSection' inside of [project]/

Import traces:
  Client Component Browser:
    ./src/app/page.tsx [Client Component Browser]
    ./src/app/page.tsx [Server Component]

  Client Component SSR:
    ./src/app/page.tsx [Client Component SSR]
    ./src/app/page.tsx [Server Component]

https://nextjs.org/docs/messages/module-not-found 
[browser] ./src/app/page.tsx:5:1
Error: Module not found: Can't resolve '@/components/home/StatsSection'
  3 | import { Hero } from "@/components/home/Hero";
  4 | import { FluidCursor } from "@/components/home/FluidCursor";
> 5 | import { StatsSection } from "@/components/home/StatsSection";
    | ^^^^^^^^^^^^^^^^^^^^^^^^^^^^^^^^^^^^^^^^^^^^^^^^^^^^^^^^^^^^^^
  6 | import { AboutPreview } from "@/components/home/AboutPreview";
  7 | import { HowItWorks } from "@/components/home/HowItWorks";
  8 | import { GridPreview } from "@/components/home/GridPreview";

Import map: aliased to relative './src/components/home/StatsSection' inside of [project]/

Import traces:
  Client Component Browser:
    ./src/app/page.tsx [Client Component Browser]
    ./src/app/page.tsx [Server Component]

  Client Component SSR:
    ./src/app/page.tsx [Client Component SSR]
    ./src/app/page.tsx [Server Component]

https://nextjs.org/docs/messages/module-not-found 
[browser] ./src/app/page.tsx:5:1
Error: Module not found: Can't resolve '@/components/home/StatsSection'
  3 | import { Hero } from "@/components/home/Hero";
  4 | import { FluidCursor } from "@/components/home/FluidCursor";
> 5 | import { StatsSection } from "@/components/home/StatsSection";
    | ^^^^^^^^^^^^^^^^^^^^^^^^^^^^^^^^^^^^^^^^^^^^^^^^^^^^^^^^^^^^^^
  6 | import { AboutPreview } from "@/components/home/AboutPreview";
  7 | import { HowItWorks } from "@/components/home/HowItWorks";
  8 | import { GridPreview } from "@/components/home/GridPreview";

Import map: aliased to relative './src/components/home/StatsSection' inside of [project]/

Import traces:
  Client Component Browser:
    ./src/app/page.tsx [Client Component Browser]
    ./src/app/page.tsx [Server Component]

  Client Component SSR:
    ./src/app/page.tsx [Client Component SSR]
    ./src/app/page.tsx [Server Component]

https://nextjs.org/docs/messages/module-not-found 
[browser] ./src/app/page.tsx:5:1
Error: Module not found: Can't resolve '@/components/home/StatsSection'
  3 | import { Hero } from "@/components/home/Hero";
  4 | import { FluidCursor } from "@/components/home/FluidCursor";
> 5 | import { StatsSection } from "@/components/home/StatsSection";
    | ^^^^^^^^^^^^^^^^^^^^^^^^^^^^^^^^^^^^^^^^^^^^^^^^^^^^^^^^^^^^^^
  6 | import { AboutPreview } from "@/components/home/AboutPreview";
  7 | import { HowItWorks } from "@/components/home/HowItWorks";
  8 | import { GridPreview } from "@/components/home/GridPreview";

Import map: aliased to relative './src/components/home/StatsSection' inside of [project]/

Import traces:
  Client Component Browser:
    ./src/app/page.tsx [Client Component Browser]
    ./src/app/page.tsx [Server Component]

  Client Component SSR:
    ./src/app/page.tsx [Client Component SSR]
    ./src/app/page.tsx [Server Component]

https://nextjs.org/docs/messages/module-not-found 
[browser] ./src/app/page.tsx:5:1
Error: Module not found: Can't resolve '@/components/home/StatsSection'
  3 | import { Hero } from "@/components/home/Hero";
  4 | import { FluidCursor } from "@/components/home/FluidCursor";
> 5 | import { StatsSection } from "@/components/home/StatsSection";
    | ^^^^^^^^^^^^^^^^^^^^^^^^^^^^^^^^^^^^^^^^^^^^^^^^^^^^^^^^^^^^^^
  6 | import { AboutPreview } from "@/components/home/AboutPreview";
  7 | import { HowItWorks } from "@/components/home/HowItWorks";
  8 | import { GridPreview } from "@/components/home/GridPreview";

Import map: aliased to relative './src/components/home/StatsSection' inside of [project]/

Import traces:
  Client Component Browser:
    ./src/app/page.tsx [Client Component Browser]
    ./src/app/page.tsx [Server Component]

  Client Component SSR:
    ./src/app/page.tsx [Client Component SSR]
    ./src/app/page.tsx [Server Component]

https://nextjs.org/docs/messages/module-not-found 
[browser] ./src/app/page.tsx:5:1
Error: Module not found: Can't resolve '@/components/home/StatsSection'
  3 | import { Hero } from "@/components/home/Hero";
  4 | import { FluidCursor } from "@/components/home/FluidCursor";
> 5 | import { StatsSection } from "@/components/home/StatsSection";
    | ^^^^^^^^^^^^^^^^^^^^^^^^^^^^^^^^^^^^^^^^^^^^^^^^^^^^^^^^^^^^^^
  6 | import { AboutPreview } from "@/components/home/AboutPreview";
  7 | import { HowItWorks } from "@/components/home/HowItWorks";
  8 | import { GridPreview } from "@/components/home/GridPreview";

Import map: aliased to relative './src/components/home/StatsSection' inside of [project]/

Import traces:
  Client Component Browser:
    ./src/app/page.tsx [Client Component Browser]
    ./src/app/page.tsx [Server Component]

  Client Component SSR:
    ./src/app/page.tsx [Client Component SSR]
    ./src/app/page.tsx [Server Component]

https://nextjs.org/docs/messages/module-not-found 
[browser] ./src/app/page.tsx:5:1
Error: Module not found: Can't resolve '@/components/home/StatsSection'
  3 | import { Hero } from "@/components/home/Hero";
  4 | import { FluidCursor } from "@/components/home/FluidCursor";
> 5 | import { StatsSection } from "@/components/home/StatsSection";
    | ^^^^^^^^^^^^^^^^^^^^^^^^^^^^^^^^^^^^^^^^^^^^^^^^^^^^^^^^^^^^^^
  6 | import { AboutPreview } from "@/components/home/AboutPreview";
  7 | import { HowItWorks } from "@/components/home/HowItWorks";
  8 | import { GridPreview } from "@/components/home/GridPreview";

Import map: aliased to relative './src/components/home/StatsSection' inside of [project]/

Import traces:
  Client Component Browser:
    ./src/app/page.tsx [Client Component Browser]
    ./src/app/page.tsx [Server Component]

  Client Component SSR:
    ./src/app/page.tsx [Client Component SSR]
    ./src/app/page.tsx [Server Component]

https://nextjs.org/docs/messages/module-not-found 
[browser] ./src/app/page.tsx:5:1
Error: Module not found: Can't resolve '@/components/home/StatsSection'
  3 | import { Hero } from "@/components/home/Hero";
  4 | import { FluidCursor } from "@/components/home/FluidCursor";
> 5 | import { StatsSection } from "@/components/home/StatsSection";
    | ^^^^^^^^^^^^^^^^^^^^^^^^^^^^^^^^^^^^^^^^^^^^^^^^^^^^^^^^^^^^^^
  6 | import { AboutPreview } from "@/components/home/AboutPreview";
  7 | import { HowItWorks } from "@/components/home/HowItWorks";
  8 | import { GridPreview } from "@/components/home/GridPreview";

Import map: aliased to relative './src/components/home/StatsSection' inside of [project]/

Import traces:
  Client Component Browser:
    ./src/app/page.tsx [Client Component Browser]
    ./src/app/page.tsx [Server Component]

  Client Component SSR:
    ./src/app/page.tsx [Client Component SSR]
    ./src/app/page.tsx [Server Component]

https://nextjs.org/docs/messages/module-not-found 
[browser] ./src/app/page.tsx:5:1
Error: Module not found: Can't resolve '@/components/home/StatsSection'
  3 | import { Hero } from "@/components/home/Hero";
  4 | import { FluidCursor } from "@/components/home/FluidCursor";
> 5 | import { StatsSection } from "@/components/home/StatsSection";
    | ^^^^^^^^^^^^^^^^^^^^^^^^^^^^^^^^^^^^^^^^^^^^^^^^^^^^^^^^^^^^^^
  6 | import { AboutPreview } from "@/components/home/AboutPreview";
  7 | import { HowItWorks } from "@/components/home/HowItWorks";
  8 | import { GridPreview } from "@/components/home/GridPreview";

Import map: aliased to relative './src/components/home/StatsSection' inside of [project]/

Import traces:
  Client Component Browser:
    ./src/app/page.tsx [Client Component Browser]
    ./src/app/page.tsx [Server Component]

  Client Component SSR:
    ./src/app/page.tsx [Client Component SSR]
    ./src/app/page.tsx [Server Component]

https://nextjs.org/docs/messages/module-not-found 
[browser] ./src/app/page.tsx:5:1
Error: Module not found: Can't resolve '@/components/home/StatsSection'
  3 | import { Hero } from "@/components/home/Hero";
  4 | import { FluidCursor } from "@/components/home/FluidCursor";
> 5 | import { StatsSection } from "@/components/home/StatsSection";
    | ^^^^^^^^^^^^^^^^^^^^^^^^^^^^^^^^^^^^^^^^^^^^^^^^^^^^^^^^^^^^^^
  6 | import { AboutPreview } from "@/components/home/AboutPreview";
  7 | import { HowItWorks } from "@/components/home/HowItWorks";
  8 | import { GridPreview } from "@/components/home/GridPreview";

Import map: aliased to relative './src/components/home/StatsSection' inside of [project]/

Import traces:
  Client Component Browser:
    ./src/app/page.tsx [Client Component Browser]
    ./src/app/page.tsx [Server Component]

  Client Component SSR:
    ./src/app/page.tsx [Client Component SSR]
    ./src/app/page.tsx [Server Component]

https://nextjs.org/docs/messages/module-not-found 
[browser] ./src/app/page.tsx:5:1
Error: Module not found: Can't resolve '@/components/home/StatsSection'
  3 | import { Hero } from "@/components/home/Hero";
  4 | import { FluidCursor } from "@/components/home/FluidCursor";
> 5 | import { StatsSection } from "@/components/home/StatsSection";
    | ^^^^^^^^^^^^^^^^^^^^^^^^^^^^^^^^^^^^^^^^^^^^^^^^^^^^^^^^^^^^^^
  6 | import { AboutPreview } from "@/components/home/AboutPreview";
  7 | import { HowItWorks } from "@/components/home/HowItWorks";
  8 | import { GridPreview } from "@/components/home/GridPreview";

Import map: aliased to relative './src/components/home/StatsSection' inside of [project]/

Import traces:
  Client Component Browser:
    ./src/app/page.tsx [Client Component Browser]
    ./src/app/page.tsx [Server Component]

  Client Component SSR:
    ./src/app/page.tsx [Client Component SSR]
    ./src/app/page.tsx [Server Component]

https://nextjs.org/docs/messages/module-not-found 
[browser] ./src/app/page.tsx:5:1
Error: Module not found: Can't resolve '@/components/home/StatsSection'
  3 | import { Hero } from "@/components/home/Hero";
  4 | import { FluidCursor } from "@/components/home/FluidCursor";
> 5 | import { StatsSection } from "@/components/home/StatsSection";
    | ^^^^^^^^^^^^^^^^^^^^^^^^^^^^^^^^^^^^^^^^^^^^^^^^^^^^^^^^^^^^^^
  6 | import { AboutPreview } from "@/components/home/AboutPreview";
  7 | import { HowItWorks } from "@/components/home/HowItWorks";
  8 | import { GridPreview } from "@/components/home/GridPreview";

Import map: aliased to relative './src/components/home/StatsSection' inside of [project]/

Import traces:
  Client Component Browser:
    ./src/app/page.tsx [Client Component Browser]
    ./src/app/page.tsx [Server Component]

  Client Component SSR:
    ./src/app/page.tsx [Client Component SSR]
    ./src/app/page.tsx [Server Component]

https://nextjs.org/docs/messages/module-not-found 
[browser] ./src/app/page.tsx:5:1
Error: Module not found: Can't resolve '@/components/home/StatsSection'
  3 | import { Hero } from "@/components/home/Hero";
  4 | import { FluidCursor } from "@/components/home/FluidCursor";
> 5 | import { StatsSection } from "@/components/home/StatsSection";
    | ^^^^^^^^^^^^^^^^^^^^^^^^^^^^^^^^^^^^^^^^^^^^^^^^^^^^^^^^^^^^^^
  6 | import { AboutPreview } from "@/components/home/AboutPreview";
  7 | import { HowItWorks } from "@/components/home/HowItWorks";
  8 | import { GridPreview } from "@/components/home/GridPreview";

Import map: aliased to relative './src/components/home/StatsSection' inside of [project]/

Import traces:
  Client Component Browser:
    ./src/app/page.tsx [Client Component Browser]
    ./src/app/page.tsx [Server Component]

  Client Component SSR:
    ./src/app/page.tsx [Client Component SSR]
    ./src/app/page.tsx [Server Component]

https://nextjs.org/docs/messages/module-not-found 
[browser] ./src/app/page.tsx:5:1
Error: Module not found: Can't resolve '@/components/home/StatsSection'
  3 | import { Hero } from "@/components/home/Hero";
  4 | import { FluidCursor } from "@/components/home/FluidCursor";
> 5 | import { StatsSection } from "@/components/home/StatsSection";
    | ^^^^^^^^^^^^^^^^^^^^^^^^^^^^^^^^^^^^^^^^^^^^^^^^^^^^^^^^^^^^^^
  6 | import { AboutPreview } from "@/components/home/AboutPreview";
  7 | import { HowItWorks } from "@/components/home/HowItWorks";
  8 | import { GridPreview } from "@/components/home/GridPreview";

Import map: aliased to relative './src/components/home/StatsSection' inside of [project]/

Import traces:
  Client Component Browser:
    ./src/app/page.tsx [Client Component Browser]
    ./src/app/page.tsx [Server Component]

  Client Component SSR:
    ./src/app/page.tsx [Client Component SSR]
    ./src/app/page.tsx [Server Component]

https://nextjs.org/docs/messages/module-not-found 
[browser] ./src/app/page.tsx:5:1
Error: Module not found: Can't resolve '@/components/home/StatsSection'
  3 | import { Hero } from "@/components/home/Hero";
  4 | import { FluidCursor } from "@/components/home/FluidCursor";
> 5 | import { StatsSection } from "@/components/home/StatsSection";
    | ^^^^^^^^^^^^^^^^^^^^^^^^^^^^^^^^^^^^^^^^^^^^^^^^^^^^^^^^^^^^^^
  6 | import { AboutPreview } from "@/components/home/AboutPreview";
  7 | import { HowItWorks } from "@/components/home/HowItWorks";
  8 | import { GridPreview } from "@/components/home/GridPreview";

Import map: aliased to relative './src/components/home/StatsSection' inside of [project]/

Import traces:
  Client Component Browser:
    ./src/app/page.tsx [Client Component Browser]
    ./src/app/page.tsx [Server Component]

  Client Component SSR:
    ./src/app/page.tsx [Client Component SSR]
    ./src/app/page.tsx [Server Component]

https://nextjs.org/docs/messages/module-not-found 
[browser] ./src/app/page.tsx:5:1
Error: Module not found: Can't resolve '@/components/home/StatsSection'
  3 | import { Hero } from "@/components/home/Hero";
  4 | import { FluidCursor } from "@/components/home/FluidCursor";
> 5 | import { StatsSection } from "@/components/home/StatsSection";
    | ^^^^^^^^^^^^^^^^^^^^^^^^^^^^^^^^^^^^^^^^^^^^^^^^^^^^^^^^^^^^^^
  6 | import { AboutPreview } from "@/components/home/AboutPreview";
  7 | import { HowItWorks } from "@/components/home/HowItWorks";
  8 | import { GridPreview } from "@/components/home/GridPreview";

Import map: aliased to relative './src/components/home/StatsSection' inside of [project]/

Import traces:
  Client Component Browser:
    ./src/app/page.tsx [Client Component Browser]
    ./src/app/page.tsx [Server Component]

  Client Component SSR:
    ./src/app/page.tsx [Client Component SSR]
    ./src/app/page.tsx [Server Component]

https://nextjs.org/docs/messages/module-not-found 
[browser] ./src/app/page.tsx:5:1
Error: Module not found: Can't resolve '@/components/home/StatsSection'
  3 | import { Hero } from "@/components/home/Hero";
  4 | import { FluidCursor } from "@/components/home/FluidCursor";
> 5 | import { StatsSection } from "@/components/home/StatsSection";
    | ^^^^^^^^^^^^^^^^^^^^^^^^^^^^^^^^^^^^^^^^^^^^^^^^^^^^^^^^^^^^^^
  6 | import { AboutPreview } from "@/components/home/AboutPreview";
  7 | import { HowItWorks } from "@/components/home/HowItWorks";
  8 | import { GridPreview } from "@/components/home/GridPreview";

Import map: aliased to relative './src/components/home/StatsSection' inside of [project]/

Import traces:
  Client Component Browser:
    ./src/app/page.tsx [Client Component Browser]
    ./src/app/page.tsx [Server Component]

  Client Component SSR:
    ./src/app/page.tsx [Client Component SSR]
    ./src/app/page.tsx [Server Component]

https://nextjs.org/docs/messages/module-not-found 
[browser] ./src/app/page.tsx:5:1
Error: Module not found: Can't resolve '@/components/home/StatsSection'
  3 | import { Hero } from "@/components/home/Hero";
  4 | import { FluidCursor } from "@/components/home/FluidCursor";
> 5 | import { StatsSection } from "@/components/home/StatsSection";
    | ^^^^^^^^^^^^^^^^^^^^^^^^^^^^^^^^^^^^^^^^^^^^^^^^^^^^^^^^^^^^^^
  6 | import { AboutPreview } from "@/components/home/AboutPreview";
  7 | import { HowItWorks } from "@/components/home/HowItWorks";
  8 | import { GridPreview } from "@/components/home/GridPreview";

Import map: aliased to relative './src/components/home/StatsSection' inside of [project]/

Import traces:
  Client Component Browser:
    ./src/app/page.tsx [Client Component Browser]
    ./src/app/page.tsx [Server Component]

  Client Component SSR:
    ./src/app/page.tsx [Client Component SSR]
    ./src/app/page.tsx [Server Component]

https://nextjs.org/docs/messages/module-not-found 
[browser] ./src/app/page.tsx:5:1
Error: Module not found: Can't resolve '@/components/home/StatsSection'
  3 | import { Hero } from "@/components/home/Hero";
  4 | import { FluidCursor } from "@/components/home/FluidCursor";
> 5 | import { StatsSection } from "@/components/home/StatsSection";
    | ^^^^^^^^^^^^^^^^^^^^^^^^^^^^^^^^^^^^^^^^^^^^^^^^^^^^^^^^^^^^^^
  6 | import { AboutPreview } from "@/components/home/AboutPreview";
  7 | import { HowItWorks } from "@/components/home/HowItWorks";
  8 | import { GridPreview } from "@/components/home/GridPreview";

Import map: aliased to relative './src/components/home/StatsSection' inside of [project]/

Import traces:
  Client Component Browser:
    ./src/app/page.tsx [Client Component Browser]
    ./src/app/page.tsx [Server Component]

  Client Component SSR:
    ./src/app/page.tsx [Client Component SSR]
    ./src/app/page.tsx [Server Component]

https://nextjs.org/docs/messages/module-not-found 
[browser] ./src/app/page.tsx:5:1
Error: Module not found: Can't resolve '@/components/home/StatsSection'
  3 | import { Hero } from "@/components/home/Hero";
  4 | import { FluidCursor } from "@/components/home/FluidCursor";
> 5 | import { StatsSection } from "@/components/home/StatsSection";
    | ^^^^^^^^^^^^^^^^^^^^^^^^^^^^^^^^^^^^^^^^^^^^^^^^^^^^^^^^^^^^^^
  6 | import { AboutPreview } from "@/components/home/AboutPreview";
  7 | import { HowItWorks } from "@/components/home/HowItWorks";
  8 | import { GridPreview } from "@/components/home/GridPreview";

Import map: aliased to relative './src/components/home/StatsSection' inside of [project]/

Import traces:
  Client Component Browser:
    ./src/app/page.tsx [Client Component Browser]
    ./src/app/page.tsx [Server Component]

  Client Component SSR:
    ./src/app/page.tsx [Client Component SSR]
    ./src/app/page.tsx [Server Component]

https://nextjs.org/docs/messages/module-not-found 
[browser] ./src/app/page.tsx:5:1
Error: Module not found: Can't resolve '@/components/home/StatsSection'
  3 | import { Hero } from "@/components/home/Hero";
  4 | import { FluidCursor } from "@/components/home/FluidCursor";
> 5 | import { StatsSection } from "@/components/home/StatsSection";
    | ^^^^^^^^^^^^^^^^^^^^^^^^^^^^^^^^^^^^^^^^^^^^^^^^^^^^^^^^^^^^^^
  6 | import { AboutPreview } from "@/components/home/AboutPreview";
  7 | import { HowItWorks } from "@/components/home/HowItWorks";
  8 | import { GridPreview } from "@/components/home/GridPreview";

Import map: aliased to relative './src/components/home/StatsSection' inside of [project]/

Import traces:
  Client Component Browser:
    ./src/app/page.tsx [Client Component Browser]
    ./src/app/page.tsx [Server Component]

  Client Component SSR:
    ./src/app/page.tsx [Client Component SSR]
    ./src/app/page.tsx [Server Component]

https://nextjs.org/docs/messages/module-not-found 
⨯ ./src/app/page.tsx:3:1
Error: Module not found: Can't resolve '@/components/home/Hero'
  [90m1 |[0m [32m"use client"[0m;
  [90m2 |[0m
[31m[1m>[0m [90m3 |[0m [36mimport[0m { [33mHero[0m } [36mfrom[0m [32m"@/components/home/Hero"[0m;
  [90m  |[0m [31m[1m^^^^^^^^^^^^^^^^^^^^^^^^^^^^^^^^^^^^^^^^^^^^^^[0m
  [90m4 |[0m [36mimport[0m { [33mFluidCursor[0m } [36mfrom[0m [32m"@/components/home/FluidCursor"[0m;
  [90m5 |[0m [36mimport[0m { [33mStatsSection[0m } [36mfrom[0m [32m"@/components/home/StatsSection"[0m;
  [90m6 |[0m [36mimport[0m { [33mAboutPreview[0m } [36mfrom[0m [32m"@/components/home/AboutPreview"[0m;

Import map: aliased to relative './src/components/home/Hero' inside of [project]/


Import traces:
  Client Component Browser:
    ./src/app/page.tsx [Client Component Browser]
    ./src/app/page.tsx [Server Component]

  Client Component SSR:
    ./src/app/page.tsx [Client Component SSR]
    ./src/app/page.tsx [Server Component]

https://nextjs.org/docs/messages/module-not-found


⨯ ./src/app/page.tsx:3:1
Error: Module not found: Can't resolve '@/components/home/Hero'
  [90m1 |[0m [32m"use client"[0m;
  [90m2 |[0m
[31m[1m>[0m [90m3 |[0m [36mimport[0m { [33mHero[0m } [36mfrom[0m [32m"@/components/home/Hero"[0m;
  [90m  |[0m [31m[1m^^^^^^^^^^^^^^^^^^^^^^^^^^^^^^^^^^^^^^^^^^^^^^[0m
  [90m4 |[0m [36mimport[0m { [33mFluidCursor[0m } [36mfrom[0m [32m"@/components/home/FluidCursor"[0m;
  [90m5 |[0m [36mimport[0m { [33mStatsSection[0m } [36mfrom[0m [32m"@/components/home/StatsSection"[0m;
  [90m6 |[0m [36mimport[0m { [33mAboutPreview[0m } [36mfrom[0m [32m"@/components/home/AboutPreview"[0m;

Import map: aliased to relative './src/components/home/Hero' inside of [project]/


Import traces:
  Client Component Browser:
    ./src/app/page.tsx [Client Component Browser]
    ./src/app/page.tsx [Server Component]

  Client Component SSR:
    ./src/app/page.tsx [Client Component SSR]
    ./src/app/page.tsx [Server Component]

https://nextjs.org/docs/messages/module-not-found


⨯ ./src/app/page.tsx:3:1
Error: Module not found: Can't resolve '@/components/home/Hero'
  [90m1 |[0m [32m"use client"[0m;
  [90m2 |[0m
[31m[1m>[0m [90m3 |[0m [36mimport[0m { [33mHero[0m } [36mfrom[0m [32m"@/components/home/Hero"[0m;
  [90m  |[0m [31m[1m^^^^^^^^^^^^^^^^^^^^^^^^^^^^^^^^^^^^^^^^^^^^^^[0m
  [90m4 |[0m [36mimport[0m { [33mFluidCursor[0m } [36mfrom[0m [32m"@/components/home/FluidCursor"[0m;
  [90m5 |[0m [36mimport[0m { [33mStatsSection[0m } [36mfrom[0m [32m"@/components/home/StatsSection"[0m;
  [90m6 |[0m [36mimport[0m { [33mAboutPreview[0m } [36mfrom[0m [32m"@/components/home/AboutPreview"[0m;

Import map: aliased to relative './src/components/home/Hero' inside of [project]/


Import traces:
  Client Component Browser:
    ./src/app/page.tsx [Client Component Browser]
    ./src/app/page.tsx [Server Component]

  Client Component SSR:
    ./src/app/page.tsx [Client Component SSR]
    ./src/app/page.tsx [Server Component]

https://nextjs.org/docs/messages/module-not-found


⨯ ./src/app/page.tsx:3:1
Error: Module not found: Can't resolve '@/components/home/Hero'
  [90m1 |[0m [32m"use client"[0m;
  [90m2 |[0m
[31m[1m>[0m [90m3 |[0m [36mimport[0m { [33mHero[0m } [36mfrom[0m [32m"@/components/home/Hero"[0m;
  [90m  |[0m [31m[1m^^^^^^^^^^^^^^^^^^^^^^^^^^^^^^^^^^^^^^^^^^^^^^[0m
  [90m4 |[0m [36mimport[0m { [33mFluidCursor[0m } [36mfrom[0m [32m"@/components/home/FluidCursor"[0m;
  [90m5 |[0m [36mimport[0m { [33mStatsSection[0m } [36mfrom[0m [32m"@/components/home/StatsSection"[0m;
  [90m6 |[0m [36mimport[0m { [33mAboutPreview[0m } [36mfrom[0m [32m"@/components/home/AboutPreview"[0m;

Import map: aliased to relative './src/components/home/Hero' inside of [project]/


Import traces:
  Client Component Browser:
    ./src/app/page.tsx [Client Component Browser]
    ./src/app/page.tsx [Server Component]

  Client Component SSR:
    ./src/app/page.tsx [Client Component SSR]
    ./src/app/page.tsx [Server Component]

https://nextjs.org/docs/messages/module-not-found


⨯ ./src/app/page.tsx:5:1
Error: Module not found: Can't resolve '@/components/home/StatsSection'
  [90m3 |[0m [36mimport[0m { [33mHero[0m } [36mfrom[0m [32m"@/components/home/Hero"[0m;
  [90m4 |[0m [36mimport[0m { [33mFluidCursor[0m } [36mfrom[0m [32m"@/components/home/FluidCursor"[0m;
[31m[1m>[0m [90m5 |[0m [36mimport[0m { [33mStatsSection[0m } [36mfrom[0m [32m"@/components/home/StatsSection"[0m;
  [90m  |[0m [31m[1m^^^^^^^^^^^^^^^^^^^^^^^^^^^^^^^^^^^^^^^^^^^^^^^^^^^^^^^^^^^^^^[0m
  [90m6 |[0m [36mimport[0m { [33mAboutPreview[0m } [36mfrom[0m [32m"@/components/home/AboutPreview"[0m;
  [90m7 |[0m [36mimport[0m { [33mHowItWorks[0m } [36mfrom[0m [32m"@/components/home/HowItWorks"[0m;
  [90m8 |[0m [36mimport[0m { [33mGridPreview[0m } [36mfrom[0m [32m"@/components/home/GridPreview"[0m;

Import map: aliased to relative './src/components/home/StatsSection' inside of [project]/


Import traces:
  Client Component Browser:
    ./src/app/page.tsx [Client Component Browser]
    ./src/app/page.tsx [Server Component]

  Client Component SSR:
    ./src/app/page.tsx [Client Component SSR]
    ./src/app/page.tsx [Server Component]

https://nextjs.org/docs/messages/module-not-found


⨯ ./src/app/page.tsx:5:1
Error: Module not found: Can't resolve '@/components/home/StatsSection'
  [90m3 |[0m [36mimport[0m { [33mHero[0m } [36mfrom[0m [32m"@/components/home/Hero"[0m;
  [90m4 |[0m [36mimport[0m { [33mFluidCursor[0m } [36mfrom[0m [32m"@/components/home/FluidCursor"[0m;
[31m[1m>[0m [90m5 |[0m [36mimport[0m { [33mStatsSection[0m } [36mfrom[0m [32m"@/components/home/StatsSection"[0m;
  [90m  |[0m [31m[1m^^^^^^^^^^^^^^^^^^^^^^^^^^^^^^^^^^^^^^^^^^^^^^^^^^^^^^^^^^^^^^[0m
  [90m6 |[0m [36mimport[0m { [33mAboutPreview[0m } [36mfrom[0m [32m"@/components/home/AboutPreview"[0m;
  [90m7 |[0m [36mimport[0m { [33mHowItWorks[0m } [36mfrom[0m [32m"@/components/home/HowItWorks"[0m;
  [90m8 |[0m [36mimport[0m { [33mGridPreview[0m } [36mfrom[0m [32m"@/components/home/GridPreview"[0m;

Import map: aliased to relative './src/components/home/StatsSection' inside of [project]/


Import traces:
  Client Component Browser:
    ./src/app/page.tsx [Client Component Browser]
    ./src/app/page.tsx [Server Component]

  Client Component SSR:
    ./src/app/page.tsx [Client Component SSR]
    ./src/app/page.tsx [Server Component]

https://nextjs.org/docs/messages/module-not-found


⨯ ./src/app/page.tsx:5:1
Error: Module not found: Can't resolve '@/components/home/StatsSection'
  [90m3 |[0m [36mimport[0m { [33mHero[0m } [36mfrom[0m [32m"@/components/home/Hero"[0m;
  [90m4 |[0m [36mimport[0m { [33mFluidCursor[0m } [36mfrom[0m [32m"@/components/home/FluidCursor"[0m;
[31m[1m>[0m [90m5 |[0m [36mimport[0m { [33mStatsSection[0m } [36mfrom[0m [32m"@/components/home/StatsSection"[0m;
  [90m  |[0m [31m[1m^^^^^^^^^^^^^^^^^^^^^^^^^^^^^^^^^^^^^^^^^^^^^^^^^^^^^^^^^^^^^^[0m
  [90m6 |[0m [36mimport[0m { [33mAboutPreview[0m } [36mfrom[0m [32m"@/components/home/AboutPreview"[0m;
  [90m7 |[0m [36mimport[0m { [33mHowItWorks[0m } [36mfrom[0m [32m"@/components/home/HowItWorks"[0m;
  [90m8 |[0m [36mimport[0m { [33mGridPreview[0m } [36mfrom[0m [32m"@/components/home/GridPreview"[0m;

Import map: aliased to relative './src/components/home/StatsSection' inside of [project]/


Import traces:
  Client Component Browser:
    ./src/app/page.tsx [Client Component Browser]
    ./src/app/page.tsx [Server Component]

  Client Component SSR:
    ./src/app/page.tsx [Client Component SSR]
    ./src/app/page.tsx [Server Component]

https://nextjs.org/docs/messages/module-not-found


⨯ ./src/app/page.tsx:5:1
Error: Module not found: Can't resolve '@/components/home/StatsSection'
  [90m3 |[0m [36mimport[0m { [33mHero[0m } [36mfrom[0m [32m"@/components/home/Hero"[0m;
  [90m4 |[0m [36mimport[0m { [33mFluidCursor[0m } [36mfrom[0m [32m"@/components/home/FluidCursor"[0m;
[31m[1m>[0m [90m5 |[0m [36mimport[0m { [33mStatsSection[0m } [36mfrom[0m [32m"@/components/home/StatsSection"[0m;
  [90m  |[0m [31m[1m^^^^^^^^^^^^^^^^^^^^^^^^^^^^^^^^^^^^^^^^^^^^^^^^^^^^^^^^^^^^^^[0m
  [90m6 |[0m [36mimport[0m { [33mAboutPreview[0m } [36mfrom[0m [32m"@/components/home/AboutPreview"[0m;
  [90m7 |[0m [36mimport[0m { [33mHowItWorks[0m } [36mfrom[0m [32m"@/components/home/HowItWorks"[0m;
  [90m8 |[0m [36mimport[0m { [33mGridPreview[0m } [36mfrom[0m [32m"@/components/home/GridPreview"[0m;

Import map: aliased to relative './src/components/home/StatsSection' inside of [project]/


Import traces:
  Client Component Browser:
    ./src/app/page.tsx [Client Component Browser]
    ./src/app/page.tsx [Server Component]

  Client Component SSR:
    ./src/app/page.tsx [Client Component SSR]
    ./src/app/page.tsx [Server Component]

https://nextjs.org/docs/messages/module-not-found


⨯ ./src/app/page.tsx:3:1
Error: Module not found: Can't resolve '@/components/home/Hero'
  [90m1 |[0m [32m"use client"[0m;
  [90m2 |[0m
[31m[1m>[0m [90m3 |[0m [36mimport[0m { [33mHero[0m } [36mfrom[0m [32m"@/components/home/Hero"[0m;
  [90m  |[0m [31m[1m^^^^^^^^^^^^^^^^^^^^^^^^^^^^^^^^^^^^^^^^^^^^^^[0m
  [90m4 |[0m [36mimport[0m { [33mFluidCursor[0m } [36mfrom[0m [32m"@/components/home/FluidCursor"[0m;
  [90m5 |[0m [36mimport[0m { [33mStatsSection[0m } [36mfrom[0m [32m"@/components/home/StatsSection"[0m;
  [90m6 |[0m [36mimport[0m { [33mAboutPreview[0m } [36mfrom[0m [32m"@/components/home/AboutPreview"[0m;

Import map: aliased to relative './src/components/home/Hero' inside of [project]/


Import traces:
  Client Component Browser:
    ./src/app/page.tsx [Client Component Browser]
    ./src/app/page.tsx [Server Component]

  Client Component SSR:
    ./src/app/page.tsx [Client Component SSR]
    ./src/app/page.tsx [Server Component]

https://nextjs.org/docs/messages/module-not-found


⨯ ./src/app/page.tsx:3:1
Error: Module not found: Can't resolve '@/components/home/Hero'
  [90m1 |[0m [32m"use client"[0m;
  [90m2 |[0m
[31m[1m>[0m [90m3 |[0m [36mimport[0m { [33mHero[0m } [36mfrom[0m [32m"@/components/home/Hero"[0m;
  [90m  |[0m [31m[1m^^^^^^^^^^^^^^^^^^^^^^^^^^^^^^^^^^^^^^^^^^^^^^[0m
  [90m4 |[0m [36mimport[0m { [33mFluidCursor[0m } [36mfrom[0m [32m"@/components/home/FluidCursor"[0m;
  [90m5 |[0m [36mimport[0m { [33mStatsSection[0m } [36mfrom[0m [32m"@/components/home/StatsSection"[0m;
  [90m6 |[0m [36mimport[0m { [33mAboutPreview[0m } [36mfrom[0m [32m"@/components/home/AboutPreview"[0m;

Import map: aliased to relative './src/components/home/Hero' inside of [project]/


Import traces:
  Client Component Browser:
    ./src/app/page.tsx [Client Component Browser]
    ./src/app/page.tsx [Server Component]

  Client Component SSR:
    ./src/app/page.tsx [Client Component SSR]
    ./src/app/page.tsx [Server Component]

https://nextjs.org/docs/messages/module-not-found


⨯ ./src/app/page.tsx:3:1
Error: Module not found: Can't resolve '@/components/home/Hero'
  [90m1 |[0m [32m"use client"[0m;
  [90m2 |[0m
[31m[1m>[0m [90m3 |[0m [36mimport[0m { [33mHero[0m } [36mfrom[0m [32m"@/components/home/Hero"[0m;
  [90m  |[0m [31m[1m^^^^^^^^^^^^^^^^^^^^^^^^^^^^^^^^^^^^^^^^^^^^^^[0m
  [90m4 |[0m [36mimport[0m { [33mFluidCursor[0m } [36mfrom[0m [32m"@/components/home/FluidCursor"[0m;
  [90m5 |[0m [36mimport[0m { [33mStatsSection[0m } [36mfrom[0m [32m"@/components/home/StatsSection"[0m;
  [90m6 |[0m [36mimport[0m { [33mAboutPreview[0m } [36mfrom[0m [32m"@/components/home/AboutPreview"[0m;

Import map: aliased to relative './src/components/home/Hero' inside of [project]/


Import traces:
  Client Component Browser:
    ./src/app/page.tsx [Client Component Browser]
    ./src/app/page.tsx [Server Component]

  Client Component SSR:
    ./src/app/page.tsx [Client Component SSR]
    ./src/app/page.tsx [Server Component]

https://nextjs.org/docs/messages/module-not-found


⨯ ./src/app/page.tsx:3:1
Error: Module not found: Can't resolve '@/components/home/Hero'
  [90m1 |[0m [32m"use client"[0m;
  [90m2 |[0m
[31m[1m>[0m [90m3 |[0m [36mimport[0m { [33mHero[0m } [36mfrom[0m [32m"@/components/home/Hero"[0m;
  [90m  |[0m [31m[1m^^^^^^^^^^^^^^^^^^^^^^^^^^^^^^^^^^^^^^^^^^^^^^[0m
  [90m4 |[0m [36mimport[0m { [33mFluidCursor[0m } [36mfrom[0m [32m"@/components/home/FluidCursor"[0m;
  [90m5 |[0m [36mimport[0m { [33mStatsSection[0m } [36mfrom[0m [32m"@/components/home/StatsSection"[0m;
  [90m6 |[0m [36mimport[0m { [33mAboutPreview[0m } [36mfrom[0m [32m"@/components/home/AboutPreview"[0m;

Import map: aliased to relative './src/components/home/Hero' inside of [project]/


Import traces:
  Client Component Browser:
    ./src/app/page.tsx [Client Component Browser]
    ./src/app/page.tsx [Server Component]

  Client Component SSR:
    ./src/app/page.tsx [Client Component SSR]
    ./src/app/page.tsx [Server Component]

https://nextjs.org/docs/messages/module-not-found


⨯ ./src/app/page.tsx:5:1
Error: Module not found: Can't resolve '@/components/home/StatsSection'
  [90m3 |[0m [36mimport[0m { [33mHero[0m } [36mfrom[0m [32m"@/components/home/Hero"[0m;
  [90m4 |[0m [36mimport[0m { [33mFluidCursor[0m } [36mfrom[0m [32m"@/components/home/FluidCursor"[0m;
[31m[1m>[0m [90m5 |[0m [36mimport[0m { [33mStatsSection[0m } [36mfrom[0m [32m"@/components/home/StatsSection"[0m;
  [90m  |[0m [31m[1m^^^^^^^^^^^^^^^^^^^^^^^^^^^^^^^^^^^^^^^^^^^^^^^^^^^^^^^^^^^^^^[0m
  [90m6 |[0m [36mimport[0m { [33mAboutPreview[0m } [36mfrom[0m [32m"@/components/home/AboutPreview"[0m;
  [90m7 |[0m [36mimport[0m { [33mHowItWorks[0m } [36mfrom[0m [32m"@/components/home/HowItWorks"[0m;
  [90m8 |[0m [36mimport[0m { [33mGridPreview[0m } [36mfrom[0m [32m"@/components/home/GridPreview"[0m;

Import map: aliased to relative './src/components/home/StatsSection' inside of [project]/


Import traces:
  Client Component Browser:
    ./src/app/page.tsx [Client Component Browser]
    ./src/app/page.tsx [Server Component]

  Client Component SSR:
    ./src/app/page.tsx [Client Component SSR]
    ./src/app/page.tsx [Server Component]

https://nextjs.org/docs/messages/module-not-found


⨯ ./src/app/page.tsx:5:1
Error: Module not found: Can't resolve '@/components/home/StatsSection'
  [90m3 |[0m [36mimport[0m { [33mHero[0m } [36mfrom[0m [32m"@/components/home/Hero"[0m;
  [90m4 |[0m [36mimport[0m { [33mFluidCursor[0m } [36mfrom[0m [32m"@/components/home/FluidCursor"[0m;
[31m[1m>[0m [90m5 |[0m [36mimport[0m { [33mStatsSection[0m } [36mfrom[0m [32m"@/components/home/StatsSection"[0m;
  [90m  |[0m [31m[1m^^^^^^^^^^^^^^^^^^^^^^^^^^^^^^^^^^^^^^^^^^^^^^^^^^^^^^^^^^^^^^[0m
  [90m6 |[0m [36mimport[0m { [33mAboutPreview[0m } [36mfrom[0m [32m"@/components/home/AboutPreview"[0m;
  [90m7 |[0m [36mimport[0m { [33mHowItWorks[0m } [36mfrom[0m [32m"@/components/home/HowItWorks"[0m;
  [90m8 |[0m [36mimport[0m { [33mGridPreview[0m } [36mfrom[0m [32m"@/components/home/GridPreview"[0m;

Import map: aliased to relative './src/components/home/StatsSection' inside of [project]/


Import traces:
  Client Component Browser:
    ./src/app/page.tsx [Client Component Browser]
    ./src/app/page.tsx [Server Component]

  Client Component SSR:
    ./src/app/page.tsx [Client Component SSR]
    ./src/app/page.tsx [Server Component]

https://nextjs.org/docs/messages/module-not-found


⨯ ./src/app/page.tsx:5:1
Error: Module not found: Can't resolve '@/components/home/StatsSection'
  [90m3 |[0m [36mimport[0m { [33mHero[0m } [36mfrom[0m [32m"@/components/home/Hero"[0m;
  [90m4 |[0m [36mimport[0m { [33mFluidCursor[0m } [36mfrom[0m [32m"@/components/home/FluidCursor"[0m;
[31m[1m>[0m [90m5 |[0m [36mimport[0m { [33mStatsSection[0m } [36mfrom[0m [32m"@/components/home/StatsSection"[0m;
  [90m  |[0m [31m[1m^^^^^^^^^^^^^^^^^^^^^^^^^^^^^^^^^^^^^^^^^^^^^^^^^^^^^^^^^^^^^^[0m
  [90m6 |[0m [36mimport[0m { [33mAboutPreview[0m } [36mfrom[0m [32m"@/components/home/AboutPreview"[0m;
  [90m7 |[0m [36mimport[0m { [33mHowItWorks[0m } [36mfrom[0m [32m"@/components/home/HowItWorks"[0m;
  [90m8 |[0m [36mimport[0m { [33mGridPreview[0m } [36mfrom[0m [32m"@/components/home/GridPreview"[0m;

Import map: aliased to relative './src/components/home/StatsSection' inside of [project]/


Import traces:
  Client Component Browser:
    ./src/app/page.tsx [Client Component Browser]
    ./src/app/page.tsx [Server Component]

  Client Component SSR:
    ./src/app/page.tsx [Client Component SSR]
    ./src/app/page.tsx [Server Component]

https://nextjs.org/docs/messages/module-not-found


⨯ ./src/app/page.tsx:5:1
Error: Module not found: Can't resolve '@/components/home/StatsSection'
  [90m3 |[0m [36mimport[0m { [33mHero[0m } [36mfrom[0m [32m"@/components/home/Hero"[0m;
  [90m4 |[0m [36mimport[0m { [33mFluidCursor[0m } [36mfrom[0m [32m"@/components/home/FluidCursor"[0m;
[31m[1m>[0m [90m5 |[0m [36mimport[0m { [33mStatsSection[0m } [36mfrom[0m [32m"@/components/home/StatsSection"[0m;
  [90m  |[0m [31m[1m^^^^^^^^^^^^^^^^^^^^^^^^^^^^^^^^^^^^^^^^^^^^^^^^^^^^^^^^^^^^^^[0m
  [90m6 |[0m [36mimport[0m { [33mAboutPreview[0m } [36mfrom[0m [32m"@/components/home/AboutPreview"[0m;
  [90m7 |[0m [36mimport[0m { [33mHowItWorks[0m } [36mfrom[0m [32m"@/components/home/HowItWorks"[0m;
  [90m8 |[0m [36mimport[0m { [33mGridPreview[0m } [36mfrom[0m [32m"@/components/home/GridPreview"[0m;

Import map: aliased to relative './src/components/home/StatsSection' inside of [project]/


Import traces:
  Client Component Browser:
    ./src/app/page.tsx [Client Component Browser]
    ./src/app/page.tsx [Server Component]

  Client Component SSR:
    ./src/app/page.tsx [Client Component SSR]
    ./src/app/page.tsx [Server Component]

https://nextjs.org/docs/messages/module-not-found


⨯ ./src/app/page.tsx:3:1
Error: Module not found: Can't resolve '@/components/home/Hero'
  [90m1 |[0m [32m"use client"[0m;
  [90m2 |[0m
[31m[1m>[0m [90m3 |[0m [36mimport[0m { [33mHero[0m } [36mfrom[0m [32m"@/components/home/Hero"[0m;
  [90m  |[0m [31m[1m^^^^^^^^^^^^^^^^^^^^^^^^^^^^^^^^^^^^^^^^^^^^^^[0m
  [90m4 |[0m [36mimport[0m { [33mFluidCursor[0m } [36mfrom[0m [32m"@/components/home/FluidCursor"[0m;
  [90m5 |[0m [36mimport[0m { [33mStatsSection[0m } [36mfrom[0m [32m"@/components/home/StatsSection"[0m;
  [90m6 |[0m [36mimport[0m { [33mAboutPreview[0m } [36mfrom[0m [32m"@/components/home/AboutPreview"[0m;

Import map: aliased to relative './src/components/home/Hero' inside of [project]/


Import traces:
  Client Component Browser:
    ./src/app/page.tsx [Client Component Browser]
    ./src/app/page.tsx [Server Component]

  Client Component SSR:
    ./src/app/page.tsx [Client Component SSR]
    ./src/app/page.tsx [Server Component]

https://nextjs.org/docs/messages/module-not-found


⨯ ./src/app/page.tsx:3:1
Error: Module not found: Can't resolve '@/components/home/Hero'
  [90m1 |[0m [32m"use client"[0m;
  [90m2 |[0m
[31m[1m>[0m [90m3 |[0m [36mimport[0m { [33mHero[0m } [36mfrom[0m [32m"@/components/home/Hero"[0m;
  [90m  |[0m [31m[1m^^^^^^^^^^^^^^^^^^^^^^^^^^^^^^^^^^^^^^^^^^^^^^[0m
  [90m4 |[0m [36mimport[0m { [33mFluidCursor[0m } [36mfrom[0m [32m"@/components/home/FluidCursor"[0m;
  [90m5 |[0m [36mimport[0m { [33mStatsSection[0m } [36mfrom[0m [32m"@/components/home/StatsSection"[0m;
  [90m6 |[0m [36mimport[0m { [33mAboutPreview[0m } [36mfrom[0m [32m"@/components/home/AboutPreview"[0m;

Import map: aliased to relative './src/components/home/Hero' inside of [project]/


Import traces:
  Client Component Browser:
    ./src/app/page.tsx [Client Component Browser]
    ./src/app/page.tsx [Server Component]

  Client Component SSR:
    ./src/app/page.tsx [Client Component SSR]
    ./src/app/page.tsx [Server Component]

https://nextjs.org/docs/messages/module-not-found


⨯ ./src/app/page.tsx:3:1
Error: Module not found: Can't resolve '@/components/home/Hero'
  [90m1 |[0m [32m"use client"[0m;
  [90m2 |[0m
[31m[1m>[0m [90m3 |[0m [36mimport[0m { [33mHero[0m } [36mfrom[0m [32m"@/components/home/Hero"[0m;
  [90m  |[0m [31m[1m^^^^^^^^^^^^^^^^^^^^^^^^^^^^^^^^^^^^^^^^^^^^^^[0m
  [90m4 |[0m [36mimport[0m { [33mFluidCursor[0m } [36mfrom[0m [32m"@/components/home/FluidCursor"[0m;
  [90m5 |[0m [36mimport[0m { [33mStatsSection[0m } [36mfrom[0m [32m"@/components/home/StatsSection"[0m;
  [90m6 |[0m [36mimport[0m { [33mAboutPreview[0m } [36mfrom[0m [32m"@/components/home/AboutPreview"[0m;

Import map: aliased to relative './src/components/home/Hero' inside of [project]/


Import traces:
  Client Component Browser:
    ./src/app/page.tsx [Client Component Browser]
    ./src/app/page.tsx [Server Component]

  Client Component SSR:
    ./src/app/page.tsx [Client Component SSR]
    ./src/app/page.tsx [Server Component]

https://nextjs.org/docs/messages/module-not-found


⨯ ./src/app/page.tsx:3:1
Error: Module not found: Can't resolve '@/components/home/Hero'
  [90m1 |[0m [32m"use client"[0m;
  [90m2 |[0m
[31m[1m>[0m [90m3 |[0m [36mimport[0m { [33mHero[0m } [36mfrom[0m [32m"@/components/home/Hero"[0m;
  [90m  |[0m [31m[1m^^^^^^^^^^^^^^^^^^^^^^^^^^^^^^^^^^^^^^^^^^^^^^[0m
  [90m4 |[0m [36mimport[0m { [33mFluidCursor[0m } [36mfrom[0m [32m"@/components/home/FluidCursor"[0m;
  [90m5 |[0m [36mimport[0m { [33mStatsSection[0m } [36mfrom[0m [32m"@/components/home/StatsSection"[0m;
  [90m6 |[0m [36mimport[0m { [33mAboutPreview[0m } [36mfrom[0m [32m"@/components/home/AboutPreview"[0m;

Import map: aliased to relative './src/components/home/Hero' inside of [project]/


Import traces:
  Client Component Browser:
    ./src/app/page.tsx [Client Component Browser]
    ./src/app/page.tsx [Server Component]

  Client Component SSR:
    ./src/app/page.tsx [Client Component SSR]
    ./src/app/page.tsx [Server Component]

https://nextjs.org/docs/messages/module-not-found


⨯ ./src/app/page.tsx:5:1
Error: Module not found: Can't resolve '@/components/home/StatsSection'
  [90m3 |[0m [36mimport[0m { [33mHero[0m } [36mfrom[0m [32m"@/components/home/Hero"[0m;
  [90m4 |[0m [36mimport[0m { [33mFluidCursor[0m } [36mfrom[0m [32m"@/components/home/FluidCursor"[0m;
[31m[1m>[0m [90m5 |[0m [36mimport[0m { [33mStatsSection[0m } [36mfrom[0m [32m"@/components/home/StatsSection"[0m;
  [90m  |[0m [31m[1m^^^^^^^^^^^^^^^^^^^^^^^^^^^^^^^^^^^^^^^^^^^^^^^^^^^^^^^^^^^^^^[0m
  [90m6 |[0m [36mimport[0m { [33mAboutPreview[0m } [36mfrom[0m [32m"@/components/home/AboutPreview"[0m;
  [90m7 |[0m [36mimport[0m { [33mHowItWorks[0m } [36mfrom[0m [32m"@/components/home/HowItWorks"[0m;
  [90m8 |[0m [36mimport[0m { [33mGridPreview[0m } [36mfrom[0m [32m"@/components/home/GridPreview"[0m;

Import map: aliased to relative './src/components/home/StatsSection' inside of [project]/


Import traces:
  Client Component Browser:
    ./src/app/page.tsx [Client Component Browser]
    ./src/app/page.tsx [Server Component]

  Client Component SSR:
    ./src/app/page.tsx [Client Component SSR]
    ./src/app/page.tsx [Server Component]

https://nextjs.org/docs/messages/module-not-found


⨯ ./src/app/page.tsx:5:1
Error: Module not found: Can't resolve '@/components/home/StatsSection'
  [90m3 |[0m [36mimport[0m { [33mHero[0m } [36mfrom[0m [32m"@/components/home/Hero"[0m;
  [90m4 |[0m [36mimport[0m { [33mFluidCursor[0m } [36mfrom[0m [32m"@/components/home/FluidCursor"[0m;
[31m[1m>[0m [90m5 |[0m [36mimport[0m { [33mStatsSection[0m } [36mfrom[0m [32m"@/components/home/StatsSection"[0m;
  [90m  |[0m [31m[1m^^^^^^^^^^^^^^^^^^^^^^^^^^^^^^^^^^^^^^^^^^^^^^^^^^^^^^^^^^^^^^[0m
  [90m6 |[0m [36mimport[0m { [33mAboutPreview[0m } [36mfrom[0m [32m"@/components/home/AboutPreview"[0m;
  [90m7 |[0m [36mimport[0m { [33mHowItWorks[0m } [36mfrom[0m [32m"@/components/home/HowItWorks"[0m;
  [90m8 |[0m [36mimport[0m { [33mGridPreview[0m } [36mfrom[0m [32m"@/components/home/GridPreview"[0m;

Import map: aliased to relative './src/components/home/StatsSection' inside of [project]/


Import traces:
  Client Component Browser:
    ./src/app/page.tsx [Client Component Browser]
    ./src/app/page.tsx [Server Component]

  Client Component SSR:
    ./src/app/page.tsx [Client Component SSR]
    ./src/app/page.tsx [Server Component]

https://nextjs.org/docs/messages/module-not-found


⨯ ./src/app/page.tsx:5:1
Error: Module not found: Can't resolve '@/components/home/StatsSection'
  [90m3 |[0m [36mimport[0m { [33mHero[0m } [36mfrom[0m [32m"@/components/home/Hero"[0m;
  [90m4 |[0m [36mimport[0m { [33mFluidCursor[0m } [36mfrom[0m [32m"@/components/home/FluidCursor"[0m;
[31m[1m>[0m [90m5 |[0m [36mimport[0m { [33mStatsSection[0m } [36mfrom[0m [32m"@/components/home/StatsSection"[0m;
  [90m  |[0m [31m[1m^^^^^^^^^^^^^^^^^^^^^^^^^^^^^^^^^^^^^^^^^^^^^^^^^^^^^^^^^^^^^^[0m
  [90m6 |[0m [36mimport[0m { [33mAboutPreview[0m } [36mfrom[0m [32m"@/components/home/AboutPreview"[0m;
  [90m7 |[0m [36mimport[0m { [33mHowItWorks[0m } [36mfrom[0m [32m"@/components/home/HowItWorks"[0m;
  [90m8 |[0m [36mimport[0m { [33mGridPreview[0m } [36mfrom[0m [32m"@/components/home/GridPreview"[0m;

Import map: aliased to relative './src/components/home/StatsSection' inside of [project]/


Import traces:
  Client Component Browser:
    ./src/app/page.tsx [Client Component Browser]
    ./src/app/page.tsx [Server Component]

  Client Component SSR:
    ./src/app/page.tsx [Client Component SSR]
    ./src/app/page.tsx [Server Component]

https://nextjs.org/docs/messages/module-not-found


⨯ ./src/app/page.tsx:5:1
Error: Module not found: Can't resolve '@/components/home/StatsSection'
  [90m3 |[0m [36mimport[0m { [33mHero[0m } [36mfrom[0m [32m"@/components/home/Hero"[0m;
  [90m4 |[0m [36mimport[0m { [33mFluidCursor[0m } [36mfrom[0m [32m"@/components/home/FluidCursor"[0m;
[31m[1m>[0m [90m5 |[0m [36mimport[0m { [33mStatsSection[0m } [36mfrom[0m [32m"@/components/home/StatsSection"[0m;
  [90m  |[0m [31m[1m^^^^^^^^^^^^^^^^^^^^^^^^^^^^^^^^^^^^^^^^^^^^^^^^^^^^^^^^^^^^^^[0m
  [90m6 |[0m [36mimport[0m { [33mAboutPreview[0m } [36mfrom[0m [32m"@/components/home/AboutPreview"[0m;
  [90m7 |[0m [36mimport[0m { [33mHowItWorks[0m } [36mfrom[0m [32m"@/components/home/HowItWorks"[0m;
  [90m8 |[0m [36mimport[0m { [33mGridPreview[0m } [36mfrom[0m [32m"@/components/home/GridPreview"[0m;

Import map: aliased to relative './src/components/home/StatsSection' inside of [project]/


Import traces:
  Client Component Browser:
    ./src/app/page.tsx [Client Component Browser]
    ./src/app/page.tsx [Server Component]

  Client Component SSR:
    ./src/app/page.tsx [Client Component SSR]
    ./src/app/page.tsx [Server Component]

https://nextjs.org/docs/messages/module-not-found


⨯ ./src/app/page.tsx:3:1
Error: Module not found: Can't resolve '@/components/home/Hero'
  [90m1 |[0m [32m"use client"[0m;
  [90m2 |[0m
[31m[1m>[0m [90m3 |[0m [36mimport[0m { [33mHero[0m } [36mfrom[0m [32m"@/components/home/Hero"[0m;
  [90m  |[0m [31m[1m^^^^^^^^^^^^^^^^^^^^^^^^^^^^^^^^^^^^^^^^^^^^^^[0m
  [90m4 |[0m [36mimport[0m { [33mFluidCursor[0m } [36mfrom[0m [32m"@/components/home/FluidCursor"[0m;
  [90m5 |[0m [36mimport[0m { [33mStatsSection[0m } [36mfrom[0m [32m"@/components/home/StatsSection"[0m;
  [90m6 |[0m [36mimport[0m { [33mAboutPreview[0m } [36mfrom[0m [32m"@/components/home/AboutPreview"[0m;

Import map: aliased to relative './src/components/home/Hero' inside of [project]/


Import traces:
  Client Component Browser:
    ./src/app/page.tsx [Client Component Browser]
    ./src/app/page.tsx [Server Component]

  Client Component SSR:
    ./src/app/page.tsx [Client Component SSR]
    ./src/app/page.tsx [Server Component]

https://nextjs.org/docs/messages/module-not-found


⨯ ./src/app/page.tsx:3:1
Error: Module not found: Can't resolve '@/components/home/Hero'
  [90m1 |[0m [32m"use client"[0m;
  [90m2 |[0m
[31m[1m>[0m [90m3 |[0m [36mimport[0m { [33mHero[0m } [36mfrom[0m [32m"@/components/home/Hero"[0m;
  [90m  |[0m [31m[1m^^^^^^^^^^^^^^^^^^^^^^^^^^^^^^^^^^^^^^^^^^^^^^[0m
  [90m4 |[0m [36mimport[0m { [33mFluidCursor[0m } [36mfrom[0m [32m"@/components/home/FluidCursor"[0m;
  [90m5 |[0m [36mimport[0m { [33mStatsSection[0m } [36mfrom[0m [32m"@/components/home/StatsSection"[0m;
  [90m6 |[0m [36mimport[0m { [33mAboutPreview[0m } [36mfrom[0m [32m"@/components/home/AboutPreview"[0m;

Import map: aliased to relative './src/components/home/Hero' inside of [project]/


Import traces:
  Client Component Browser:
    ./src/app/page.tsx [Client Component Browser]
    ./src/app/page.tsx [Server Component]

  Client Component SSR:
    ./src/app/page.tsx [Client Component SSR]
    ./src/app/page.tsx [Server Component]

https://nextjs.org/docs/messages/module-not-found


⨯ ./src/app/page.tsx:3:1
Error: Module not found: Can't resolve '@/components/home/Hero'
  [90m1 |[0m [32m"use client"[0m;
  [90m2 |[0m
[31m[1m>[0m [90m3 |[0m [36mimport[0m { [33mHero[0m } [36mfrom[0m [32m"@/components/home/Hero"[0m;
  [90m  |[0m [31m[1m^^^^^^^^^^^^^^^^^^^^^^^^^^^^^^^^^^^^^^^^^^^^^^[0m
  [90m4 |[0m [36mimport[0m { [33mFluidCursor[0m } [36mfrom[0m [32m"@/components/home/FluidCursor"[0m;
  [90m5 |[0m [36mimport[0m { [33mStatsSection[0m } [36mfrom[0m [32m"@/components/home/StatsSection"[0m;
  [90m6 |[0m [36mimport[0m { [33mAboutPreview[0m } [36mfrom[0m [32m"@/components/home/AboutPreview"[0m;

Import map: aliased to relative './src/components/home/Hero' inside of [project]/


Import traces:
  Client Component Browser:
    ./src/app/page.tsx [Client Component Browser]
    ./src/app/page.tsx [Server Component]

  Client Component SSR:
    ./src/app/page.tsx [Client Component SSR]
    ./src/app/page.tsx [Server Component]

https://nextjs.org/docs/messages/module-not-found


⨯ ./src/app/page.tsx:3:1
Error: Module not found: Can't resolve '@/components/home/Hero'
  [90m1 |[0m [32m"use client"[0m;
  [90m2 |[0m
[31m[1m>[0m [90m3 |[0m [36mimport[0m { [33mHero[0m } [36mfrom[0m [32m"@/components/home/Hero"[0m;
  [90m  |[0m [31m[1m^^^^^^^^^^^^^^^^^^^^^^^^^^^^^^^^^^^^^^^^^^^^^^[0m
  [90m4 |[0m [36mimport[0m { [33mFluidCursor[0m } [36mfrom[0m [32m"@/components/home/FluidCursor"[0m;
  [90m5 |[0m [36mimport[0m { [33mStatsSection[0m } [36mfrom[0m [32m"@/components/home/StatsSection"[0m;
  [90m6 |[0m [36mimport[0m { [33mAboutPreview[0m } [36mfrom[0m [32m"@/components/home/AboutPreview"[0m;

Import map: aliased to relative './src/components/home/Hero' inside of [project]/


Import traces:
  Client Component Browser:
    ./src/app/page.tsx [Client Component Browser]
    ./src/app/page.tsx [Server Component]

  Client Component SSR:
    ./src/app/page.tsx [Client Component SSR]
    ./src/app/page.tsx [Server Component]

https://nextjs.org/docs/messages/module-not-found


⨯ ./src/app/page.tsx:5:1
Error: Module not found: Can't resolve '@/components/home/StatsSection'
  [90m3 |[0m [36mimport[0m { [33mHero[0m } [36mfrom[0m [32m"@/components/home/Hero"[0m;
  [90m4 |[0m [36mimport[0m { [33mFluidCursor[0m } [36mfrom[0m [32m"@/components/home/FluidCursor"[0m;
[31m[1m>[0m [90m5 |[0m [36mimport[0m { [33mStatsSection[0m } [36mfrom[0m [32m"@/components/home/StatsSection"[0m;
  [90m  |[0m [31m[1m^^^^^^^^^^^^^^^^^^^^^^^^^^^^^^^^^^^^^^^^^^^^^^^^^^^^^^^^^^^^^^[0m
  [90m6 |[0m [36mimport[0m { [33mAboutPreview[0m } [36mfrom[0m [32m"@/components/home/AboutPreview"[0m;
  [90m7 |[0m [36mimport[0m { [33mHowItWorks[0m } [36mfrom[0m [32m"@/components/home/HowItWorks"[0m;
  [90m8 |[0m [36mimport[0m { [33mGridPreview[0m } [36mfrom[0m [32m"@/components/home/GridPreview"[0m;

Import map: aliased to relative './src/components/home/StatsSection' inside of [project]/


Import traces:
  Client Component Browser:
    ./src/app/page.tsx [Client Component Browser]
    ./src/app/page.tsx [Server Component]

  Client Component SSR:
    ./src/app/page.tsx [Client Component SSR]
    ./src/app/page.tsx [Server Component]

https://nextjs.org/docs/messages/module-not-found


⨯ ./src/app/page.tsx:5:1
Error: Module not found: Can't resolve '@/components/home/StatsSection'
  [90m3 |[0m [36mimport[0m { [33mHero[0m } [36mfrom[0m [32m"@/components/home/Hero"[0m;
  [90m4 |[0m [36mimport[0m { [33mFluidCursor[0m } [36mfrom[0m [32m"@/components/home/FluidCursor"[0m;
[31m[1m>[0m [90m5 |[0m [36mimport[0m { [33mStatsSection[0m } [36mfrom[0m [32m"@/components/home/StatsSection"[0m;
  [90m  |[0m [31m[1m^^^^^^^^^^^^^^^^^^^^^^^^^^^^^^^^^^^^^^^^^^^^^^^^^^^^^^^^^^^^^^[0m
  [90m6 |[0m [36mimport[0m { [33mAboutPreview[0m } [36mfrom[0m [32m"@/components/home/AboutPreview"[0m;
  [90m7 |[0m [36mimport[0m { [33mHowItWorks[0m } [36mfrom[0m [32m"@/components/home/HowItWorks"[0m;
  [90m8 |[0m [36mimport[0m { [33mGridPreview[0m } [36mfrom[0m [32m"@/components/home/GridPreview"[0m;

Import map: aliased to relative './src/components/home/StatsSection' inside of [project]/


Import traces:
  Client Component Browser:
    ./src/app/page.tsx [Client Component Browser]
    ./src/app/page.tsx [Server Component]

  Client Component SSR:
    ./src/app/page.tsx [Client Component SSR]
    ./src/app/page.tsx [Server Component]

https://nextjs.org/docs/messages/module-not-found


⨯ ./src/app/page.tsx:5:1
Error: Module not found: Can't resolve '@/components/home/StatsSection'
  [90m3 |[0m [36mimport[0m { [33mHero[0m } [36mfrom[0m [32m"@/components/home/Hero"[0m;
  [90m4 |[0m [36mimport[0m { [33mFluidCursor[0m } [36mfrom[0m [32m"@/components/home/FluidCursor"[0m;
[31m[1m>[0m [90m5 |[0m [36mimport[0m { [33mStatsSection[0m } [36mfrom[0m [32m"@/components/home/StatsSection"[0m;
  [90m  |[0m [31m[1m^^^^^^^^^^^^^^^^^^^^^^^^^^^^^^^^^^^^^^^^^^^^^^^^^^^^^^^^^^^^^^[0m
  [90m6 |[0m [36mimport[0m { [33mAboutPreview[0m } [36mfrom[0m [32m"@/components/home/AboutPreview"[0m;
  [90m7 |[0m [36mimport[0m { [33mHowItWorks[0m } [36mfrom[0m [32m"@/components/home/HowItWorks"[0m;
  [90m8 |[0m [36mimport[0m { [33mGridPreview[0m } [36mfrom[0m [32m"@/components/home/GridPreview"[0m;

Import map: aliased to relative './src/components/home/StatsSection' inside of [project]/


Import traces:
  Client Component Browser:
    ./src/app/page.tsx [Client Component Browser]
    ./src/app/page.tsx [Server Component]

  Client Component SSR:
    ./src/app/page.tsx [Client Component SSR]
    ./src/app/page.tsx [Server Component]

https://nextjs.org/docs/messages/module-not-found


⨯ ./src/app/page.tsx:5:1
Error: Module not found: Can't resolve '@/components/home/StatsSection'
  [90m3 |[0m [36mimport[0m { [33mHero[0m } [36mfrom[0m [32m"@/components/home/Hero"[0m;
  [90m4 |[0m [36mimport[0m { [33mFluidCursor[0m } [36mfrom[0m [32m"@/components/home/FluidCursor"[0m;
[31m[1m>[0m [90m5 |[0m [36mimport[0m { [33mStatsSection[0m } [36mfrom[0m [32m"@/components/home/StatsSection"[0m;
  [90m  |[0m [31m[1m^^^^^^^^^^^^^^^^^^^^^^^^^^^^^^^^^^^^^^^^^^^^^^^^^^^^^^^^^^^^^^[0m
  [90m6 |[0m [36mimport[0m { [33mAboutPreview[0m } [36mfrom[0m [32m"@/components/home/AboutPreview"[0m;
  [90m7 |[0m [36mimport[0m { [33mHowItWorks[0m } [36mfrom[0m [32m"@/components/home/HowItWorks"[0m;
  [90m8 |[0m [36mimport[0m { [33mGridPreview[0m } [36mfrom[0m [32m"@/components/home/GridPreview"[0m;

Import map: aliased to relative './src/components/home/StatsSection' inside of [project]/


Import traces:
  Client Component Browser:
    ./src/app/page.tsx [Client Component Browser]
    ./src/app/page.tsx [Server Component]

  Client Component SSR:
    ./src/app/page.tsx [Client Component SSR]
    ./src/app/page.tsx [Server Component]

https://nextjs.org/docs/messages/module-not-found


[browser] ./src/app/page.tsx:3:1
Error: Module not found: Can't resolve '@/components/home/Hero'
  1 | "use client";
  2 |
> 3 | import { Hero } from "@/components/home/Hero";
    | ^^^^^^^^^^^^^^^^^^^^^^^^^^^^^^^^^^^^^^^^^^^^^^
  4 | import { FluidCursor } from "@/components/home/FluidCursor";
  5 | import { StatsSection } from "@/components/home/StatsSection";
  6 | import { AboutPreview } from "@/components/home/AboutPreview";

Import map: aliased to relative './src/components/home/Hero' inside of [project]/

Import traces:
  Client Component Browser:
    ./src/app/page.tsx [Client Component Browser]
    ./src/app/page.tsx [Server Component]

  Client Component SSR:
    ./src/app/page.tsx [Client Component SSR]
    ./src/app/page.tsx [Server Component]

https://nextjs.org/docs/messages/module-not-found 
[browser] ./src/app/page.tsx:5:1
Error: Module not found: Can't resolve '@/components/home/StatsSection'
  3 | import { Hero } from "@/components/home/Hero";
  4 | import { FluidCursor } from "@/components/home/FluidCursor";
> 5 | import { StatsSection } from "@/components/home/StatsSection";
    | ^^^^^^^^^^^^^^^^^^^^^^^^^^^^^^^^^^^^^^^^^^^^^^^^^^^^^^^^^^^^^^
  6 | import { AboutPreview } from "@/components/home/AboutPreview";
  7 | import { HowItWorks } from "@/components/home/HowItWorks";
  8 | import { GridPreview } from "@/components/home/GridPreview";

Import map: aliased to relative './src/components/home/StatsSection' inside of [project]/

Import traces:
  Client Component Browser:
    ./src/app/page.tsx [Client Component Browser]
    ./src/app/page.tsx [Server Component]

  Client Component SSR:
    ./src/app/page.tsx [Client Component SSR]
    ./src/app/page.tsx [Server Component]

https://nextjs.org/docs/messages/module-not-found 
[browser] ./src/app/page.tsx:3:1
Error: Module not found: Can't resolve '@/components/home/Hero'
  1 | "use client";
  2 |
> 3 | import { Hero } from "@/components/home/Hero";
    | ^^^^^^^^^^^^^^^^^^^^^^^^^^^^^^^^^^^^^^^^^^^^^^
  4 | import { FluidCursor } from "@/components/home/FluidCursor";
  5 | import { StatsSection } from "@/components/home/StatsSection";
  6 | import { AboutPreview } from "@/components/home/AboutPreview";

Import map: aliased to relative './src/components/home/Hero' inside of [project]/

Import traces:
  Client Component Browser:
    ./src/app/page.tsx [Client Component Browser]
    ./src/app/page.tsx [Server Component]

  Client Component SSR:
    ./src/app/page.tsx [Client Component SSR]
    ./src/app/page.tsx [Server Component]

https://nextjs.org/docs/messages/module-not-found 
[browser] ./src/app/page.tsx:5:1
Error: Module not found: Can't resolve '@/components/home/StatsSection'
  3 | import { Hero } from "@/components/home/Hero";
  4 | import { FluidCursor } from "@/components/home/FluidCursor";
> 5 | import { StatsSection } from "@/components/home/StatsSection";
    | ^^^^^^^^^^^^^^^^^^^^^^^^^^^^^^^^^^^^^^^^^^^^^^^^^^^^^^^^^^^^^^
  6 | import { AboutPreview } from "@/components/home/AboutPreview";
  7 | import { HowItWorks } from "@/components/home/HowItWorks";
  8 | import { GridPreview } from "@/components/home/GridPreview";

Import map: aliased to relative './src/components/home/StatsSection' inside of [project]/

Import traces:
  Client Component Browser:
    ./src/app/page.tsx [Client Component Browser]
    ./src/app/page.tsx [Server Component]

  Client Component SSR:
    ./src/app/page.tsx [Client Component SSR]
    ./src/app/page.tsx [Server Component]

https://nextjs.org/docs/messages/module-not-found 
[browser] ./src/app/page.tsx:3:1
Error: Module not found: Can't resolve '@/components/home/Hero'
  1 | "use client";
  2 |
> 3 | import { Hero } from "@/components/home/Hero";
    | ^^^^^^^^^^^^^^^^^^^^^^^^^^^^^^^^^^^^^^^^^^^^^^
  4 | import { FluidCursor } from "@/components/home/FluidCursor";
  5 | import { StatsSection } from "@/components/home/StatsSection";
  6 | import { AboutPreview } from "@/components/home/AboutPreview";

Import map: aliased to relative './src/components/home/Hero' inside of [project]/

Import traces:
  Client Component Browser:
    ./src/app/page.tsx [Client Component Browser]
    ./src/app/page.tsx [Server Component]

  Client Component SSR:
    ./src/app/page.tsx [Client Component SSR]
    ./src/app/page.tsx [Server Component]

https://nextjs.org/docs/messages/module-not-found 
[browser] ./src/app/page.tsx:5:1
Error: Module not found: Can't resolve '@/components/home/StatsSection'
  3 | import { Hero } from "@/components/home/Hero";
  4 | import { FluidCursor } from "@/components/home/FluidCursor";
> 5 | import { StatsSection } from "@/components/home/StatsSection";
    | ^^^^^^^^^^^^^^^^^^^^^^^^^^^^^^^^^^^^^^^^^^^^^^^^^^^^^^^^^^^^^^
  6 | import { AboutPreview } from "@/components/home/AboutPreview";
  7 | import { HowItWorks } from "@/components/home/HowItWorks";
  8 | import { GridPreview } from "@/components/home/GridPreview";

Import map: aliased to relative './src/components/home/StatsSection' inside of [project]/

Import traces:
  Client Component Browser:
    ./src/app/page.tsx [Client Component Browser]
    ./src/app/page.tsx [Server Component]

  Client Component SSR:
    ./src/app/page.tsx [Client Component SSR]
    ./src/app/page.tsx [Server Component]

https://nextjs.org/docs/messages/module-not-found 
[browser] ./src/app/page.tsx:3:1
Error: Module not found: Can't resolve '@/components/home/Hero'
  1 | "use client";
  2 |
> 3 | import { Hero } from "@/components/home/Hero";
    | ^^^^^^^^^^^^^^^^^^^^^^^^^^^^^^^^^^^^^^^^^^^^^^
  4 | import { FluidCursor } from "@/components/home/FluidCursor";
  5 | import { StatsSection } from "@/components/home/StatsSection";
  6 | import { AboutPreview } from "@/components/home/AboutPreview";

Import map: aliased to relative './src/components/home/Hero' inside of [project]/

Import traces:
  Client Component Browser:
    ./src/app/page.tsx [Client Component Browser]
    ./src/app/page.tsx [Server Component]

  Client Component SSR:
    ./src/app/page.tsx [Client Component SSR]
    ./src/app/page.tsx [Server Component]

https://nextjs.org/docs/messages/module-not-found 
[browser] ./src/app/page.tsx:5:1
Error: Module not found: Can't resolve '@/components/home/StatsSection'
  3 | import { Hero } from "@/components/home/Hero";
  4 | import { FluidCursor } from "@/components/home/FluidCursor";
> 5 | import { StatsSection } from "@/components/home/StatsSection";
    | ^^^^^^^^^^^^^^^^^^^^^^^^^^^^^^^^^^^^^^^^^^^^^^^^^^^^^^^^^^^^^^
  6 | import { AboutPreview } from "@/components/home/AboutPreview";
  7 | import { HowItWorks } from "@/components/home/HowItWorks";
  8 | import { GridPreview } from "@/components/home/GridPreview";

Import map: aliased to relative './src/components/home/StatsSection' inside of [project]/

Import traces:
  Client Component Browser:
    ./src/app/page.tsx [Client Component Browser]
    ./src/app/page.tsx [Server Component]

  Client Component SSR:
    ./src/app/page.tsx [Client Component SSR]
    ./src/app/page.tsx [Server Component]

https://nextjs.org/docs/messages/module-not-found 
[browser] ./src/app/page.tsx:3:1
Error: Module not found: Can't resolve '@/components/home/Hero'
  1 | "use client";
  2 |
> 3 | import { Hero } from "@/components/home/Hero";
    | ^^^^^^^^^^^^^^^^^^^^^^^^^^^^^^^^^^^^^^^^^^^^^^
  4 | import { FluidCursor } from "@/components/home/FluidCursor";
  5 | import { StatsSection } from "@/components/home/StatsSection";
  6 | import { AboutPreview } from "@/components/home/AboutPreview";

Import map: aliased to relative './src/components/home/Hero' inside of [project]/

Import traces:
  Client Component Browser:
    ./src/app/page.tsx [Client Component Browser]
    ./src/app/page.tsx [Server Component]

  Client Component SSR:
    ./src/app/page.tsx [Client Component SSR]
    ./src/app/page.tsx [Server Component]

https://nextjs.org/docs/messages/module-not-found 
[browser] ./src/app/page.tsx:5:1
Error: Module not found: Can't resolve '@/components/home/StatsSection'
  3 | import { Hero } from "@/components/home/Hero";
  4 | import { FluidCursor } from "@/components/home/FluidCursor";
> 5 | import { StatsSection } from "@/components/home/StatsSection";
    | ^^^^^^^^^^^^^^^^^^^^^^^^^^^^^^^^^^^^^^^^^^^^^^^^^^^^^^^^^^^^^^
  6 | import { AboutPreview } from "@/components/home/AboutPreview";
  7 | import { HowItWorks } from "@/components/home/HowItWorks";
  8 | import { GridPreview } from "@/components/home/GridPreview";

Import map: aliased to relative './src/components/home/StatsSection' inside of [project]/

Import traces:
  Client Component Browser:
    ./src/app/page.tsx [Client Component Browser]
    ./src/app/page.tsx [Server Component]

  Client Component SSR:
    ./src/app/page.tsx [Client Component SSR]
    ./src/app/page.tsx [Server Component]

https://nextjs.org/docs/messages/module-not-found 
[browser] ./src/app/page.tsx:3:1
Error: Module not found: Can't resolve '@/components/home/Hero'
  1 | "use client";
  2 |
> 3 | import { Hero } from "@/components/home/Hero";
    | ^^^^^^^^^^^^^^^^^^^^^^^^^^^^^^^^^^^^^^^^^^^^^^
  4 | import { FluidCursor } from "@/components/home/FluidCursor";
  5 | import { StatsSection } from "@/components/home/StatsSection";
  6 | import { AboutPreview } from "@/components/home/AboutPreview";

Import map: aliased to relative './src/components/home/Hero' inside of [project]/

Import traces:
  Client Component Browser:
    ./src/app/page.tsx [Client Component Browser]
    ./src/app/page.tsx [Server Component]

  Client Component SSR:
    ./src/app/page.tsx [Client Component SSR]
    ./src/app/page.tsx [Server Component]

https://nextjs.org/docs/messages/module-not-found 
[browser] ./src/app/page.tsx:5:1
Error: Module not found: Can't resolve '@/components/home/StatsSection'
  3 | import { Hero } from "@/components/home/Hero";
  4 | import { FluidCursor } from "@/components/home/FluidCursor";
> 5 | import { StatsSection } from "@/components/home/StatsSection";
    | ^^^^^^^^^^^^^^^^^^^^^^^^^^^^^^^^^^^^^^^^^^^^^^^^^^^^^^^^^^^^^^
  6 | import { AboutPreview } from "@/components/home/AboutPreview";
  7 | import { HowItWorks } from "@/components/home/HowItWorks";
  8 | import { GridPreview } from "@/components/home/GridPreview";

Import map: aliased to relative './src/components/home/StatsSection' inside of [project]/

Import traces:
  Client Component Browser:
    ./src/app/page.tsx [Client Component Browser]
    ./src/app/page.tsx [Server Component]

  Client Component SSR:
    ./src/app/page.tsx [Client Component SSR]
    ./src/app/page.tsx [Server Component]

https://nextjs.org/docs/messages/module-not-found 
[browser] ./src/app/page.tsx:3:1
Error: Module not found: Can't resolve '@/components/home/Hero'
  1 | "use client";
  2 |
> 3 | import { Hero } from "@/components/home/Hero";
    | ^^^^^^^^^^^^^^^^^^^^^^^^^^^^^^^^^^^^^^^^^^^^^^
  4 | import { FluidCursor } from "@/components/home/FluidCursor";
  5 | import { StatsSection } from "@/components/home/StatsSection";
  6 | import { AboutPreview } from "@/components/home/AboutPreview";

Import map: aliased to relative './src/components/home/Hero' inside of [project]/

Import traces:
  Client Component Browser:
    ./src/app/page.tsx [Client Component Browser]
    ./src/app/page.tsx [Server Component]

  Client Component SSR:
    ./src/app/page.tsx [Client Component SSR]
    ./src/app/page.tsx [Server Component]

https://nextjs.org/docs/messages/module-not-found 
[browser] ./src/app/page.tsx:5:1
Error: Module not found: Can't resolve '@/components/home/StatsSection'
  3 | import { Hero } from "@/components/home/Hero";
  4 | import { FluidCursor } from "@/components/home/FluidCursor";
> 5 | import { StatsSection } from "@/components/home/StatsSection";
    | ^^^^^^^^^^^^^^^^^^^^^^^^^^^^^^^^^^^^^^^^^^^^^^^^^^^^^^^^^^^^^^
  6 | import { AboutPreview } from "@/components/home/AboutPreview";
  7 | import { HowItWorks } from "@/components/home/HowItWorks";
  8 | import { GridPreview } from "@/components/home/GridPreview";

Import map: aliased to relative './src/components/home/StatsSection' inside of [project]/

Import traces:
  Client Component Browser:
    ./src/app/page.tsx [Client Component Browser]
    ./src/app/page.tsx [Server Component]

  Client Component SSR:
    ./src/app/page.tsx [Client Component SSR]
    ./src/app/page.tsx [Server Component]

https://nextjs.org/docs/messages/module-not-found 
[browser] ./src/app/page.tsx:3:1
Error: Module not found: Can't resolve '@/components/home/Hero'
  1 | "use client";
  2 |
> 3 | import { Hero } from "@/components/home/Hero";
    | ^^^^^^^^^^^^^^^^^^^^^^^^^^^^^^^^^^^^^^^^^^^^^^
  4 | import { FluidCursor } from "@/components/home/FluidCursor";
  5 | import { StatsSection } from "@/components/home/StatsSection";
  6 | import { AboutPreview } from "@/components/home/AboutPreview";

Import map: aliased to relative './src/components/home/Hero' inside of [project]/

Import traces:
  Client Component Browser:
    ./src/app/page.tsx [Client Component Browser]
    ./src/app/page.tsx [Server Component]

  Client Component SSR:
    ./src/app/page.tsx [Client Component SSR]
    ./src/app/page.tsx [Server Component]

https://nextjs.org/docs/messages/module-not-found 
[browser] ./src/app/page.tsx:5:1
Error: Module not found: Can't resolve '@/components/home/StatsSection'
  3 | import { Hero } from "@/components/home/Hero";
  4 | import { FluidCursor } from "@/components/home/FluidCursor";
> 5 | import { StatsSection } from "@/components/home/StatsSection";
    | ^^^^^^^^^^^^^^^^^^^^^^^^^^^^^^^^^^^^^^^^^^^^^^^^^^^^^^^^^^^^^^
  6 | import { AboutPreview } from "@/components/home/AboutPreview";
  7 | import { HowItWorks } from "@/components/home/HowItWorks";
  8 | import { GridPreview } from "@/components/home/GridPreview";

Import map: aliased to relative './src/components/home/StatsSection' inside of [project]/

Import traces:
  Client Component Browser:
    ./src/app/page.tsx [Client Component Browser]
    ./src/app/page.tsx [Server Component]

  Client Component SSR:
    ./src/app/page.tsx [Client Component SSR]
    ./src/app/page.tsx [Server Component]

https://nextjs.org/docs/messages/module-not-found 
[browser] ./src/app/page.tsx:3:1
Error: Module not found: Can't resolve '@/components/home/Hero'
  1 | "use client";
  2 |
> 3 | import { Hero } from "@/components/home/Hero";
    | ^^^^^^^^^^^^^^^^^^^^^^^^^^^^^^^^^^^^^^^^^^^^^^
  4 | import { FluidCursor } from "@/components/home/FluidCursor";
  5 | import { StatsSection } from "@/components/home/StatsSection";
  6 | import { AboutPreview } from "@/components/home/AboutPreview";

Import map: aliased to relative './src/components/home/Hero' inside of [project]/

Import traces:
  Client Component Browser:
    ./src/app/page.tsx [Client Component Browser]
    ./src/app/page.tsx [Server Component]

  Client Component SSR:
    ./src/app/page.tsx [Client Component SSR]
    ./src/app/page.tsx [Server Component]

https://nextjs.org/docs/messages/module-not-found 
[browser] ./src/app/page.tsx:5:1
Error: Module not found: Can't resolve '@/components/home/StatsSection'
  3 | import { Hero } from "@/components/home/Hero";
  4 | import { FluidCursor } from "@/components/home/FluidCursor";
> 5 | import { StatsSection } from "@/components/home/StatsSection";
    | ^^^^^^^^^^^^^^^^^^^^^^^^^^^^^^^^^^^^^^^^^^^^^^^^^^^^^^^^^^^^^^
  6 | import { AboutPreview } from "@/components/home/AboutPreview";
  7 | import { HowItWorks } from "@/components/home/HowItWorks";
  8 | import { GridPreview } from "@/components/home/GridPreview";

Import map: aliased to relative './src/components/home/StatsSection' inside of [project]/

Import traces:
  Client Component Browser:
    ./src/app/page.tsx [Client Component Browser]
    ./src/app/page.tsx [Server Component]

  Client Component SSR:
    ./src/app/page.tsx [Client Component SSR]
    ./src/app/page.tsx [Server Component]

https://nextjs.org/docs/messages/module-not-found 
[browser] ./src/app/page.tsx:3:1
Error: Module not found: Can't resolve '@/components/home/Hero'
  1 | "use client";
  2 |
> 3 | import { Hero } from "@/components/home/Hero";
    | ^^^^^^^^^^^^^^^^^^^^^^^^^^^^^^^^^^^^^^^^^^^^^^
  4 | import { FluidCursor } from "@/components/home/FluidCursor";
  5 | import { StatsSection } from "@/components/home/StatsSection";
  6 | import { AboutPreview } from "@/components/home/AboutPreview";

Import map: aliased to relative './src/components/home/Hero' inside of [project]/

Import traces:
  Client Component Browser:
    ./src/app/page.tsx [Client Component Browser]
    ./src/app/page.tsx [Server Component]

  Client Component SSR:
    ./src/app/page.tsx [Client Component SSR]
    ./src/app/page.tsx [Server Component]

https://nextjs.org/docs/messages/module-not-found 
[browser] ./src/app/page.tsx:5:1
Error: Module not found: Can't resolve '@/components/home/StatsSection'
  3 | import { Hero } from "@/components/home/Hero";
  4 | import { FluidCursor } from "@/components/home/FluidCursor";
> 5 | import { StatsSection } from "@/components/home/StatsSection";
    | ^^^^^^^^^^^^^^^^^^^^^^^^^^^^^^^^^^^^^^^^^^^^^^^^^^^^^^^^^^^^^^
  6 | import { AboutPreview } from "@/components/home/AboutPreview";
  7 | import { HowItWorks } from "@/components/home/HowItWorks";
  8 | import { GridPreview } from "@/components/home/GridPreview";

Import map: aliased to relative './src/components/home/StatsSection' inside of [project]/

Import traces:
  Client Component Browser:
    ./src/app/page.tsx [Client Component Browser]
    ./src/app/page.tsx [Server Component]

  Client Component SSR:
    ./src/app/page.tsx [Client Component SSR]
    ./src/app/page.tsx [Server Component]

https://nextjs.org/docs/messages/module-not-found 
[browser] ./src/app/page.tsx:3:1
Error: Module not found: Can't resolve '@/components/home/Hero'
  1 | "use client";
  2 |
> 3 | import { Hero } from "@/components/home/Hero";
    | ^^^^^^^^^^^^^^^^^^^^^^^^^^^^^^^^^^^^^^^^^^^^^^
  4 | import { FluidCursor } from "@/components/home/FluidCursor";
  5 | import { StatsSection } from "@/components/home/StatsSection";
  6 | import { AboutPreview } from "@/components/home/AboutPreview";

Import map: aliased to relative './src/components/home/Hero' inside of [project]/

Import traces:
  Client Component Browser:
    ./src/app/page.tsx [Client Component Browser]
    ./src/app/page.tsx [Server Component]

  Client Component SSR:
    ./src/app/page.tsx [Client Component SSR]
    ./src/app/page.tsx [Server Component]

https://nextjs.org/docs/messages/module-not-found 
[browser] ./src/app/page.tsx:5:1
Error: Module not found: Can't resolve '@/components/home/StatsSection'
  3 | import { Hero } from "@/components/home/Hero";
  4 | import { FluidCursor } from "@/components/home/FluidCursor";
> 5 | import { StatsSection } from "@/components/home/StatsSection";
    | ^^^^^^^^^^^^^^^^^^^^^^^^^^^^^^^^^^^^^^^^^^^^^^^^^^^^^^^^^^^^^^
  6 | import { AboutPreview } from "@/components/home/AboutPreview";
  7 | import { HowItWorks } from "@/components/home/HowItWorks";
  8 | import { GridPreview } from "@/components/home/GridPreview";

Import map: aliased to relative './src/components/home/StatsSection' inside of [project]/

Import traces:
  Client Component Browser:
    ./src/app/page.tsx [Client Component Browser]
    ./src/app/page.tsx [Server Component]

  Client Component SSR:
    ./src/app/page.tsx [Client Component SSR]
    ./src/app/page.tsx [Server Component]

https://nextjs.org/docs/messages/module-not-found 
[browser] ./src/app/page.tsx:3:1
Error: Module not found: Can't resolve '@/components/home/Hero'
  1 | "use client";
  2 |
> 3 | import { Hero } from "@/components/home/Hero";
    | ^^^^^^^^^^^^^^^^^^^^^^^^^^^^^^^^^^^^^^^^^^^^^^
  4 | import { FluidCursor } from "@/components/home/FluidCursor";
  5 | import { StatsSection } from "@/components/home/StatsSection";
  6 | import { AboutPreview } from "@/components/home/AboutPreview";

Import map: aliased to relative './src/components/home/Hero' inside of [project]/

Import traces:
  Client Component Browser:
    ./src/app/page.tsx [Client Component Browser]
    ./src/app/page.tsx [Server Component]

  Client Component SSR:
    ./src/app/page.tsx [Client Component SSR]
    ./src/app/page.tsx [Server Component]

https://nextjs.org/docs/messages/module-not-found 
[browser] ./src/app/page.tsx:5:1
Error: Module not found: Can't resolve '@/components/home/StatsSection'
  3 | import { Hero } from "@/components/home/Hero";
  4 | import { FluidCursor } from "@/components/home/FluidCursor";
> 5 | import { StatsSection } from "@/components/home/StatsSection";
    | ^^^^^^^^^^^^^^^^^^^^^^^^^^^^^^^^^^^^^^^^^^^^^^^^^^^^^^^^^^^^^^
  6 | import { AboutPreview } from "@/components/home/AboutPreview";
  7 | import { HowItWorks } from "@/components/home/HowItWorks";
  8 | import { GridPreview } from "@/components/home/GridPreview";

Import map: aliased to relative './src/components/home/StatsSection' inside of [project]/

Import traces:
  Client Component Browser:
    ./src/app/page.tsx [Client Component Browser]
    ./src/app/page.tsx [Server Component]

  Client Component SSR:
    ./src/app/page.tsx [Client Component SSR]
    ./src/app/page.tsx [Server Component]

https://nextjs.org/docs/messages/module-not-found 
[browser] ./src/app/page.tsx:3:1
Error: Module not found: Can't resolve '@/components/home/Hero'
  1 | "use client";
  2 |
> 3 | import { Hero } from "@/components/home/Hero";
    | ^^^^^^^^^^^^^^^^^^^^^^^^^^^^^^^^^^^^^^^^^^^^^^
  4 | import { FluidCursor } from "@/components/home/FluidCursor";
  5 | import { StatsSection } from "@/components/home/StatsSection";
  6 | import { AboutPreview } from "@/components/home/AboutPreview";

Import map: aliased to relative './src/components/home/Hero' inside of [project]/

Import traces:
  Client Component Browser:
    ./src/app/page.tsx [Client Component Browser]
    ./src/app/page.tsx [Server Component]

  Client Component SSR:
    ./src/app/page.tsx [Client Component SSR]
    ./src/app/page.tsx [Server Component]

https://nextjs.org/docs/messages/module-not-found 
[browser] ./src/app/page.tsx:5:1
Error: Module not found: Can't resolve '@/components/home/StatsSection'
  3 | import { Hero } from "@/components/home/Hero";
  4 | import { FluidCursor } from "@/components/home/FluidCursor";
> 5 | import { StatsSection } from "@/components/home/StatsSection";
    | ^^^^^^^^^^^^^^^^^^^^^^^^^^^^^^^^^^^^^^^^^^^^^^^^^^^^^^^^^^^^^^
  6 | import { AboutPreview } from "@/components/home/AboutPreview";
  7 | import { HowItWorks } from "@/components/home/HowItWorks";
  8 | import { GridPreview } from "@/components/home/GridPreview";

Import map: aliased to relative './src/components/home/StatsSection' inside of [project]/

Import traces:
  Client Component Browser:
    ./src/app/page.tsx [Client Component Browser]
    ./src/app/page.tsx [Server Component]

  Client Component SSR:
    ./src/app/page.tsx [Client Component SSR]
    ./src/app/page.tsx [Server Component]

https://nextjs.org/docs/messages/module-not-found 
[browser] ./src/app/page.tsx:3:1
Error: Module not found: Can't resolve '@/components/home/Hero'
  1 | "use client";
  2 |
> 3 | import { Hero } from "@/components/home/Hero";
    | ^^^^^^^^^^^^^^^^^^^^^^^^^^^^^^^^^^^^^^^^^^^^^^
  4 | import { FluidCursor } from "@/components/home/FluidCursor";
  5 | import { StatsSection } from "@/components/home/StatsSection";
  6 | import { AboutPreview } from "@/components/home/AboutPreview";

Import map: aliased to relative './src/components/home/Hero' inside of [project]/

Import traces:
  Client Component Browser:
    ./src/app/page.tsx [Client Component Browser]
    ./src/app/page.tsx [Server Component]

  Client Component SSR:
    ./src/app/page.tsx [Client Component SSR]
    ./src/app/page.tsx [Server Component]

https://nextjs.org/docs/messages/module-not-found 
[browser] ./src/app/page.tsx:5:1
Error: Module not found: Can't resolve '@/components/home/StatsSection'
  3 | import { Hero } from "@/components/home/Hero";
  4 | import { FluidCursor } from "@/components/home/FluidCursor";
> 5 | import { StatsSection } from "@/components/home/StatsSection";
    | ^^^^^^^^^^^^^^^^^^^^^^^^^^^^^^^^^^^^^^^^^^^^^^^^^^^^^^^^^^^^^^
  6 | import { AboutPreview } from "@/components/home/AboutPreview";
  7 | import { HowItWorks } from "@/components/home/HowItWorks";
  8 | import { GridPreview } from "@/components/home/GridPreview";

Import map: aliased to relative './src/components/home/StatsSection' inside of [project]/

Import traces:
  Client Component Browser:
    ./src/app/page.tsx [Client Component Browser]
    ./src/app/page.tsx [Server Component]

  Client Component SSR:
    ./src/app/page.tsx [Client Component SSR]
    ./src/app/page.tsx [Server Component]

https://nextjs.org/docs/messages/module-not-found 
[browser] ./src/app/page.tsx:3:1
Error: Module not found: Can't resolve '@/components/home/Hero'
  1 | "use client";
  2 |
> 3 | import { Hero } from "@/components/home/Hero";
    | ^^^^^^^^^^^^^^^^^^^^^^^^^^^^^^^^^^^^^^^^^^^^^^
  4 | import { FluidCursor } from "@/components/home/FluidCursor";
  5 | import { StatsSection } from "@/components/home/StatsSection";
  6 | import { AboutPreview } from "@/components/home/AboutPreview";

Import map: aliased to relative './src/components/home/Hero' inside of [project]/

Import traces:
  Client Component Browser:
    ./src/app/page.tsx [Client Component Browser]
    ./src/app/page.tsx [Server Component]

  Client Component SSR:
    ./src/app/page.tsx [Client Component SSR]
    ./src/app/page.tsx [Server Component]

https://nextjs.org/docs/messages/module-not-found 
[browser] ./src/app/page.tsx:5:1
Error: Module not found: Can't resolve '@/components/home/StatsSection'
  3 | import { Hero } from "@/components/home/Hero";
  4 | import { FluidCursor } from "@/components/home/FluidCursor";
> 5 | import { StatsSection } from "@/components/home/StatsSection";
    | ^^^^^^^^^^^^^^^^^^^^^^^^^^^^^^^^^^^^^^^^^^^^^^^^^^^^^^^^^^^^^^
  6 | import { AboutPreview } from "@/components/home/AboutPreview";
  7 | import { HowItWorks } from "@/components/home/HowItWorks";
  8 | import { GridPreview } from "@/components/home/GridPreview";

Import map: aliased to relative './src/components/home/StatsSection' inside of [project]/

Import traces:
  Client Component Browser:
    ./src/app/page.tsx [Client Component Browser]
    ./src/app/page.tsx [Server Component]

  Client Component SSR:
    ./src/app/page.tsx [Client Component SSR]
    ./src/app/page.tsx [Server Component]

https://nextjs.org/docs/messages/module-not-found 
[browser] ./src/app/page.tsx:3:1
Error: Module not found: Can't resolve '@/components/home/Hero'
  1 | "use client";
  2 |
> 3 | import { Hero } from "@/components/home/Hero";
    | ^^^^^^^^^^^^^^^^^^^^^^^^^^^^^^^^^^^^^^^^^^^^^^
  4 | import { FluidCursor } from "@/components/home/FluidCursor";
  5 | import { StatsSection } from "@/components/home/StatsSection";
  6 | import { AboutPreview } from "@/components/home/AboutPreview";

Import map: aliased to relative './src/components/home/Hero' inside of [project]/

Import traces:
  Client Component Browser:
    ./src/app/page.tsx [Client Component Browser]
    ./src/app/page.tsx [Server Component]

  Client Component SSR:
    ./src/app/page.tsx [Client Component SSR]
    ./src/app/page.tsx [Server Component]

https://nextjs.org/docs/messages/module-not-found 
[browser] ./src/app/page.tsx:5:1
Error: Module not found: Can't resolve '@/components/home/StatsSection'
  3 | import { Hero } from "@/components/home/Hero";
  4 | import { FluidCursor } from "@/components/home/FluidCursor";
> 5 | import { StatsSection } from "@/components/home/StatsSection";
    | ^^^^^^^^^^^^^^^^^^^^^^^^^^^^^^^^^^^^^^^^^^^^^^^^^^^^^^^^^^^^^^
  6 | import { AboutPreview } from "@/components/home/AboutPreview";
  7 | import { HowItWorks } from "@/components/home/HowItWorks";
  8 | import { GridPreview } from "@/components/home/GridPreview";

Import map: aliased to relative './src/components/home/StatsSection' inside of [project]/

Import traces:
  Client Component Browser:
    ./src/app/page.tsx [Client Component Browser]
    ./src/app/page.tsx [Server Component]

  Client Component SSR:
    ./src/app/page.tsx [Client Component SSR]
    ./src/app/page.tsx [Server Component]

https://nextjs.org/docs/messages/module-not-found 
[browser] ./src/app/page.tsx:3:1
Error: Module not found: Can't resolve '@/components/home/Hero'
  1 | "use client";
  2 |
> 3 | import { Hero } from "@/components/home/Hero";
    | ^^^^^^^^^^^^^^^^^^^^^^^^^^^^^^^^^^^^^^^^^^^^^^
  4 | import { FluidCursor } from "@/components/home/FluidCursor";
  5 | import { StatsSection } from "@/components/home/StatsSection";
  6 | import { AboutPreview } from "@/components/home/AboutPreview";

Import map: aliased to relative './src/components/home/Hero' inside of [project]/

Import traces:
  Client Component Browser:
    ./src/app/page.tsx [Client Component Browser]
    ./src/app/page.tsx [Server Component]

  Client Component SSR:
    ./src/app/page.tsx [Client Component SSR]
    ./src/app/page.tsx [Server Component]

https://nextjs.org/docs/messages/module-not-found 
[browser] ./src/app/page.tsx:5:1
Error: Module not found: Can't resolve '@/components/home/StatsSection'
  3 | import { Hero } from "@/components/home/Hero";
  4 | import { FluidCursor } from "@/components/home/FluidCursor";
> 5 | import { StatsSection } from "@/components/home/StatsSection";
    | ^^^^^^^^^^^^^^^^^^^^^^^^^^^^^^^^^^^^^^^^^^^^^^^^^^^^^^^^^^^^^^
  6 | import { AboutPreview } from "@/components/home/AboutPreview";
  7 | import { HowItWorks } from "@/components/home/HowItWorks";
  8 | import { GridPreview } from "@/components/home/GridPreview";

Import map: aliased to relative './src/components/home/StatsSection' inside of [project]/

Import traces:
  Client Component Browser:
    ./src/app/page.tsx [Client Component Browser]
    ./src/app/page.tsx [Server Component]

  Client Component SSR:
    ./src/app/page.tsx [Client Component SSR]
    ./src/app/page.tsx [Server Component]

https://nextjs.org/docs/messages/module-not-found 
[browser] ./src/app/page.tsx:3:1
Error: Module not found: Can't resolve '@/components/home/Hero'
  1 | "use client";
  2 |
> 3 | import { Hero } from "@/components/home/Hero";
    | ^^^^^^^^^^^^^^^^^^^^^^^^^^^^^^^^^^^^^^^^^^^^^^
  4 | import { FluidCursor } from "@/components/home/FluidCursor";
  5 | import { StatsSection } from "@/components/home/StatsSection";
  6 | import { AboutPreview } from "@/components/home/AboutPreview";

Import map: aliased to relative './src/components/home/Hero' inside of [project]/

Import traces:
  Client Component Browser:
    ./src/app/page.tsx [Client Component Browser]
    ./src/app/page.tsx [Server Component]

  Client Component SSR:
    ./src/app/page.tsx [Client Component SSR]
    ./src/app/page.tsx [Server Component]

https://nextjs.org/docs/messages/module-not-found 
[browser] ./src/app/page.tsx:5:1
Error: Module not found: Can't resolve '@/components/home/StatsSection'
  3 | import { Hero } from "@/components/home/Hero";
  4 | import { FluidCursor } from "@/components/home/FluidCursor";
> 5 | import { StatsSection } from "@/components/home/StatsSection";
    | ^^^^^^^^^^^^^^^^^^^^^^^^^^^^^^^^^^^^^^^^^^^^^^^^^^^^^^^^^^^^^^
  6 | import { AboutPreview } from "@/components/home/AboutPreview";
  7 | import { HowItWorks } from "@/components/home/HowItWorks";
  8 | import { GridPreview } from "@/components/home/GridPreview";

Import map: aliased to relative './src/components/home/StatsSection' inside of [project]/

Import traces:
  Client Component Browser:
    ./src/app/page.tsx [Client Component Browser]
    ./src/app/page.tsx [Server Component]

  Client Component SSR:
    ./src/app/page.tsx [Client Component SSR]
    ./src/app/page.tsx [Server Component]

https://nextjs.org/docs/messages/module-not-found 
[browser] ./src/app/page.tsx:3:1
Error: Module not found: Can't resolve '@/components/home/Hero'
  1 | "use client";
  2 |
> 3 | import { Hero } from "@/components/home/Hero";
    | ^^^^^^^^^^^^^^^^^^^^^^^^^^^^^^^^^^^^^^^^^^^^^^
  4 | import { FluidCursor } from "@/components/home/FluidCursor";
  5 | import { StatsSection } from "@/components/home/StatsSection";
  6 | import { AboutPreview } from "@/components/home/AboutPreview";

Import map: aliased to relative './src/components/home/Hero' inside of [project]/

Import traces:
  Client Component Browser:
    ./src/app/page.tsx [Client Component Browser]
    ./src/app/page.tsx [Server Component]

  Client Component SSR:
    ./src/app/page.tsx [Client Component SSR]
    ./src/app/page.tsx [Server Component]

https://nextjs.org/docs/messages/module-not-found 
[browser] ./src/app/page.tsx:5:1
Error: Module not found: Can't resolve '@/components/home/StatsSection'
  3 | import { Hero } from "@/components/home/Hero";
  4 | import { FluidCursor } from "@/components/home/FluidCursor";
> 5 | import { StatsSection } from "@/components/home/StatsSection";
    | ^^^^^^^^^^^^^^^^^^^^^^^^^^^^^^^^^^^^^^^^^^^^^^^^^^^^^^^^^^^^^^
  6 | import { AboutPreview } from "@/components/home/AboutPreview";
  7 | import { HowItWorks } from "@/components/home/HowItWorks";
  8 | import { GridPreview } from "@/components/home/GridPreview";

Import map: aliased to relative './src/components/home/StatsSection' inside of [project]/

Import traces:
  Client Component Browser:
    ./src/app/page.tsx [Client Component Browser]
    ./src/app/page.tsx [Server Component]

  Client Component SSR:
    ./src/app/page.tsx [Client Component SSR]
    ./src/app/page.tsx [Server Component]

https://nextjs.org/docs/messages/module-not-found 
[browser] ./src/app/page.tsx:3:1
Error: Module not found: Can't resolve '@/components/home/Hero'
  1 | "use client";
  2 |
> 3 | import { Hero } from "@/components/home/Hero";
    | ^^^^^^^^^^^^^^^^^^^^^^^^^^^^^^^^^^^^^^^^^^^^^^
  4 | import { FluidCursor } from "@/components/home/FluidCursor";
  5 | import { StatsSection } from "@/components/home/StatsSection";
  6 | import { AboutPreview } from "@/components/home/AboutPreview";

Import map: aliased to relative './src/components/home/Hero' inside of [project]/

Import traces:
  Client Component Browser:
    ./src/app/page.tsx [Client Component Browser]
    ./src/app/page.tsx [Server Component]

  Client Component SSR:
    ./src/app/page.tsx [Client Component SSR]
    ./src/app/page.tsx [Server Component]

https://nextjs.org/docs/messages/module-not-found 
[browser] ./src/app/page.tsx:5:1
Error: Module not found: Can't resolve '@/components/home/StatsSection'
  3 | import { Hero } from "@/components/home/Hero";
  4 | import { FluidCursor } from "@/components/home/FluidCursor";
> 5 | import { StatsSection } from "@/components/home/StatsSection";
    | ^^^^^^^^^^^^^^^^^^^^^^^^^^^^^^^^^^^^^^^^^^^^^^^^^^^^^^^^^^^^^^
  6 | import { AboutPreview } from "@/components/home/AboutPreview";
  7 | import { HowItWorks } from "@/components/home/HowItWorks";
  8 | import { GridPreview } from "@/components/home/GridPreview";

Import map: aliased to relative './src/components/home/StatsSection' inside of [project]/

Import traces:
  Client Component Browser:
    ./src/app/page.tsx [Client Component Browser]
    ./src/app/page.tsx [Server Component]

  Client Component SSR:
    ./src/app/page.tsx [Client Component SSR]
    ./src/app/page.tsx [Server Component]

https://nextjs.org/docs/messages/module-not-found 
[browser] ./src/app/page.tsx:3:1
Error: Module not found: Can't resolve '@/components/home/Hero'
  1 | "use client";
  2 |
> 3 | import { Hero } from "@/components/home/Hero";
    | ^^^^^^^^^^^^^^^^^^^^^^^^^^^^^^^^^^^^^^^^^^^^^^
  4 | import { FluidCursor } from "@/components/home/FluidCursor";
  5 | import { StatsSection } from "@/components/home/StatsSection";
  6 | import { AboutPreview } from "@/components/home/AboutPreview";

Import map: aliased to relative './src/components/home/Hero' inside of [project]/

Import traces:
  Client Component Browser:
    ./src/app/page.tsx [Client Component Browser]
    ./src/app/page.tsx [Server Component]

  Client Component SSR:
    ./src/app/page.tsx [Client Component SSR]
    ./src/app/page.tsx [Server Component]

https://nextjs.org/docs/messages/module-not-found 
[browser] ./src/app/page.tsx:5:1
Error: Module not found: Can't resolve '@/components/home/StatsSection'
  3 | import { Hero } from "@/components/home/Hero";
  4 | import { FluidCursor } from "@/components/home/FluidCursor";
> 5 | import { StatsSection } from "@/components/home/StatsSection";
    | ^^^^^^^^^^^^^^^^^^^^^^^^^^^^^^^^^^^^^^^^^^^^^^^^^^^^^^^^^^^^^^
  6 | import { AboutPreview } from "@/components/home/AboutPreview";
  7 | import { HowItWorks } from "@/components/home/HowItWorks";
  8 | import { GridPreview } from "@/components/home/GridPreview";

Import map: aliased to relative './src/components/home/StatsSection' inside of [project]/

Import traces:
  Client Component Browser:
    ./src/app/page.tsx [Client Component Browser]
    ./src/app/page.tsx [Server Component]

  Client Component SSR:
    ./src/app/page.tsx [Client Component SSR]
    ./src/app/page.tsx [Server Component]

https://nextjs.org/docs/messages/module-not-found 
[browser] ./src/app/page.tsx:3:1
Error: Module not found: Can't resolve '@/components/home/Hero'
  1 | "use client";
  2 |
> 3 | import { Hero } from "@/components/home/Hero";
    | ^^^^^^^^^^^^^^^^^^^^^^^^^^^^^^^^^^^^^^^^^^^^^^
  4 | import { FluidCursor } from "@/components/home/FluidCursor";
  5 | import { StatsSection } from "@/components/home/StatsSection";
  6 | import { AboutPreview } from "@/components/home/AboutPreview";

Import map: aliased to relative './src/components/home/Hero' inside of [project]/

Import traces:
  Client Component Browser:
    ./src/app/page.tsx [Client Component Browser]
    ./src/app/page.tsx [Server Component]

  Client Component SSR:
    ./src/app/page.tsx [Client Component SSR]
    ./src/app/page.tsx [Server Component]

https://nextjs.org/docs/messages/module-not-found 
[browser] ./src/app/page.tsx:5:1
Error: Module not found: Can't resolve '@/components/home/StatsSection'
  3 | import { Hero } from "@/components/home/Hero";
  4 | import { FluidCursor } from "@/components/home/FluidCursor";
> 5 | import { StatsSection } from "@/components/home/StatsSection";
    | ^^^^^^^^^^^^^^^^^^^^^^^^^^^^^^^^^^^^^^^^^^^^^^^^^^^^^^^^^^^^^^
  6 | import { AboutPreview } from "@/components/home/AboutPreview";
  7 | import { HowItWorks } from "@/components/home/HowItWorks";
  8 | import { GridPreview } from "@/components/home/GridPreview";

Import map: aliased to relative './src/components/home/StatsSection' inside of [project]/

Import traces:
  Client Component Browser:
    ./src/app/page.tsx [Client Component Browser]
    ./src/app/page.tsx [Server Component]

  Client Component SSR:
    ./src/app/page.tsx [Client Component SSR]
    ./src/app/page.tsx [Server Component]

https://nextjs.org/docs/messages/module-not-found 
[browser] ./src/app/page.tsx:3:1
Error: Module not found: Can't resolve '@/components/home/Hero'
  1 | "use client";
  2 |
> 3 | import { Hero } from "@/components/home/Hero";
    | ^^^^^^^^^^^^^^^^^^^^^^^^^^^^^^^^^^^^^^^^^^^^^^
  4 | import { FluidCursor } from "@/components/home/FluidCursor";
  5 | import { StatsSection } from "@/components/home/StatsSection";
  6 | import { AboutPreview } from "@/components/home/AboutPreview";

Import map: aliased to relative './src/components/home/Hero' inside of [project]/

Import traces:
  Client Component Browser:
    ./src/app/page.tsx [Client Component Browser]
    ./src/app/page.tsx [Server Component]

  Client Component SSR:
    ./src/app/page.tsx [Client Component SSR]
    ./src/app/page.tsx [Server Component]

https://nextjs.org/docs/messages/module-not-found 
[browser] ./src/app/page.tsx:5:1
Error: Module not found: Can't resolve '@/components/home/StatsSection'
  3 | import { Hero } from "@/components/home/Hero";
  4 | import { FluidCursor } from "@/components/home/FluidCursor";
> 5 | import { StatsSection } from "@/components/home/StatsSection";
    | ^^^^^^^^^^^^^^^^^^^^^^^^^^^^^^^^^^^^^^^^^^^^^^^^^^^^^^^^^^^^^^
  6 | import { AboutPreview } from "@/components/home/AboutPreview";
  7 | import { HowItWorks } from "@/components/home/HowItWorks";
  8 | import { GridPreview } from "@/components/home/GridPreview";

Import map: aliased to relative './src/components/home/StatsSection' inside of [project]/

Import traces:
  Client Component Browser:
    ./src/app/page.tsx [Client Component Browser]
    ./src/app/page.tsx [Server Component]

  Client Component SSR:
    ./src/app/page.tsx [Client Component SSR]
    ./src/app/page.tsx [Server Component]

https://nextjs.org/docs/messages/module-not-found 
[browser] ./src/app/page.tsx:3:1
Error: Module not found: Can't resolve '@/components/home/Hero'
  1 | "use client";
  2 |
> 3 | import { Hero } from "@/components/home/Hero";
    | ^^^^^^^^^^^^^^^^^^^^^^^^^^^^^^^^^^^^^^^^^^^^^^
  4 | import { FluidCursor } from "@/components/home/FluidCursor";
  5 | import { StatsSection } from "@/components/home/StatsSection";
  6 | import { AboutPreview } from "@/components/home/AboutPreview";

Import map: aliased to relative './src/components/home/Hero' inside of [project]/

Import traces:
  Client Component Browser:
    ./src/app/page.tsx [Client Component Browser]
    ./src/app/page.tsx [Server Component]

  Client Component SSR:
    ./src/app/page.tsx [Client Component SSR]
    ./src/app/page.tsx [Server Component]

https://nextjs.org/docs/messages/module-not-found 
[browser] ./src/app/page.tsx:5:1
Error: Module not found: Can't resolve '@/components/home/StatsSection'
  3 | import { Hero } from "@/components/home/Hero";
  4 | import { FluidCursor } from "@/components/home/FluidCursor";
> 5 | import { StatsSection } from "@/components/home/StatsSection";
    | ^^^^^^^^^^^^^^^^^^^^^^^^^^^^^^^^^^^^^^^^^^^^^^^^^^^^^^^^^^^^^^
  6 | import { AboutPreview } from "@/components/home/AboutPreview";
  7 | import { HowItWorks } from "@/components/home/HowItWorks";
  8 | import { GridPreview } from "@/components/home/GridPreview";

Import map: aliased to relative './src/components/home/StatsSection' inside of [project]/

Import traces:
  Client Component Browser:
    ./src/app/page.tsx [Client Component Browser]
    ./src/app/page.tsx [Server Component]

  Client Component SSR:
    ./src/app/page.tsx [Client Component SSR]
    ./src/app/page.tsx [Server Component]

https://nextjs.org/docs/messages/module-not-found 
[browser] ./src/app/page.tsx:3:1
Error: Module not found: Can't resolve '@/components/home/Hero'
  1 | "use client";
  2 |
> 3 | import { Hero } from "@/components/home/Hero";
    | ^^^^^^^^^^^^^^^^^^^^^^^^^^^^^^^^^^^^^^^^^^^^^^
  4 | import { FluidCursor } from "@/components/home/FluidCursor";
  5 | import { StatsSection } from "@/components/home/StatsSection";
  6 | import { AboutPreview } from "@/components/home/AboutPreview";

Import map: aliased to relative './src/components/home/Hero' inside of [project]/

Import traces:
  Client Component Browser:
    ./src/app/page.tsx [Client Component Browser]
    ./src/app/page.tsx [Server Component]

  Client Component SSR:
    ./src/app/page.tsx [Client Component SSR]
    ./src/app/page.tsx [Server Component]

https://nextjs.org/docs/messages/module-not-found 
[browser] ./src/app/page.tsx:5:1
Error: Module not found: Can't resolve '@/components/home/StatsSection'
  3 | import { Hero } from "@/components/home/Hero";
  4 | import { FluidCursor } from "@/components/home/FluidCursor";
> 5 | import { StatsSection } from "@/components/home/StatsSection";
    | ^^^^^^^^^^^^^^^^^^^^^^^^^^^^^^^^^^^^^^^^^^^^^^^^^^^^^^^^^^^^^^
  6 | import { AboutPreview } from "@/components/home/AboutPreview";
  7 | import { HowItWorks } from "@/components/home/HowItWorks";
  8 | import { GridPreview } from "@/components/home/GridPreview";

Import map: aliased to relative './src/components/home/StatsSection' inside of [project]/

Import traces:
  Client Component Browser:
    ./src/app/page.tsx [Client Component Browser]
    ./src/app/page.tsx [Server Component]

  Client Component SSR:
    ./src/app/page.tsx [Client Component SSR]
    ./src/app/page.tsx [Server Component]

https://nextjs.org/docs/messages/module-not-found 
[browser] ./src/app/page.tsx:3:1
Error: Module not found: Can't resolve '@/components/home/Hero'
  1 | "use client";
  2 |
> 3 | import { Hero } from "@/components/home/Hero";
    | ^^^^^^^^^^^^^^^^^^^^^^^^^^^^^^^^^^^^^^^^^^^^^^
  4 | import { FluidCursor } from "@/components/home/FluidCursor";
  5 | import { StatsSection } from "@/components/home/StatsSection";
  6 | import { AboutPreview } from "@/components/home/AboutPreview";

Import map: aliased to relative './src/components/home/Hero' inside of [project]/

Import traces:
  Client Component Browser:
    ./src/app/page.tsx [Client Component Browser]
    ./src/app/page.tsx [Server Component]

  Client Component SSR:
    ./src/app/page.tsx [Client Component SSR]
    ./src/app/page.tsx [Server Component]

https://nextjs.org/docs/messages/module-not-found 
[browser] ./src/app/page.tsx:5:1
Error: Module not found: Can't resolve '@/components/home/StatsSection'
  3 | import { Hero } from "@/components/home/Hero";
  4 | import { FluidCursor } from "@/components/home/FluidCursor";
> 5 | import { StatsSection } from "@/components/home/StatsSection";
    | ^^^^^^^^^^^^^^^^^^^^^^^^^^^^^^^^^^^^^^^^^^^^^^^^^^^^^^^^^^^^^^
  6 | import { AboutPreview } from "@/components/home/AboutPreview";
  7 | import { HowItWorks } from "@/components/home/HowItWorks";
  8 | import { GridPreview } from "@/components/home/GridPreview";

Import map: aliased to relative './src/components/home/StatsSection' inside of [project]/

Import traces:
  Client Component Browser:
    ./src/app/page.tsx [Client Component Browser]
    ./src/app/page.tsx [Server Component]

  Client Component SSR:
    ./src/app/page.tsx [Client Component SSR]
    ./src/app/page.tsx [Server Component]

https://nextjs.org/docs/messages/module-not-found 
[browser] ./src/app/page.tsx:3:1
Error: Module not found: Can't resolve '@/components/home/Hero'
  1 | "use client";
  2 |
> 3 | import { Hero } from "@/components/home/Hero";
    | ^^^^^^^^^^^^^^^^^^^^^^^^^^^^^^^^^^^^^^^^^^^^^^
  4 | import { FluidCursor } from "@/components/home/FluidCursor";
  5 | import { StatsSection } from "@/components/home/StatsSection";
  6 | import { AboutPreview } from "@/components/home/AboutPreview";

Import map: aliased to relative './src/components/home/Hero' inside of [project]/

Import traces:
  Client Component Browser:
    ./src/app/page.tsx [Client Component Browser]
    ./src/app/page.tsx [Server Component]

  Client Component SSR:
    ./src/app/page.tsx [Client Component SSR]
    ./src/app/page.tsx [Server Component]

https://nextjs.org/docs/messages/module-not-found 
[browser] ./src/app/page.tsx:5:1
Error: Module not found: Can't resolve '@/components/home/StatsSection'
  3 | import { Hero } from "@/components/home/Hero";
  4 | import { FluidCursor } from "@/components/home/FluidCursor";
> 5 | import { StatsSection } from "@/components/home/StatsSection";
    | ^^^^^^^^^^^^^^^^^^^^^^^^^^^^^^^^^^^^^^^^^^^^^^^^^^^^^^^^^^^^^^
  6 | import { AboutPreview } from "@/components/home/AboutPreview";
  7 | import { HowItWorks } from "@/components/home/HowItWorks";
  8 | import { GridPreview } from "@/components/home/GridPreview";

Import map: aliased to relative './src/components/home/StatsSection' inside of [project]/

Import traces:
  Client Component Browser:
    ./src/app/page.tsx [Client Component Browser]
    ./src/app/page.tsx [Server Component]

  Client Component SSR:
    ./src/app/page.tsx [Client Component SSR]
    ./src/app/page.tsx [Server Component]

https://nextjs.org/docs/messages/module-not-found 
[browser] ./src/app/page.tsx:3:1
Error: Module not found: Can't resolve '@/components/home/Hero'
  1 | "use client";
  2 |
> 3 | import { Hero } from "@/components/home/Hero";
    | ^^^^^^^^^^^^^^^^^^^^^^^^^^^^^^^^^^^^^^^^^^^^^^
  4 | import { FluidCursor } from "@/components/home/FluidCursor";
  5 | import { StatsSection } from "@/components/home/StatsSection";
  6 | import { AboutPreview } from "@/components/home/AboutPreview";

Import map: aliased to relative './src/components/home/Hero' inside of [project]/

Import traces:
  Client Component Browser:
    ./src/app/page.tsx [Client Component Browser]
    ./src/app/page.tsx [Server Component]

  Client Component SSR:
    ./src/app/page.tsx [Client Component SSR]
    ./src/app/page.tsx [Server Component]

https://nextjs.org/docs/messages/module-not-found 
[browser] ./src/app/page.tsx:5:1
Error: Module not found: Can't resolve '@/components/home/StatsSection'
  3 | import { Hero } from "@/components/home/Hero";
  4 | import { FluidCursor } from "@/components/home/FluidCursor";
> 5 | import { StatsSection } from "@/components/home/StatsSection";
    | ^^^^^^^^^^^^^^^^^^^^^^^^^^^^^^^^^^^^^^^^^^^^^^^^^^^^^^^^^^^^^^
  6 | import { AboutPreview } from "@/components/home/AboutPreview";
  7 | import { HowItWorks } from "@/components/home/HowItWorks";
  8 | import { GridPreview } from "@/components/home/GridPreview";

Import map: aliased to relative './src/components/home/StatsSection' inside of [project]/

Import traces:
  Client Component Browser:
    ./src/app/page.tsx [Client Component Browser]
    ./src/app/page.tsx [Server Component]

  Client Component SSR:
    ./src/app/page.tsx [Client Component SSR]
    ./src/app/page.tsx [Server Component]

https://nextjs.org/docs/messages/module-not-found 
[browser] ./src/app/page.tsx:3:1
Error: Module not found: Can't resolve '@/components/home/Hero'
  1 | "use client";
  2 |
> 3 | import { Hero } from "@/components/home/Hero";
    | ^^^^^^^^^^^^^^^^^^^^^^^^^^^^^^^^^^^^^^^^^^^^^^
  4 | import { FluidCursor } from "@/components/home/FluidCursor";
  5 | import { StatsSection } from "@/components/home/StatsSection";
  6 | import { AboutPreview } from "@/components/home/AboutPreview";

Import map: aliased to relative './src/components/home/Hero' inside of [project]/

Import traces:
  Client Component Browser:
    ./src/app/page.tsx [Client Component Browser]
    ./src/app/page.tsx [Server Component]

  Client Component SSR:
    ./src/app/page.tsx [Client Component SSR]
    ./src/app/page.tsx [Server Component]

https://nextjs.org/docs/messages/module-not-found 
[browser] ./src/app/page.tsx:5:1
Error: Module not found: Can't resolve '@/components/home/StatsSection'
  3 | import { Hero } from "@/components/home/Hero";
  4 | import { FluidCursor } from "@/components/home/FluidCursor";
> 5 | import { StatsSection } from "@/components/home/StatsSection";
    | ^^^^^^^^^^^^^^^^^^^^^^^^^^^^^^^^^^^^^^^^^^^^^^^^^^^^^^^^^^^^^^
  6 | import { AboutPreview } from "@/components/home/AboutPreview";
  7 | import { HowItWorks } from "@/components/home/HowItWorks";
  8 | import { GridPreview } from "@/components/home/GridPreview";

Import map: aliased to relative './src/components/home/StatsSection' inside of [project]/

Import traces:
  Client Component Browser:
    ./src/app/page.tsx [Client Component Browser]
    ./src/app/page.tsx [Server Component]

  Client Component SSR:
    ./src/app/page.tsx [Client Component SSR]
    ./src/app/page.tsx [Server Component]

https://nextjs.org/docs/messages/module-not-found 
[browser] ./src/app/page.tsx:3:1
Error: Module not found: Can't resolve '@/components/home/Hero'
  1 | "use client";
  2 |
> 3 | import { Hero } from "@/components/home/Hero";
    | ^^^^^^^^^^^^^^^^^^^^^^^^^^^^^^^^^^^^^^^^^^^^^^
  4 | import { FluidCursor } from "@/components/home/FluidCursor";
  5 | import { StatsSection } from "@/components/home/StatsSection";
  6 | import { AboutPreview } from "@/components/home/AboutPreview";

Import map: aliased to relative './src/components/home/Hero' inside of [project]/

Import traces:
  Client Component Browser:
    ./src/app/page.tsx [Client Component Browser]
    ./src/app/page.tsx [Server Component]

  Client Component SSR:
    ./src/app/page.tsx [Client Component SSR]
    ./src/app/page.tsx [Server Component]

https://nextjs.org/docs/messages/module-not-found 
[browser] ./src/app/page.tsx:5:1
Error: Module not found: Can't resolve '@/components/home/StatsSection'
  3 | import { Hero } from "@/components/home/Hero";
  4 | import { FluidCursor } from "@/components/home/FluidCursor";
> 5 | import { StatsSection } from "@/components/home/StatsSection";
    | ^^^^^^^^^^^^^^^^^^^^^^^^^^^^^^^^^^^^^^^^^^^^^^^^^^^^^^^^^^^^^^
  6 | import { AboutPreview } from "@/components/home/AboutPreview";
  7 | import { HowItWorks } from "@/components/home/HowItWorks";
  8 | import { GridPreview } from "@/components/home/GridPreview";

Import map: aliased to relative './src/components/home/StatsSection' inside of [project]/

Import traces:
  Client Component Browser:
    ./src/app/page.tsx [Client Component Browser]
    ./src/app/page.tsx [Server Component]

  Client Component SSR:
    ./src/app/page.tsx [Client Component SSR]
    ./src/app/page.tsx [Server Component]

https://nextjs.org/docs/messages/module-not-found 
[browser] ./src/app/page.tsx:3:1
Error: Module not found: Can't resolve '@/components/home/Hero'
  1 | "use client";
  2 |
> 3 | import { Hero } from "@/components/home/Hero";
    | ^^^^^^^^^^^^^^^^^^^^^^^^^^^^^^^^^^^^^^^^^^^^^^
  4 | import { FluidCursor } from "@/components/home/FluidCursor";
  5 | import { StatsSection } from "@/components/home/StatsSection";
  6 | import { AboutPreview } from "@/components/home/AboutPreview";

Import map: aliased to relative './src/components/home/Hero' inside of [project]/

Import traces:
  Client Component Browser:
    ./src/app/page.tsx [Client Component Browser]
    ./src/app/page.tsx [Server Component]

  Client Component SSR:
    ./src/app/page.tsx [Client Component SSR]
    ./src/app/page.tsx [Server Component]

https://nextjs.org/docs/messages/module-not-found 
[browser] ./src/app/page.tsx:5:1
Error: Module not found: Can't resolve '@/components/home/StatsSection'
  3 | import { Hero } from "@/components/home/Hero";
  4 | import { FluidCursor } from "@/components/home/FluidCursor";
> 5 | import { StatsSection } from "@/components/home/StatsSection";
    | ^^^^^^^^^^^^^^^^^^^^^^^^^^^^^^^^^^^^^^^^^^^^^^^^^^^^^^^^^^^^^^
  6 | import { AboutPreview } from "@/components/home/AboutPreview";
  7 | import { HowItWorks } from "@/components/home/HowItWorks";
  8 | import { GridPreview } from "@/components/home/GridPreview";

Import map: aliased to relative './src/components/home/StatsSection' inside of [project]/

Import traces:
  Client Component Browser:
    ./src/app/page.tsx [Client Component Browser]
    ./src/app/page.tsx [Server Component]

  Client Component SSR:
    ./src/app/page.tsx [Client Component SSR]
    ./src/app/page.tsx [Server Component]

https://nextjs.org/docs/messages/module-not-found 
[browser] ./src/app/page.tsx:3:1
Error: Module not found: Can't resolve '@/components/home/Hero'
  1 | "use client";
  2 |
> 3 | import { Hero } from "@/components/home/Hero";
    | ^^^^^^^^^^^^^^^^^^^^^^^^^^^^^^^^^^^^^^^^^^^^^^
  4 | import { FluidCursor } from "@/components/home/FluidCursor";
  5 | import { StatsSection } from "@/components/home/StatsSection";
  6 | import { AboutPreview } from "@/components/home/AboutPreview";

Import map: aliased to relative './src/components/home/Hero' inside of [project]/

Import traces:
  Client Component Browser:
    ./src/app/page.tsx [Client Component Browser]
    ./src/app/page.tsx [Server Component]

  Client Component SSR:
    ./src/app/page.tsx [Client Component SSR]
    ./src/app/page.tsx [Server Component]

https://nextjs.org/docs/messages/module-not-found 
[browser] ./src/app/page.tsx:5:1
Error: Module not found: Can't resolve '@/components/home/StatsSection'
  3 | import { Hero } from "@/components/home/Hero";
  4 | import { FluidCursor } from "@/components/home/FluidCursor";
> 5 | import { StatsSection } from "@/components/home/StatsSection";
    | ^^^^^^^^^^^^^^^^^^^^^^^^^^^^^^^^^^^^^^^^^^^^^^^^^^^^^^^^^^^^^^
  6 | import { AboutPreview } from "@/components/home/AboutPreview";
  7 | import { HowItWorks } from "@/components/home/HowItWorks";
  8 | import { GridPreview } from "@/components/home/GridPreview";

Import map: aliased to relative './src/components/home/StatsSection' inside of [project]/

Import traces:
  Client Component Browser:
    ./src/app/page.tsx [Client Component Browser]
    ./src/app/page.tsx [Server Component]

  Client Component SSR:
    ./src/app/page.tsx [Client Component SSR]
    ./src/app/page.tsx [Server Component]

https://nextjs.org/docs/messages/module-not-found 
[browser] ./src/app/page.tsx:3:1
Error: Module not found: Can't resolve '@/components/home/Hero'
  1 | "use client";
  2 |
> 3 | import { Hero } from "@/components/home/Hero";
    | ^^^^^^^^^^^^^^^^^^^^^^^^^^^^^^^^^^^^^^^^^^^^^^
  4 | import { FluidCursor } from "@/components/home/FluidCursor";
  5 | import { StatsSection } from "@/components/home/StatsSection";
  6 | import { AboutPreview } from "@/components/home/AboutPreview";

Import map: aliased to relative './src/components/home/Hero' inside of [project]/

Import traces:
  Client Component Browser:
    ./src/app/page.tsx [Client Component Browser]
    ./src/app/page.tsx [Server Component]

  Client Component SSR:
    ./src/app/page.tsx [Client Component SSR]
    ./src/app/page.tsx [Server Component]

https://nextjs.org/docs/messages/module-not-found 
[browser] ./src/app/page.tsx:5:1
Error: Module not found: Can't resolve '@/components/home/StatsSection'
  3 | import { Hero } from "@/components/home/Hero";
  4 | import { FluidCursor } from "@/components/home/FluidCursor";
> 5 | import { StatsSection } from "@/components/home/StatsSection";
    | ^^^^^^^^^^^^^^^^^^^^^^^^^^^^^^^^^^^^^^^^^^^^^^^^^^^^^^^^^^^^^^
  6 | import { AboutPreview } from "@/components/home/AboutPreview";
  7 | import { HowItWorks } from "@/components/home/HowItWorks";
  8 | import { GridPreview } from "@/components/home/GridPreview";

Import map: aliased to relative './src/components/home/StatsSection' inside of [project]/

Import traces:
  Client Component Browser:
    ./src/app/page.tsx [Client Component Browser]
    ./src/app/page.tsx [Server Component]

  Client Component SSR:
    ./src/app/page.tsx [Client Component SSR]
    ./src/app/page.tsx [Server Component]

https://nextjs.org/docs/messages/module-not-found 
[browser] ./src/app/page.tsx:3:1
Error: Module not found: Can't resolve '@/components/home/Hero'
  1 | "use client";
  2 |
> 3 | import { Hero } from "@/components/home/Hero";
    | ^^^^^^^^^^^^^^^^^^^^^^^^^^^^^^^^^^^^^^^^^^^^^^
  4 | import { FluidCursor } from "@/components/home/FluidCursor";
  5 | import { StatsSection } from "@/components/home/StatsSection";
  6 | import { AboutPreview } from "@/components/home/AboutPreview";

Import map: aliased to relative './src/components/home/Hero' inside of [project]/

Import traces:
  Client Component Browser:
    ./src/app/page.tsx [Client Component Browser]
    ./src/app/page.tsx [Server Component]

  Client Component SSR:
    ./src/app/page.tsx [Client Component SSR]
    ./src/app/page.tsx [Server Component]

https://nextjs.org/docs/messages/module-not-found 
[browser] ./src/app/page.tsx:5:1
Error: Module not found: Can't resolve '@/components/home/StatsSection'
  3 | import { Hero } from "@/components/home/Hero";
  4 | import { FluidCursor } from "@/components/home/FluidCursor";
> 5 | import { StatsSection } from "@/components/home/StatsSection";
    | ^^^^^^^^^^^^^^^^^^^^^^^^^^^^^^^^^^^^^^^^^^^^^^^^^^^^^^^^^^^^^^
  6 | import { AboutPreview } from "@/components/home/AboutPreview";
  7 | import { HowItWorks } from "@/components/home/HowItWorks";
  8 | import { GridPreview } from "@/components/home/GridPreview";

Import map: aliased to relative './src/components/home/StatsSection' inside of [project]/

Import traces:
  Client Component Browser:
    ./src/app/page.tsx [Client Component Browser]
    ./src/app/page.tsx [Server Component]

  Client Component SSR:
    ./src/app/page.tsx [Client Component SSR]
    ./src/app/page.tsx [Server Component]

https://nextjs.org/docs/messages/module-not-found 
[browser] ./src/app/page.tsx:3:1
Error: Module not found: Can't resolve '@/components/home/Hero'
  1 | "use client";
  2 |
> 3 | import { Hero } from "@/components/home/Hero";
    | ^^^^^^^^^^^^^^^^^^^^^^^^^^^^^^^^^^^^^^^^^^^^^^
  4 | import { FluidCursor } from "@/components/home/FluidCursor";
  5 | import { StatsSection } from "@/components/home/StatsSection";
  6 | import { AboutPreview } from "@/components/home/AboutPreview";

Import map: aliased to relative './src/components/home/Hero' inside of [project]/

Import traces:
  Client Component Browser:
    ./src/app/page.tsx [Client Component Browser]
    ./src/app/page.tsx [Server Component]

  Client Component SSR:
    ./src/app/page.tsx [Client Component SSR]
    ./src/app/page.tsx [Server Component]

https://nextjs.org/docs/messages/module-not-found 
[browser] ./src/app/page.tsx:5:1
Error: Module not found: Can't resolve '@/components/home/StatsSection'
  3 | import { Hero } from "@/components/home/Hero";
  4 | import { FluidCursor } from "@/components/home/FluidCursor";
> 5 | import { StatsSection } from "@/components/home/StatsSection";
    | ^^^^^^^^^^^^^^^^^^^^^^^^^^^^^^^^^^^^^^^^^^^^^^^^^^^^^^^^^^^^^^
  6 | import { AboutPreview } from "@/components/home/AboutPreview";
  7 | import { HowItWorks } from "@/components/home/HowItWorks";
  8 | import { GridPreview } from "@/components/home/GridPreview";

Import map: aliased to relative './src/components/home/StatsSection' inside of [project]/

Import traces:
  Client Component Browser:
    ./src/app/page.tsx [Client Component Browser]
    ./src/app/page.tsx [Server Component]

  Client Component SSR:
    ./src/app/page.tsx [Client Component SSR]
    ./src/app/page.tsx [Server Component]

https://nextjs.org/docs/messages/module-not-found 
[browser] ./src/app/page.tsx:3:1
Error: Module not found: Can't resolve '@/components/home/Hero'
  1 | "use client";
  2 |
> 3 | import { Hero } from "@/components/home/Hero";
    | ^^^^^^^^^^^^^^^^^^^^^^^^^^^^^^^^^^^^^^^^^^^^^^
  4 | import { FluidCursor } from "@/components/home/FluidCursor";
  5 | import { StatsSection } from "@/components/home/StatsSection";
  6 | import { AboutPreview } from "@/components/home/AboutPreview";

Import map: aliased to relative './src/components/home/Hero' inside of [project]/

Import traces:
  Client Component Browser:
    ./src/app/page.tsx [Client Component Browser]
    ./src/app/page.tsx [Server Component]

  Client Component SSR:
    ./src/app/page.tsx [Client Component SSR]
    ./src/app/page.tsx [Server Component]

https://nextjs.org/docs/messages/module-not-found 
[browser] ./src/app/page.tsx:5:1
Error: Module not found: Can't resolve '@/components/home/StatsSection'
  3 | import { Hero } from "@/components/home/Hero";
  4 | import { FluidCursor } from "@/components/home/FluidCursor";
> 5 | import { StatsSection } from "@/components/home/StatsSection";
    | ^^^^^^^^^^^^^^^^^^^^^^^^^^^^^^^^^^^^^^^^^^^^^^^^^^^^^^^^^^^^^^
  6 | import { AboutPreview } from "@/components/home/AboutPreview";
  7 | import { HowItWorks } from "@/components/home/HowItWorks";
  8 | import { GridPreview } from "@/components/home/GridPreview";

Import map: aliased to relative './src/components/home/StatsSection' inside of [project]/

Import traces:
  Client Component Browser:
    ./src/app/page.tsx [Client Component Browser]
    ./src/app/page.tsx [Server Component]

  Client Component SSR:
    ./src/app/page.tsx [Client Component SSR]
    ./src/app/page.tsx [Server Component]

https://nextjs.org/docs/messages/module-not-found 
[browser] ./src/app/page.tsx:3:1
Error: Module not found: Can't resolve '@/components/home/Hero'
  1 | "use client";
  2 |
> 3 | import { Hero } from "@/components/home/Hero";
    | ^^^^^^^^^^^^^^^^^^^^^^^^^^^^^^^^^^^^^^^^^^^^^^
  4 | import { FluidCursor } from "@/components/home/FluidCursor";
  5 | import { StatsSection } from "@/components/home/StatsSection";
  6 | import { AboutPreview } from "@/components/home/AboutPreview";

Import map: aliased to relative './src/components/home/Hero' inside of [project]/

Import traces:
  Client Component Browser:
    ./src/app/page.tsx [Client Component Browser]
    ./src/app/page.tsx [Server Component]

  Client Component SSR:
    ./src/app/page.tsx [Client Component SSR]
    ./src/app/page.tsx [Server Component]

https://nextjs.org/docs/messages/module-not-found 
[browser] ./src/app/page.tsx:5:1
Error: Module not found: Can't resolve '@/components/home/StatsSection'
  3 | import { Hero } from "@/components/home/Hero";
  4 | import { FluidCursor } from "@/components/home/FluidCursor";
> 5 | import { StatsSection } from "@/components/home/StatsSection";
    | ^^^^^^^^^^^^^^^^^^^^^^^^^^^^^^^^^^^^^^^^^^^^^^^^^^^^^^^^^^^^^^
  6 | import { AboutPreview } from "@/components/home/AboutPreview";
  7 | import { HowItWorks } from "@/components/home/HowItWorks";
  8 | import { GridPreview } from "@/components/home/GridPreview";

Import map: aliased to relative './src/components/home/StatsSection' inside of [project]/

Import traces:
  Client Component Browser:
    ./src/app/page.tsx [Client Component Browser]
    ./src/app/page.tsx [Server Component]

  Client Component SSR:
    ./src/app/page.tsx [Client Component SSR]
    ./src/app/page.tsx [Server Component]

https://nextjs.org/docs/messages/module-not-found 
[browser] ./src/app/page.tsx:3:1
Error: Module not found: Can't resolve '@/components/home/Hero'
  1 | "use client";
  2 |
> 3 | import { Hero } from "@/components/home/Hero";
    | ^^^^^^^^^^^^^^^^^^^^^^^^^^^^^^^^^^^^^^^^^^^^^^
  4 | import { FluidCursor } from "@/components/home/FluidCursor";
  5 | import { StatsSection } from "@/components/home/StatsSection";
  6 | import { AboutPreview } from "@/components/home/AboutPreview";

Import map: aliased to relative './src/components/home/Hero' inside of [project]/

Import traces:
  Client Component Browser:
    ./src/app/page.tsx [Client Component Browser]
    ./src/app/page.tsx [Server Component]

  Client Component SSR:
    ./src/app/page.tsx [Client Component SSR]
    ./src/app/page.tsx [Server Component]

https://nextjs.org/docs/messages/module-not-found 
[browser] ./src/app/page.tsx:5:1
Error: Module not found: Can't resolve '@/components/home/StatsSection'
  3 | import { Hero } from "@/components/home/Hero";
  4 | import { FluidCursor } from "@/components/home/FluidCursor";
> 5 | import { StatsSection } from "@/components/home/StatsSection";
    | ^^^^^^^^^^^^^^^^^^^^^^^^^^^^^^^^^^^^^^^^^^^^^^^^^^^^^^^^^^^^^^
  6 | import { AboutPreview } from "@/components/home/AboutPreview";
  7 | import { HowItWorks } from "@/components/home/HowItWorks";
  8 | import { GridPreview } from "@/components/home/GridPreview";

Import map: aliased to relative './src/components/home/StatsSection' inside of [project]/

Import traces:
  Client Component Browser:
    ./src/app/page.tsx [Client Component Browser]
    ./src/app/page.tsx [Server Component]

  Client Component SSR:
    ./src/app/page.tsx [Client Component SSR]
    ./src/app/page.tsx [Server Component]

https://nextjs.org/docs/messages/module-not-found 
[browser] ./src/app/page.tsx:3:1
Error: Module not found: Can't resolve '@/components/home/Hero'
  1 | "use client";
  2 |
> 3 | import { Hero } from "@/components/home/Hero";
    | ^^^^^^^^^^^^^^^^^^^^^^^^^^^^^^^^^^^^^^^^^^^^^^
  4 | import { FluidCursor } from "@/components/home/FluidCursor";
  5 | import { StatsSection } from "@/components/home/StatsSection";
  6 | import { AboutPreview } from "@/components/home/AboutPreview";

Import map: aliased to relative './src/components/home/Hero' inside of [project]/

Import traces:
  Client Component Browser:
    ./src/app/page.tsx [Client Component Browser]
    ./src/app/page.tsx [Server Component]

  Client Component SSR:
    ./src/app/page.tsx [Client Component SSR]
    ./src/app/page.tsx [Server Component]

https://nextjs.org/docs/messages/module-not-found 
[browser] ./src/app/page.tsx:5:1
Error: Module not found: Can't resolve '@/components/home/StatsSection'
  3 | import { Hero } from "@/components/home/Hero";
  4 | import { FluidCursor } from "@/components/home/FluidCursor";
> 5 | import { StatsSection } from "@/components/home/StatsSection";
    | ^^^^^^^^^^^^^^^^^^^^^^^^^^^^^^^^^^^^^^^^^^^^^^^^^^^^^^^^^^^^^^
  6 | import { AboutPreview } from "@/components/home/AboutPreview";
  7 | import { HowItWorks } from "@/components/home/HowItWorks";
  8 | import { GridPreview } from "@/components/home/GridPreview";

Import map: aliased to relative './src/components/home/StatsSection' inside of [project]/

Import traces:
  Client Component Browser:
    ./src/app/page.tsx [Client Component Browser]
    ./src/app/page.tsx [Server Component]

  Client Component SSR:
    ./src/app/page.tsx [Client Component SSR]
    ./src/app/page.tsx [Server Component]

https://nextjs.org/docs/messages/module-not-found 
[browser] ./src/app/page.tsx:3:1
Error: Module not found: Can't resolve '@/components/home/Hero'
  1 | "use client";
  2 |
> 3 | import { Hero } from "@/components/home/Hero";
    | ^^^^^^^^^^^^^^^^^^^^^^^^^^^^^^^^^^^^^^^^^^^^^^
  4 | import { FluidCursor } from "@/components/home/FluidCursor";
  5 | import { StatsSection } from "@/components/home/StatsSection";
  6 | import { AboutPreview } from "@/components/home/AboutPreview";

Import map: aliased to relative './src/components/home/Hero' inside of [project]/

Import traces:
  Client Component Browser:
    ./src/app/page.tsx [Client Component Browser]
    ./src/app/page.tsx [Server Component]

  Client Component SSR:
    ./src/app/page.tsx [Client Component SSR]
    ./src/app/page.tsx [Server Component]

https://nextjs.org/docs/messages/module-not-found 
[browser] ./src/app/page.tsx:5:1
Error: Module not found: Can't resolve '@/components/home/StatsSection'
  3 | import { Hero } from "@/components/home/Hero";
  4 | import { FluidCursor } from "@/components/home/FluidCursor";
> 5 | import { StatsSection } from "@/components/home/StatsSection";
    | ^^^^^^^^^^^^^^^^^^^^^^^^^^^^^^^^^^^^^^^^^^^^^^^^^^^^^^^^^^^^^^
  6 | import { AboutPreview } from "@/components/home/AboutPreview";
  7 | import { HowItWorks } from "@/components/home/HowItWorks";
  8 | import { GridPreview } from "@/components/home/GridPreview";

Import map: aliased to relative './src/components/home/StatsSection' inside of [project]/

Import traces:
  Client Component Browser:
    ./src/app/page.tsx [Client Component Browser]
    ./src/app/page.tsx [Server Component]

  Client Component SSR:
    ./src/app/page.tsx [Client Component SSR]
    ./src/app/page.tsx [Server Component]

https://nextjs.org/docs/messages/module-not-found 
[browser] ./src/app/page.tsx:3:1
Error: Module not found: Can't resolve '@/components/home/Hero'
  1 | "use client";
  2 |
> 3 | import { Hero } from "@/components/home/Hero";
    | ^^^^^^^^^^^^^^^^^^^^^^^^^^^^^^^^^^^^^^^^^^^^^^
  4 | import { FluidCursor } from "@/components/home/FluidCursor";
  5 | import { StatsSection } from "@/components/home/StatsSection";
  6 | import { AboutPreview } from "@/components/home/AboutPreview";

Import map: aliased to relative './src/components/home/Hero' inside of [project]/

Import traces:
  Client Component Browser:
    ./src/app/page.tsx [Client Component Browser]
    ./src/app/page.tsx [Server Component]

  Client Component SSR:
    ./src/app/page.tsx [Client Component SSR]
    ./src/app/page.tsx [Server Component]

https://nextjs.org/docs/messages/module-not-found 
[browser] ./src/app/page.tsx:5:1
Error: Module not found: Can't resolve '@/components/home/StatsSection'
  3 | import { Hero } from "@/components/home/Hero";
  4 | import { FluidCursor } from "@/components/home/FluidCursor";
> 5 | import { StatsSection } from "@/components/home/StatsSection";
    | ^^^^^^^^^^^^^^^^^^^^^^^^^^^^^^^^^^^^^^^^^^^^^^^^^^^^^^^^^^^^^^
  6 | import { AboutPreview } from "@/components/home/AboutPreview";
  7 | import { HowItWorks } from "@/components/home/HowItWorks";
  8 | import { GridPreview } from "@/components/home/GridPreview";

Import map: aliased to relative './src/components/home/StatsSection' inside of [project]/

Import traces:
  Client Component Browser:
    ./src/app/page.tsx [Client Component Browser]
    ./src/app/page.tsx [Server Component]

  Client Component SSR:
    ./src/app/page.tsx [Client Component SSR]
    ./src/app/page.tsx [Server Component]

https://nextjs.org/docs/messages/module-not-found 
[browser] ./src/app/page.tsx:3:1
Error: Module not found: Can't resolve '@/components/home/Hero'
  1 | "use client";
  2 |
> 3 | import { Hero } from "@/components/home/Hero";
    | ^^^^^^^^^^^^^^^^^^^^^^^^^^^^^^^^^^^^^^^^^^^^^^
  4 | import { FluidCursor } from "@/components/home/FluidCursor";
  5 | import { StatsSection } from "@/components/home/StatsSection";
  6 | import { AboutPreview } from "@/components/home/AboutPreview";

Import map: aliased to relative './src/components/home/Hero' inside of [project]/

Import traces:
  Client Component Browser:
    ./src/app/page.tsx [Client Component Browser]
    ./src/app/page.tsx [Server Component]

  Client Component SSR:
    ./src/app/page.tsx [Client Component SSR]
    ./src/app/page.tsx [Server Component]

https://nextjs.org/docs/messages/module-not-found 
[browser] ./src/app/page.tsx:5:1
Error: Module not found: Can't resolve '@/components/home/StatsSection'
  3 | import { Hero } from "@/components/home/Hero";
  4 | import { FluidCursor } from "@/components/home/FluidCursor";
> 5 | import { StatsSection } from "@/components/home/StatsSection";
    | ^^^^^^^^^^^^^^^^^^^^^^^^^^^^^^^^^^^^^^^^^^^^^^^^^^^^^^^^^^^^^^
  6 | import { AboutPreview } from "@/components/home/AboutPreview";
  7 | import { HowItWorks } from "@/components/home/HowItWorks";
  8 | import { GridPreview } from "@/components/home/GridPreview";

Import map: aliased to relative './src/components/home/StatsSection' inside of [project]/

Import traces:
  Client Component Browser:
    ./src/app/page.tsx [Client Component Browser]
    ./src/app/page.tsx [Server Component]

  Client Component SSR:
    ./src/app/page.tsx [Client Component SSR]
    ./src/app/page.tsx [Server Component]

https://nextjs.org/docs/messages/module-not-found 
[browser] ./src/app/page.tsx:3:1
Error: Module not found: Can't resolve '@/components/home/Hero'
  1 | "use client";
  2 |
> 3 | import { Hero } from "@/components/home/Hero";
    | ^^^^^^^^^^^^^^^^^^^^^^^^^^^^^^^^^^^^^^^^^^^^^^
  4 | import { FluidCursor } from "@/components/home/FluidCursor";
  5 | import { StatsSection } from "@/components/home/StatsSection";
  6 | import { AboutPreview } from "@/components/home/AboutPreview";

Import map: aliased to relative './src/components/home/Hero' inside of [project]/

Import traces:
  Client Component Browser:
    ./src/app/page.tsx [Client Component Browser]
    ./src/app/page.tsx [Server Component]

  Client Component SSR:
    ./src/app/page.tsx [Client Component SSR]
    ./src/app/page.tsx [Server Component]

https://nextjs.org/docs/messages/module-not-found 
[browser] ./src/app/page.tsx:5:1
Error: Module not found: Can't resolve '@/components/home/StatsSection'
  3 | import { Hero } from "@/components/home/Hero";
  4 | import { FluidCursor } from "@/components/home/FluidCursor";
> 5 | import { StatsSection } from "@/components/home/StatsSection";
    | ^^^^^^^^^^^^^^^^^^^^^^^^^^^^^^^^^^^^^^^^^^^^^^^^^^^^^^^^^^^^^^
  6 | import { AboutPreview } from "@/components/home/AboutPreview";
  7 | import { HowItWorks } from "@/components/home/HowItWorks";
  8 | import { GridPreview } from "@/components/home/GridPreview";

Import map: aliased to relative './src/components/home/StatsSection' inside of [project]/

Import traces:
  Client Component Browser:
    ./src/app/page.tsx [Client Component Browser]
    ./src/app/page.tsx [Server Component]

  Client Component SSR:
    ./src/app/page.tsx [Client Component SSR]
    ./src/app/page.tsx [Server Component]

https://nextjs.org/docs/messages/module-not-found 
[browser] ./src/app/page.tsx:3:1
Error: Module not found: Can't resolve '@/components/home/Hero'
  1 | "use client";
  2 |
> 3 | import { Hero } from "@/components/home/Hero";
    | ^^^^^^^^^^^^^^^^^^^^^^^^^^^^^^^^^^^^^^^^^^^^^^
  4 | import { FluidCursor } from "@/components/home/FluidCursor";
  5 | import { StatsSection } from "@/components/home/StatsSection";
  6 | import { AboutPreview } from "@/components/home/AboutPreview";

Import map: aliased to relative './src/components/home/Hero' inside of [project]/

Import traces:
  Client Component Browser:
    ./src/app/page.tsx [Client Component Browser]
    ./src/app/page.tsx [Server Component]

  Client Component SSR:
    ./src/app/page.tsx [Client Component SSR]
    ./src/app/page.tsx [Server Component]

https://nextjs.org/docs/messages/module-not-found 
[browser] ./src/app/page.tsx:5:1
Error: Module not found: Can't resolve '@/components/home/StatsSection'
  3 | import { Hero } from "@/components/home/Hero";
  4 | import { FluidCursor } from "@/components/home/FluidCursor";
> 5 | import { StatsSection } from "@/components/home/StatsSection";
    | ^^^^^^^^^^^^^^^^^^^^^^^^^^^^^^^^^^^^^^^^^^^^^^^^^^^^^^^^^^^^^^
  6 | import { AboutPreview } from "@/components/home/AboutPreview";
  7 | import { HowItWorks } from "@/components/home/HowItWorks";
  8 | import { GridPreview } from "@/components/home/GridPreview";

Import map: aliased to relative './src/components/home/StatsSection' inside of [project]/

Import traces:
  Client Component Browser:
    ./src/app/page.tsx [Client Component Browser]
    ./src/app/page.tsx [Server Component]

  Client Component SSR:
    ./src/app/page.tsx [Client Component SSR]
    ./src/app/page.tsx [Server Component]

https://nextjs.org/docs/messages/module-not-found 
[browser] ./src/app/page.tsx:3:1
Error: Module not found: Can't resolve '@/components/home/Hero'
  1 | "use client";
  2 |
> 3 | import { Hero } from "@/components/home/Hero";
    | ^^^^^^^^^^^^^^^^^^^^^^^^^^^^^^^^^^^^^^^^^^^^^^
  4 | import { FluidCursor } from "@/components/home/FluidCursor";
  5 | import { StatsSection } from "@/components/home/StatsSection";
  6 | import { AboutPreview } from "@/components/home/AboutPreview";

Import map: aliased to relative './src/components/home/Hero' inside of [project]/

Import traces:
  Client Component Browser:
    ./src/app/page.tsx [Client Component Browser]
    ./src/app/page.tsx [Server Component]

  Client Component SSR:
    ./src/app/page.tsx [Client Component SSR]
    ./src/app/page.tsx [Server Component]

https://nextjs.org/docs/messages/module-not-found 
[browser] ./src/app/page.tsx:5:1
Error: Module not found: Can't resolve '@/components/home/StatsSection'
  3 | import { Hero } from "@/components/home/Hero";
  4 | import { FluidCursor } from "@/components/home/FluidCursor";
> 5 | import { StatsSection } from "@/components/home/StatsSection";
    | ^^^^^^^^^^^^^^^^^^^^^^^^^^^^^^^^^^^^^^^^^^^^^^^^^^^^^^^^^^^^^^
  6 | import { AboutPreview } from "@/components/home/AboutPreview";
  7 | import { HowItWorks } from "@/components/home/HowItWorks";
  8 | import { GridPreview } from "@/components/home/GridPreview";

Import map: aliased to relative './src/components/home/StatsSection' inside of [project]/

Import traces:
  Client Component Browser:
    ./src/app/page.tsx [Client Component Browser]
    ./src/app/page.tsx [Server Component]

  Client Component SSR:
    ./src/app/page.tsx [Client Component SSR]
    ./src/app/page.tsx [Server Component]

https://nextjs.org/docs/messages/module-not-found 
[browser] ./src/app/page.tsx:3:1
Error: Module not found: Can't resolve '@/components/home/Hero'
  1 | "use client";
  2 |
> 3 | import { Hero } from "@/components/home/Hero";
    | ^^^^^^^^^^^^^^^^^^^^^^^^^^^^^^^^^^^^^^^^^^^^^^
  4 | import { FluidCursor } from "@/components/home/FluidCursor";
  5 | import { StatsSection } from "@/components/home/StatsSection";
  6 | import { AboutPreview } from "@/components/home/AboutPreview";

Import map: aliased to relative './src/components/home/Hero' inside of [project]/

Import traces:
  Client Component Browser:
    ./src/app/page.tsx [Client Component Browser]
    ./src/app/page.tsx [Server Component]

  Client Component SSR:
    ./src/app/page.tsx [Client Component SSR]
    ./src/app/page.tsx [Server Component]

https://nextjs.org/docs/messages/module-not-found 
[browser] ./src/app/page.tsx:5:1
Error: Module not found: Can't resolve '@/components/home/StatsSection'
  3 | import { Hero } from "@/components/home/Hero";
  4 | import { FluidCursor } from "@/components/home/FluidCursor";
> 5 | import { StatsSection } from "@/components/home/StatsSection";
    | ^^^^^^^^^^^^^^^^^^^^^^^^^^^^^^^^^^^^^^^^^^^^^^^^^^^^^^^^^^^^^^
  6 | import { AboutPreview } from "@/components/home/AboutPreview";
  7 | import { HowItWorks } from "@/components/home/HowItWorks";
  8 | import { GridPreview } from "@/components/home/GridPreview";

Import map: aliased to relative './src/components/home/StatsSection' inside of [project]/

Import traces:
  Client Component Browser:
    ./src/app/page.tsx [Client Component Browser]
    ./src/app/page.tsx [Server Component]

  Client Component SSR:
    ./src/app/page.tsx [Client Component SSR]
    ./src/app/page.tsx [Server Component]

https://nextjs.org/docs/messages/module-not-found 
[browser] ./src/app/page.tsx:3:1
Error: Module not found: Can't resolve '@/components/home/Hero'
  1 | "use client";
  2 |
> 3 | import { Hero } from "@/components/home/Hero";
    | ^^^^^^^^^^^^^^^^^^^^^^^^^^^^^^^^^^^^^^^^^^^^^^
  4 | import { FluidCursor } from "@/components/home/FluidCursor";
  5 | import { StatsSection } from "@/components/home/StatsSection";
  6 | import { AboutPreview } from "@/components/home/AboutPreview";

Import map: aliased to relative './src/components/home/Hero' inside of [project]/

Import traces:
  Client Component Browser:
    ./src/app/page.tsx [Client Component Browser]
    ./src/app/page.tsx [Server Component]

  Client Component SSR:
    ./src/app/page.tsx [Client Component SSR]
    ./src/app/page.tsx [Server Component]

https://nextjs.org/docs/messages/module-not-found 
[browser] ./src/app/page.tsx:5:1
Error: Module not found: Can't resolve '@/components/home/StatsSection'
  3 | import { Hero } from "@/components/home/Hero";
  4 | import { FluidCursor } from "@/components/home/FluidCursor";
> 5 | import { StatsSection } from "@/components/home/StatsSection";
    | ^^^^^^^^^^^^^^^^^^^^^^^^^^^^^^^^^^^^^^^^^^^^^^^^^^^^^^^^^^^^^^
  6 | import { AboutPreview } from "@/components/home/AboutPreview";
  7 | import { HowItWorks } from "@/components/home/HowItWorks";
  8 | import { GridPreview } from "@/components/home/GridPreview";

Import map: aliased to relative './src/components/home/StatsSection' inside of [project]/

Import traces:
  Client Component Browser:
    ./src/app/page.tsx [Client Component Browser]
    ./src/app/page.tsx [Server Component]

  Client Component SSR:
    ./src/app/page.tsx [Client Component SSR]
    ./src/app/page.tsx [Server Component]

https://nextjs.org/docs/messages/module-not-found 
[browser] ./src/app/page.tsx:3:1
Error: Module not found: Can't resolve '@/components/home/Hero'
  1 | "use client";
  2 |
> 3 | import { Hero } from "@/components/home/Hero";
    | ^^^^^^^^^^^^^^^^^^^^^^^^^^^^^^^^^^^^^^^^^^^^^^
  4 | import { FluidCursor } from "@/components/home/FluidCursor";
  5 | import { StatsSection } from "@/components/home/StatsSection";
  6 | import { AboutPreview } from "@/components/home/AboutPreview";

Import map: aliased to relative './src/components/home/Hero' inside of [project]/

Import traces:
  Client Component Browser:
    ./src/app/page.tsx [Client Component Browser]
    ./src/app/page.tsx [Server Component]

  Client Component SSR:
    ./src/app/page.tsx [Client Component SSR]
    ./src/app/page.tsx [Server Component]

https://nextjs.org/docs/messages/module-not-found 
[browser] ./src/app/page.tsx:5:1
Error: Module not found: Can't resolve '@/components/home/StatsSection'
  3 | import { Hero } from "@/components/home/Hero";
  4 | import { FluidCursor } from "@/components/home/FluidCursor";
> 5 | import { StatsSection } from "@/components/home/StatsSection";
    | ^^^^^^^^^^^^^^^^^^^^^^^^^^^^^^^^^^^^^^^^^^^^^^^^^^^^^^^^^^^^^^
  6 | import { AboutPreview } from "@/components/home/AboutPreview";
  7 | import { HowItWorks } from "@/components/home/HowItWorks";
  8 | import { GridPreview } from "@/components/home/GridPreview";

Import map: aliased to relative './src/components/home/StatsSection' inside of [project]/

Import traces:
  Client Component Browser:
    ./src/app/page.tsx [Client Component Browser]
    ./src/app/page.tsx [Server Component]

  Client Component SSR:
    ./src/app/page.tsx [Client Component SSR]
    ./src/app/page.tsx [Server Component]

https://nextjs.org/docs/messages/module-not-found 
[browser] ./src/app/page.tsx:3:1
Error: Module not found: Can't resolve '@/components/home/Hero'
  1 | "use client";
  2 |
> 3 | import { Hero } from "@/components/home/Hero";
    | ^^^^^^^^^^^^^^^^^^^^^^^^^^^^^^^^^^^^^^^^^^^^^^
  4 | import { FluidCursor } from "@/components/home/FluidCursor";
  5 | import { StatsSection } from "@/components/home/StatsSection";
  6 | import { AboutPreview } from "@/components/home/AboutPreview";

Import map: aliased to relative './src/components/home/Hero' inside of [project]/

Import traces:
  Client Component Browser:
    ./src/app/page.tsx [Client Component Browser]
    ./src/app/page.tsx [Server Component]

  Client Component SSR:
    ./src/app/page.tsx [Client Component SSR]
    ./src/app/page.tsx [Server Component]

https://nextjs.org/docs/messages/module-not-found 
[browser] ./src/app/page.tsx:5:1
Error: Module not found: Can't resolve '@/components/home/StatsSection'
  3 | import { Hero } from "@/components/home/Hero";
  4 | import { FluidCursor } from "@/components/home/FluidCursor";
> 5 | import { StatsSection } from "@/components/home/StatsSection";
    | ^^^^^^^^^^^^^^^^^^^^^^^^^^^^^^^^^^^^^^^^^^^^^^^^^^^^^^^^^^^^^^
  6 | import { AboutPreview } from "@/components/home/AboutPreview";
  7 | import { HowItWorks } from "@/components/home/HowItWorks";
  8 | import { GridPreview } from "@/components/home/GridPreview";

Import map: aliased to relative './src/components/home/StatsSection' inside of [project]/

Import traces:
  Client Component Browser:
    ./src/app/page.tsx [Client Component Browser]
    ./src/app/page.tsx [Server Component]

  Client Component SSR:
    ./src/app/page.tsx [Client Component SSR]
    ./src/app/page.tsx [Server Component]

https://nextjs.org/docs/messages/module-not-found 
[browser] ./src/app/page.tsx:3:1
Error: Module not found: Can't resolve '@/components/home/Hero'
  1 | "use client";
  2 |
> 3 | import { Hero } from "@/components/home/Hero";
    | ^^^^^^^^^^^^^^^^^^^^^^^^^^^^^^^^^^^^^^^^^^^^^^
  4 | import { FluidCursor } from "@/components/home/FluidCursor";
  5 | import { StatsSection } from "@/components/home/StatsSection";
  6 | import { AboutPreview } from "@/components/home/AboutPreview";

Import map: aliased to relative './src/components/home/Hero' inside of [project]/

Import traces:
  Client Component Browser:
    ./src/app/page.tsx [Client Component Browser]
    ./src/app/page.tsx [Server Component]

  Client Component SSR:
    ./src/app/page.tsx [Client Component SSR]
    ./src/app/page.tsx [Server Component]

https://nextjs.org/docs/messages/module-not-found 
[browser] ./src/app/page.tsx:5:1
Error: Module not found: Can't resolve '@/components/home/StatsSection'
  3 | import { Hero } from "@/components/home/Hero";
  4 | import { FluidCursor } from "@/components/home/FluidCursor";
> 5 | import { StatsSection } from "@/components/home/StatsSection";
    | ^^^^^^^^^^^^^^^^^^^^^^^^^^^^^^^^^^^^^^^^^^^^^^^^^^^^^^^^^^^^^^
  6 | import { AboutPreview } from "@/components/home/AboutPreview";
  7 | import { HowItWorks } from "@/components/home/HowItWorks";
  8 | import { GridPreview } from "@/components/home/GridPreview";

Import map: aliased to relative './src/components/home/StatsSection' inside of [project]/

Import traces:
  Client Component Browser:
    ./src/app/page.tsx [Client Component Browser]
    ./src/app/page.tsx [Server Component]

  Client Component SSR:
    ./src/app/page.tsx [Client Component SSR]
    ./src/app/page.tsx [Server Component]

https://nextjs.org/docs/messages/module-not-found 
[browser] ./src/app/page.tsx:3:1
Error: Module not found: Can't resolve '@/components/home/Hero'
  1 | "use client";
  2 |
> 3 | import { Hero } from "@/components/home/Hero";
    | ^^^^^^^^^^^^^^^^^^^^^^^^^^^^^^^^^^^^^^^^^^^^^^
  4 | import { FluidCursor } from "@/components/home/FluidCursor";
  5 | import { StatsSection } from "@/components/home/StatsSection";
  6 | import { AboutPreview } from "@/components/home/AboutPreview";

Import map: aliased to relative './src/components/home/Hero' inside of [project]/

Import traces:
  Client Component Browser:
    ./src/app/page.tsx [Client Component Browser]
    ./src/app/page.tsx [Server Component]

  Client Component SSR:
    ./src/app/page.tsx [Client Component SSR]
    ./src/app/page.tsx [Server Component]

https://nextjs.org/docs/messages/module-not-found 
[browser] ./src/app/page.tsx:5:1
Error: Module not found: Can't resolve '@/components/home/StatsSection'
  3 | import { Hero } from "@/components/home/Hero";
  4 | import { FluidCursor } from "@/components/home/FluidCursor";
> 5 | import { StatsSection } from "@/components/home/StatsSection";
    | ^^^^^^^^^^^^^^^^^^^^^^^^^^^^^^^^^^^^^^^^^^^^^^^^^^^^^^^^^^^^^^
  6 | import { AboutPreview } from "@/components/home/AboutPreview";
  7 | import { HowItWorks } from "@/components/home/HowItWorks";
  8 | import { GridPreview } from "@/components/home/GridPreview";

Import map: aliased to relative './src/components/home/StatsSection' inside of [project]/

Import traces:
  Client Component Browser:
    ./src/app/page.tsx [Client Component Browser]
    ./src/app/page.tsx [Server Component]

  Client Component SSR:
    ./src/app/page.tsx [Client Component SSR]
    ./src/app/page.tsx [Server Component]

https://nextjs.org/docs/messages/module-not-found 
[browser] ./src/app/page.tsx:3:1
Error: Module not found: Can't resolve '@/components/home/Hero'
  1 | "use client";
  2 |
> 3 | import { Hero } from "@/components/home/Hero";
    | ^^^^^^^^^^^^^^^^^^^^^^^^^^^^^^^^^^^^^^^^^^^^^^
  4 | import { FluidCursor } from "@/components/home/FluidCursor";
  5 | import { StatsSection } from "@/components/home/StatsSection";
  6 | import { AboutPreview } from "@/components/home/AboutPreview";

Import map: aliased to relative './src/components/home/Hero' inside of [project]/

Import traces:
  Client Component Browser:
    ./src/app/page.tsx [Client Component Browser]
    ./src/app/page.tsx [Server Component]

  Client Component SSR:
    ./src/app/page.tsx [Client Component SSR]
    ./src/app/page.tsx [Server Component]

https://nextjs.org/docs/messages/module-not-found 
[browser] ./src/app/page.tsx:5:1
Error: Module not found: Can't resolve '@/components/home/StatsSection'
  3 | import { Hero } from "@/components/home/Hero";
  4 | import { FluidCursor } from "@/components/home/FluidCursor";
> 5 | import { StatsSection } from "@/components/home/StatsSection";
    | ^^^^^^^^^^^^^^^^^^^^^^^^^^^^^^^^^^^^^^^^^^^^^^^^^^^^^^^^^^^^^^
  6 | import { AboutPreview } from "@/components/home/AboutPreview";
  7 | import { HowItWorks } from "@/components/home/HowItWorks";
  8 | import { GridPreview } from "@/components/home/GridPreview";

Import map: aliased to relative './src/components/home/StatsSection' inside of [project]/

Import traces:
  Client Component Browser:
    ./src/app/page.tsx [Client Component Browser]
    ./src/app/page.tsx [Server Component]

  Client Component SSR:
    ./src/app/page.tsx [Client Component SSR]
    ./src/app/page.tsx [Server Component]

https://nextjs.org/docs/messages/module-not-found 
[browser] ./src/app/page.tsx:3:1
Error: Module not found: Can't resolve '@/components/home/Hero'
  1 | "use client";
  2 |
> 3 | import { Hero } from "@/components/home/Hero";
    | ^^^^^^^^^^^^^^^^^^^^^^^^^^^^^^^^^^^^^^^^^^^^^^
  4 | import { FluidCursor } from "@/components/home/FluidCursor";
  5 | import { StatsSection } from "@/components/home/StatsSection";
  6 | import { AboutPreview } from "@/components/home/AboutPreview";

Import map: aliased to relative './src/components/home/Hero' inside of [project]/

Import traces:
  Client Component Browser:
    ./src/app/page.tsx [Client Component Browser]
    ./src/app/page.tsx [Server Component]

  Client Component SSR:
    ./src/app/page.tsx [Client Component SSR]
    ./src/app/page.tsx [Server Component]

https://nextjs.org/docs/messages/module-not-found 
[browser] ./src/app/page.tsx:5:1
Error: Module not found: Can't resolve '@/components/home/StatsSection'
  3 | import { Hero } from "@/components/home/Hero";
  4 | import { FluidCursor } from "@/components/home/FluidCursor";
> 5 | import { StatsSection } from "@/components/home/StatsSection";
    | ^^^^^^^^^^^^^^^^^^^^^^^^^^^^^^^^^^^^^^^^^^^^^^^^^^^^^^^^^^^^^^
  6 | import { AboutPreview } from "@/components/home/AboutPreview";
  7 | import { HowItWorks } from "@/components/home/HowItWorks";
  8 | import { GridPreview } from "@/components/home/GridPreview";

Import map: aliased to relative './src/components/home/StatsSection' inside of [project]/

Import traces:
  Client Component Browser:
    ./src/app/page.tsx [Client Component Browser]
    ./src/app/page.tsx [Server Component]

  Client Component SSR:
    ./src/app/page.tsx [Client Component SSR]
    ./src/app/page.tsx [Server Component]

https://nextjs.org/docs/messages/module-not-found 
[browser] ./src/app/page.tsx:3:1
Error: Module not found: Can't resolve '@/components/home/Hero'
  1 | "use client";
  2 |
> 3 | import { Hero } from "@/components/home/Hero";
    | ^^^^^^^^^^^^^^^^^^^^^^^^^^^^^^^^^^^^^^^^^^^^^^
  4 | import { FluidCursor } from "@/components/home/FluidCursor";
  5 | import { StatsSection } from "@/components/home/StatsSection";
  6 | import { AboutPreview } from "@/components/home/AboutPreview";

Import map: aliased to relative './src/components/home/Hero' inside of [project]/

Import traces:
  Client Component Browser:
    ./src/app/page.tsx [Client Component Browser]
    ./src/app/page.tsx [Server Component]

  Client Component SSR:
    ./src/app/page.tsx [Client Component SSR]
    ./src/app/page.tsx [Server Component]

https://nextjs.org/docs/messages/module-not-found 
[browser] ./src/app/page.tsx:5:1
Error: Module not found: Can't resolve '@/components/home/StatsSection'
  3 | import { Hero } from "@/components/home/Hero";
  4 | import { FluidCursor } from "@/components/home/FluidCursor";
> 5 | import { StatsSection } from "@/components/home/StatsSection";
    | ^^^^^^^^^^^^^^^^^^^^^^^^^^^^^^^^^^^^^^^^^^^^^^^^^^^^^^^^^^^^^^
  6 | import { AboutPreview } from "@/components/home/AboutPreview";
  7 | import { HowItWorks } from "@/components/home/HowItWorks";
  8 | import { GridPreview } from "@/components/home/GridPreview";

Import map: aliased to relative './src/components/home/StatsSection' inside of [project]/

Import traces:
  Client Component Browser:
    ./src/app/page.tsx [Client Component Browser]
    ./src/app/page.tsx [Server Component]

  Client Component SSR:
    ./src/app/page.tsx [Client Component SSR]
    ./src/app/page.tsx [Server Component]

https://nextjs.org/docs/messages/module-not-found 
[browser] ./src/app/page.tsx:3:1
Error: Module not found: Can't resolve '@/components/home/Hero'
  1 | "use client";
  2 |
> 3 | import { Hero } from "@/components/home/Hero";
    | ^^^^^^^^^^^^^^^^^^^^^^^^^^^^^^^^^^^^^^^^^^^^^^
  4 | import { FluidCursor } from "@/components/home/FluidCursor";
  5 | import { StatsSection } from "@/components/home/StatsSection";
  6 | import { AboutPreview } from "@/components/home/AboutPreview";

Import map: aliased to relative './src/components/home/Hero' inside of [project]/

Import traces:
  Client Component Browser:
    ./src/app/page.tsx [Client Component Browser]
    ./src/app/page.tsx [Server Component]

  Client Component SSR:
    ./src/app/page.tsx [Client Component SSR]
    ./src/app/page.tsx [Server Component]

https://nextjs.org/docs/messages/module-not-found 
[browser] ./src/app/page.tsx:5:1
Error: Module not found: Can't resolve '@/components/home/StatsSection'
  3 | import { Hero } from "@/components/home/Hero";
  4 | import { FluidCursor } from "@/components/home/FluidCursor";
> 5 | import { StatsSection } from "@/components/home/StatsSection";
    | ^^^^^^^^^^^^^^^^^^^^^^^^^^^^^^^^^^^^^^^^^^^^^^^^^^^^^^^^^^^^^^
  6 | import { AboutPreview } from "@/components/home/AboutPreview";
  7 | import { HowItWorks } from "@/components/home/HowItWorks";
  8 | import { GridPreview } from "@/components/home/GridPreview";

Import map: aliased to relative './src/components/home/StatsSection' inside of [project]/

Import traces:
  Client Component Browser:
    ./src/app/page.tsx [Client Component Browser]
    ./src/app/page.tsx [Server Component]

  Client Component SSR:
    ./src/app/page.tsx [Client Component SSR]
    ./src/app/page.tsx [Server Component]

https://nextjs.org/docs/messages/module-not-found 
[browser] ./src/app/page.tsx:3:1
Error: Module not found: Can't resolve '@/components/home/Hero'
  1 | "use client";
  2 |
> 3 | import { Hero } from "@/components/home/Hero";
    | ^^^^^^^^^^^^^^^^^^^^^^^^^^^^^^^^^^^^^^^^^^^^^^
  4 | import { FluidCursor } from "@/components/home/FluidCursor";
  5 | import { StatsSection } from "@/components/home/StatsSection";
  6 | import { AboutPreview } from "@/components/home/AboutPreview";

Import map: aliased to relative './src/components/home/Hero' inside of [project]/

Import traces:
  Client Component Browser:
    ./src/app/page.tsx [Client Component Browser]
    ./src/app/page.tsx [Server Component]

  Client Component SSR:
    ./src/app/page.tsx [Client Component SSR]
    ./src/app/page.tsx [Server Component]

https://nextjs.org/docs/messages/module-not-found 
[browser] ./src/app/page.tsx:5:1
Error: Module not found: Can't resolve '@/components/home/StatsSection'
  3 | import { Hero } from "@/components/home/Hero";
  4 | import { FluidCursor } from "@/components/home/FluidCursor";
> 5 | import { StatsSection } from "@/components/home/StatsSection";
    | ^^^^^^^^^^^^^^^^^^^^^^^^^^^^^^^^^^^^^^^^^^^^^^^^^^^^^^^^^^^^^^
  6 | import { AboutPreview } from "@/components/home/AboutPreview";
  7 | import { HowItWorks } from "@/components/home/HowItWorks";
  8 | import { GridPreview } from "@/components/home/GridPreview";

Import map: aliased to relative './src/components/home/StatsSection' inside of [project]/

Import traces:
  Client Component Browser:
    ./src/app/page.tsx [Client Component Browser]
    ./src/app/page.tsx [Server Component]

  Client Component SSR:
    ./src/app/page.tsx [Client Component SSR]
    ./src/app/page.tsx [Server Component]

https://nextjs.org/docs/messages/module-not-found 
[browser] ./src/app/page.tsx:3:1
Error: Module not found: Can't resolve '@/components/home/Hero'
  1 | "use client";
  2 |
> 3 | import { Hero } from "@/components/home/Hero";
    | ^^^^^^^^^^^^^^^^^^^^^^^^^^^^^^^^^^^^^^^^^^^^^^
  4 | import { FluidCursor } from "@/components/home/FluidCursor";
  5 | import { StatsSection } from "@/components/home/StatsSection";
  6 | import { AboutPreview } from "@/components/home/AboutPreview";

Import map: aliased to relative './src/components/home/Hero' inside of [project]/

Import traces:
  Client Component Browser:
    ./src/app/page.tsx [Client Component Browser]
    ./src/app/page.tsx [Server Component]

  Client Component SSR:
    ./src/app/page.tsx [Client Component SSR]
    ./src/app/page.tsx [Server Component]

https://nextjs.org/docs/messages/module-not-found 
[browser] ./src/app/page.tsx:5:1
Error: Module not found: Can't resolve '@/components/home/StatsSection'
  3 | import { Hero } from "@/components/home/Hero";
  4 | import { FluidCursor } from "@/components/home/FluidCursor";
> 5 | import { StatsSection } from "@/components/home/StatsSection";
    | ^^^^^^^^^^^^^^^^^^^^^^^^^^^^^^^^^^^^^^^^^^^^^^^^^^^^^^^^^^^^^^
  6 | import { AboutPreview } from "@/components/home/AboutPreview";
  7 | import { HowItWorks } from "@/components/home/HowItWorks";
  8 | import { GridPreview } from "@/components/home/GridPreview";

Import map: aliased to relative './src/components/home/StatsSection' inside of [project]/

Import traces:
  Client Component Browser:
    ./src/app/page.tsx [Client Component Browser]
    ./src/app/page.tsx [Server Component]

  Client Component SSR:
    ./src/app/page.tsx [Client Component SSR]
    ./src/app/page.tsx [Server Component]

https://nextjs.org/docs/messages/module-not-found 
⨯ ./src/app/page.tsx:5:1
Error: Module not found: Can't resolve '@/components/home/StatsSection'
  [90m3 |[0m [36mimport[0m { [33mHero[0m } [36mfrom[0m [32m"@/components/home/Hero"[0m;
  [90m4 |[0m [36mimport[0m { [33mFluidCursor[0m } [36mfrom[0m [32m"@/components/home/FluidCursor"[0m;
[31m[1m>[0m [90m5 |[0m [36mimport[0m { [33mStatsSection[0m } [36mfrom[0m [32m"@/components/home/StatsSection"[0m;
  [90m  |[0m [31m[1m^^^^^^^^^^^^^^^^^^^^^^^^^^^^^^^^^^^^^^^^^^^^^^^^^^^^^^^^^^^^^^[0m
  [90m6 |[0m [36mimport[0m { [33mAboutPreview[0m } [36mfrom[0m [32m"@/components/home/AboutPreview"[0m;
  [90m7 |[0m [36mimport[0m { [33mHowItWorks[0m } [36mfrom[0m [32m"@/components/home/HowItWorks"[0m;
  [90m8 |[0m [36mimport[0m { [33mGridPreview[0m } [36mfrom[0m [32m"@/components/home/GridPreview"[0m;

Import map: aliased to relative './src/components/home/StatsSection' inside of [project]/


Import traces:
  Client Component Browser:
    ./src/app/page.tsx [Client Component Browser]
    ./src/app/page.tsx [Server Component]

  Client Component SSR:
    ./src/app/page.tsx [Client Component SSR]
    ./src/app/page.tsx [Server Component]

https://nextjs.org/docs/messages/module-not-found


⨯ ./src/app/page.tsx:5:1
Error: Module not found: Can't resolve '@/components/home/StatsSection'
  [90m3 |[0m [36mimport[0m { [33mHero[0m } [36mfrom[0m [32m"@/components/home/Hero"[0m;
  [90m4 |[0m [36mimport[0m { [33mFluidCursor[0m } [36mfrom[0m [32m"@/components/home/FluidCursor"[0m;
[31m[1m>[0m [90m5 |[0m [36mimport[0m { [33mStatsSection[0m } [36mfrom[0m [32m"@/components/home/StatsSection"[0m;
  [90m  |[0m [31m[1m^^^^^^^^^^^^^^^^^^^^^^^^^^^^^^^^^^^^^^^^^^^^^^^^^^^^^^^^^^^^^^[0m
  [90m6 |[0m [36mimport[0m { [33mAboutPreview[0m } [36mfrom[0m [32m"@/components/home/AboutPreview"[0m;
  [90m7 |[0m [36mimport[0m { [33mHowItWorks[0m } [36mfrom[0m [32m"@/components/home/HowItWorks"[0m;
  [90m8 |[0m [36mimport[0m { [33mGridPreview[0m } [36mfrom[0m [32m"@/components/home/GridPreview"[0m;

Import map: aliased to relative './src/components/home/StatsSection' inside of [project]/


Import traces:
  Client Component Browser:
    ./src/app/page.tsx [Client Component Browser]
    ./src/app/page.tsx [Server Component]

  Client Component SSR:
    ./src/app/page.tsx [Client Component SSR]
    ./src/app/page.tsx [Server Component]

https://nextjs.org/docs/messages/module-not-found


⨯ ./src/app/page.tsx:5:1
Error: Module not found: Can't resolve '@/components/home/StatsSection'
  [90m3 |[0m [36mimport[0m { [33mHero[0m } [36mfrom[0m [32m"@/components/home/Hero"[0m;
  [90m4 |[0m [36mimport[0m { [33mFluidCursor[0m } [36mfrom[0m [32m"@/components/home/FluidCursor"[0m;
[31m[1m>[0m [90m5 |[0m [36mimport[0m { [33mStatsSection[0m } [36mfrom[0m [32m"@/components/home/StatsSection"[0m;
  [90m  |[0m [31m[1m^^^^^^^^^^^^^^^^^^^^^^^^^^^^^^^^^^^^^^^^^^^^^^^^^^^^^^^^^^^^^^[0m
  [90m6 |[0m [36mimport[0m { [33mAboutPreview[0m } [36mfrom[0m [32m"@/components/home/AboutPreview"[0m;
  [90m7 |[0m [36mimport[0m { [33mHowItWorks[0m } [36mfrom[0m [32m"@/components/home/HowItWorks"[0m;
  [90m8 |[0m [36mimport[0m { [33mGridPreview[0m } [36mfrom[0m [32m"@/components/home/GridPreview"[0m;

Import map: aliased to relative './src/components/home/StatsSection' inside of [project]/


Import traces:
  Client Component Browser:
    ./src/app/page.tsx [Client Component Browser]
    ./src/app/page.tsx [Server Component]

  Client Component SSR:
    ./src/app/page.tsx [Client Component SSR]
    ./src/app/page.tsx [Server Component]

https://nextjs.org/docs/messages/module-not-found


⨯ ./src/app/page.tsx:5:1
Error: Module not found: Can't resolve '@/components/home/StatsSection'
  [90m3 |[0m [36mimport[0m { [33mHero[0m } [36mfrom[0m [32m"@/components/home/Hero"[0m;
  [90m4 |[0m [36mimport[0m { [33mFluidCursor[0m } [36mfrom[0m [32m"@/components/home/FluidCursor"[0m;
[31m[1m>[0m [90m5 |[0m [36mimport[0m { [33mStatsSection[0m } [36mfrom[0m [32m"@/components/home/StatsSection"[0m;
  [90m  |[0m [31m[1m^^^^^^^^^^^^^^^^^^^^^^^^^^^^^^^^^^^^^^^^^^^^^^^^^^^^^^^^^^^^^^[0m
  [90m6 |[0m [36mimport[0m { [33mAboutPreview[0m } [36mfrom[0m [32m"@/components/home/AboutPreview"[0m;
  [90m7 |[0m [36mimport[0m { [33mHowItWorks[0m } [36mfrom[0m [32m"@/components/home/HowItWorks"[0m;
  [90m8 |[0m [36mimport[0m { [33mGridPreview[0m } [36mfrom[0m [32m"@/components/home/GridPreview"[0m;

Import map: aliased to relative './src/components/home/StatsSection' inside of [project]/


Import traces:
  Client Component Browser:
    ./src/app/page.tsx [Client Component Browser]
    ./src/app/page.tsx [Server Component]

  Client Component SSR:
    ./src/app/page.tsx [Client Component SSR]
    ./src/app/page.tsx [Server Component]

https://nextjs.org/docs/messages/module-not-found


⨯ ./src/app/page.tsx:5:1
Error: Module not found: Can't resolve '@/components/home/StatsSection'
  [90m3 |[0m [36mimport[0m { [33mHero[0m } [36mfrom[0m [32m"@/components/home/Hero"[0m;
  [90m4 |[0m [36mimport[0m { [33mFluidCursor[0m } [36mfrom[0m [32m"@/components/home/FluidCursor"[0m;
[31m[1m>[0m [90m5 |[0m [36mimport[0m { [33mStatsSection[0m } [36mfrom[0m [32m"@/components/home/StatsSection"[0m;
  [90m  |[0m [31m[1m^^^^^^^^^^^^^^^^^^^^^^^^^^^^^^^^^^^^^^^^^^^^^^^^^^^^^^^^^^^^^^[0m
  [90m6 |[0m [36mimport[0m { [33mAboutPreview[0m } [36mfrom[0m [32m"@/components/home/AboutPreview"[0m;
  [90m7 |[0m [36mimport[0m { [33mHowItWorks[0m } [36mfrom[0m [32m"@/components/home/HowItWorks"[0m;
  [90m8 |[0m [36mimport[0m { [33mGridPreview[0m } [36mfrom[0m [32m"@/components/home/GridPreview"[0m;

Import map: aliased to relative './src/components/home/StatsSection' inside of [project]/


Import traces:
  Client Component Browser:
    ./src/app/page.tsx [Client Component Browser]
    ./src/app/page.tsx [Server Component]

  Client Component SSR:
    ./src/app/page.tsx [Client Component SSR]
    ./src/app/page.tsx [Server Component]

https://nextjs.org/docs/messages/module-not-found


⨯ ./src/app/page.tsx:5:1
Error: Module not found: Can't resolve '@/components/home/StatsSection'
  [90m3 |[0m [36mimport[0m { [33mHero[0m } [36mfrom[0m [32m"@/components/home/Hero"[0m;
  [90m4 |[0m [36mimport[0m { [33mFluidCursor[0m } [36mfrom[0m [32m"@/components/home/FluidCursor"[0m;
[31m[1m>[0m [90m5 |[0m [36mimport[0m { [33mStatsSection[0m } [36mfrom[0m [32m"@/components/home/StatsSection"[0m;
  [90m  |[0m [31m[1m^^^^^^^^^^^^^^^^^^^^^^^^^^^^^^^^^^^^^^^^^^^^^^^^^^^^^^^^^^^^^^[0m
  [90m6 |[0m [36mimport[0m { [33mAboutPreview[0m } [36mfrom[0m [32m"@/components/home/AboutPreview"[0m;
  [90m7 |[0m [36mimport[0m { [33mHowItWorks[0m } [36mfrom[0m [32m"@/components/home/HowItWorks"[0m;
  [90m8 |[0m [36mimport[0m { [33mGridPreview[0m } [36mfrom[0m [32m"@/components/home/GridPreview"[0m;

Import map: aliased to relative './src/components/home/StatsSection' inside of [project]/


Import traces:
  Client Component Browser:
    ./src/app/page.tsx [Client Component Browser]
    ./src/app/page.tsx [Server Component]

  Client Component SSR:
    ./src/app/page.tsx [Client Component SSR]
    ./src/app/page.tsx [Server Component]

https://nextjs.org/docs/messages/module-not-found


⨯ ./src/app/page.tsx:5:1
Error: Module not found: Can't resolve '@/components/home/StatsSection'
  [90m3 |[0m [36mimport[0m { [33mHero[0m } [36mfrom[0m [32m"@/components/home/Hero"[0m;
  [90m4 |[0m [36mimport[0m { [33mFluidCursor[0m } [36mfrom[0m [32m"@/components/home/FluidCursor"[0m;
[31m[1m>[0m [90m5 |[0m [36mimport[0m { [33mStatsSection[0m } [36mfrom[0m [32m"@/components/home/StatsSection"[0m;
  [90m  |[0m [31m[1m^^^^^^^^^^^^^^^^^^^^^^^^^^^^^^^^^^^^^^^^^^^^^^^^^^^^^^^^^^^^^^[0m
  [90m6 |[0m [36mimport[0m { [33mAboutPreview[0m } [36mfrom[0m [32m"@/components/home/AboutPreview"[0m;
  [90m7 |[0m [36mimport[0m { [33mHowItWorks[0m } [36mfrom[0m [32m"@/components/home/HowItWorks"[0m;
  [90m8 |[0m [36mimport[0m { [33mGridPreview[0m } [36mfrom[0m [32m"@/components/home/GridPreview"[0m;

Import map: aliased to relative './src/components/home/StatsSection' inside of [project]/


Import traces:
  Client Component Browser:
    ./src/app/page.tsx [Client Component Browser]
    ./src/app/page.tsx [Server Component]

  Client Component SSR:
    ./src/app/page.tsx [Client Component SSR]
    ./src/app/page.tsx [Server Component]

https://nextjs.org/docs/messages/module-not-found


⨯ ./src/app/page.tsx:5:1
Error: Module not found: Can't resolve '@/components/home/StatsSection'
  [90m3 |[0m [36mimport[0m { [33mHero[0m } [36mfrom[0m [32m"@/components/home/Hero"[0m;
  [90m4 |[0m [36mimport[0m { [33mFluidCursor[0m } [36mfrom[0m [32m"@/components/home/FluidCursor"[0m;
[31m[1m>[0m [90m5 |[0m [36mimport[0m { [33mStatsSection[0m } [36mfrom[0m [32m"@/components/home/StatsSection"[0m;
  [90m  |[0m [31m[1m^^^^^^^^^^^^^^^^^^^^^^^^^^^^^^^^^^^^^^^^^^^^^^^^^^^^^^^^^^^^^^[0m
  [90m6 |[0m [36mimport[0m { [33mAboutPreview[0m } [36mfrom[0m [32m"@/components/home/AboutPreview"[0m;
  [90m7 |[0m [36mimport[0m { [33mHowItWorks[0m } [36mfrom[0m [32m"@/components/home/HowItWorks"[0m;
  [90m8 |[0m [36mimport[0m { [33mGridPreview[0m } [36mfrom[0m [32m"@/components/home/GridPreview"[0m;

Import map: aliased to relative './src/components/home/StatsSection' inside of [project]/


Import traces:
  Client Component Browser:
    ./src/app/page.tsx [Client Component Browser]
    ./src/app/page.tsx [Server Component]

  Client Component SSR:
    ./src/app/page.tsx [Client Component SSR]
    ./src/app/page.tsx [Server Component]

https://nextjs.org/docs/messages/module-not-found


⨯ ./src/app/page.tsx:5:1
Error: Module not found: Can't resolve '@/components/home/StatsSection'
  [90m3 |[0m [36mimport[0m { [33mHero[0m } [36mfrom[0m [32m"@/components/home/Hero"[0m;
  [90m4 |[0m [36mimport[0m { [33mFluidCursor[0m } [36mfrom[0m [32m"@/components/home/FluidCursor"[0m;
[31m[1m>[0m [90m5 |[0m [36mimport[0m { [33mStatsSection[0m } [36mfrom[0m [32m"@/components/home/StatsSection"[0m;
  [90m  |[0m [31m[1m^^^^^^^^^^^^^^^^^^^^^^^^^^^^^^^^^^^^^^^^^^^^^^^^^^^^^^^^^^^^^^[0m
  [90m6 |[0m [36mimport[0m { [33mAboutPreview[0m } [36mfrom[0m [32m"@/components/home/AboutPreview"[0m;
  [90m7 |[0m [36mimport[0m { [33mHowItWorks[0m } [36mfrom[0m [32m"@/components/home/HowItWorks"[0m;
  [90m8 |[0m [36mimport[0m { [33mGridPreview[0m } [36mfrom[0m [32m"@/components/home/GridPreview"[0m;

Import map: aliased to relative './src/components/home/StatsSection' inside of [project]/


Import traces:
  Client Component Browser:
    ./src/app/page.tsx [Client Component Browser]
    ./src/app/page.tsx [Server Component]

  Client Component SSR:
    ./src/app/page.tsx [Client Component SSR]
    ./src/app/page.tsx [Server Component]

https://nextjs.org/docs/messages/module-not-found


⨯ ./src/app/page.tsx:5:1
Error: Module not found: Can't resolve '@/components/home/StatsSection'
  [90m3 |[0m [36mimport[0m { [33mHero[0m } [36mfrom[0m [32m"@/components/home/Hero"[0m;
  [90m4 |[0m [36mimport[0m { [33mFluidCursor[0m } [36mfrom[0m [32m"@/components/home/FluidCursor"[0m;
[31m[1m>[0m [90m5 |[0m [36mimport[0m { [33mStatsSection[0m } [36mfrom[0m [32m"@/components/home/StatsSection"[0m;
  [90m  |[0m [31m[1m^^^^^^^^^^^^^^^^^^^^^^^^^^^^^^^^^^^^^^^^^^^^^^^^^^^^^^^^^^^^^^[0m
  [90m6 |[0m [36mimport[0m { [33mAboutPreview[0m } [36mfrom[0m [32m"@/components/home/AboutPreview"[0m;
  [90m7 |[0m [36mimport[0m { [33mHowItWorks[0m } [36mfrom[0m [32m"@/components/home/HowItWorks"[0m;
  [90m8 |[0m [36mimport[0m { [33mGridPreview[0m } [36mfrom[0m [32m"@/components/home/GridPreview"[0m;

Import map: aliased to relative './src/components/home/StatsSection' inside of [project]/


Import traces:
  Client Component Browser:
    ./src/app/page.tsx [Client Component Browser]
    ./src/app/page.tsx [Server Component]

  Client Component SSR:
    ./src/app/page.tsx [Client Component SSR]
    ./src/app/page.tsx [Server Component]

https://nextjs.org/docs/messages/module-not-found


⨯ ./src/app/page.tsx:5:1
Error: Module not found: Can't resolve '@/components/home/StatsSection'
  [90m3 |[0m [36mimport[0m { [33mHero[0m } [36mfrom[0m [32m"@/components/home/Hero"[0m;
  [90m4 |[0m [36mimport[0m { [33mFluidCursor[0m } [36mfrom[0m [32m"@/components/home/FluidCursor"[0m;
[31m[1m>[0m [90m5 |[0m [36mimport[0m { [33mStatsSection[0m } [36mfrom[0m [32m"@/components/home/StatsSection"[0m;
  [90m  |[0m [31m[1m^^^^^^^^^^^^^^^^^^^^^^^^^^^^^^^^^^^^^^^^^^^^^^^^^^^^^^^^^^^^^^[0m
  [90m6 |[0m [36mimport[0m { [33mAboutPreview[0m } [36mfrom[0m [32m"@/components/home/AboutPreview"[0m;
  [90m7 |[0m [36mimport[0m { [33mHowItWorks[0m } [36mfrom[0m [32m"@/components/home/HowItWorks"[0m;
  [90m8 |[0m [36mimport[0m { [33mGridPreview[0m } [36mfrom[0m [32m"@/components/home/GridPreview"[0m;

Import map: aliased to relative './src/components/home/StatsSection' inside of [project]/


Import traces:
  Client Component Browser:
    ./src/app/page.tsx [Client Component Browser]
    ./src/app/page.tsx [Server Component]

  Client Component SSR:
    ./src/app/page.tsx [Client Component SSR]
    ./src/app/page.tsx [Server Component]

https://nextjs.org/docs/messages/module-not-found


⨯ ./src/app/page.tsx:5:1
Error: Module not found: Can't resolve '@/components/home/StatsSection'
  [90m3 |[0m [36mimport[0m { [33mHero[0m } [36mfrom[0m [32m"@/components/home/Hero"[0m;
  [90m4 |[0m [36mimport[0m { [33mFluidCursor[0m } [36mfrom[0m [32m"@/components/home/FluidCursor"[0m;
[31m[1m>[0m [90m5 |[0m [36mimport[0m { [33mStatsSection[0m } [36mfrom[0m [32m"@/components/home/StatsSection"[0m;
  [90m  |[0m [31m[1m^^^^^^^^^^^^^^^^^^^^^^^^^^^^^^^^^^^^^^^^^^^^^^^^^^^^^^^^^^^^^^[0m
  [90m6 |[0m [36mimport[0m { [33mAboutPreview[0m } [36mfrom[0m [32m"@/components/home/AboutPreview"[0m;
  [90m7 |[0m [36mimport[0m { [33mHowItWorks[0m } [36mfrom[0m [32m"@/components/home/HowItWorks"[0m;
  [90m8 |[0m [36mimport[0m { [33mGridPreview[0m } [36mfrom[0m [32m"@/components/home/GridPreview"[0m;

Import map: aliased to relative './src/components/home/StatsSection' inside of [project]/


Import traces:
  Client Component Browser:
    ./src/app/page.tsx [Client Component Browser]
    ./src/app/page.tsx [Server Component]

  Client Component SSR:
    ./src/app/page.tsx [Client Component SSR]
    ./src/app/page.tsx [Server Component]

https://nextjs.org/docs/messages/module-not-found


⨯ ./src/app/page.tsx:5:1
Error: Module not found: Can't resolve '@/components/home/StatsSection'
  [90m3 |[0m [36mimport[0m { [33mHero[0m } [36mfrom[0m [32m"@/components/home/Hero"[0m;
  [90m4 |[0m [36mimport[0m { [33mFluidCursor[0m } [36mfrom[0m [32m"@/components/home/FluidCursor"[0m;
[31m[1m>[0m [90m5 |[0m [36mimport[0m { [33mStatsSection[0m } [36mfrom[0m [32m"@/components/home/StatsSection"[0m;
  [90m  |[0m [31m[1m^^^^^^^^^^^^^^^^^^^^^^^^^^^^^^^^^^^^^^^^^^^^^^^^^^^^^^^^^^^^^^[0m
  [90m6 |[0m [36mimport[0m { [33mAboutPreview[0m } [36mfrom[0m [32m"@/components/home/AboutPreview"[0m;
  [90m7 |[0m [36mimport[0m { [33mHowItWorks[0m } [36mfrom[0m [32m"@/components/home/HowItWorks"[0m;
  [90m8 |[0m [36mimport[0m { [33mGridPreview[0m } [36mfrom[0m [32m"@/components/home/GridPreview"[0m;

Import map: aliased to relative './src/components/home/StatsSection' inside of [project]/


Import traces:
  Client Component Browser:
    ./src/app/page.tsx [Client Component Browser]
    ./src/app/page.tsx [Server Component]

  Client Component SSR:
    ./src/app/page.tsx [Client Component SSR]
    ./src/app/page.tsx [Server Component]

https://nextjs.org/docs/messages/module-not-found


⨯ ./src/app/page.tsx:5:1
Error: Module not found: Can't resolve '@/components/home/StatsSection'
  [90m3 |[0m [36mimport[0m { [33mHero[0m } [36mfrom[0m [32m"@/components/home/Hero"[0m;
  [90m4 |[0m [36mimport[0m { [33mFluidCursor[0m } [36mfrom[0m [32m"@/components/home/FluidCursor"[0m;
[31m[1m>[0m [90m5 |[0m [36mimport[0m { [33mStatsSection[0m } [36mfrom[0m [32m"@/components/home/StatsSection"[0m;
  [90m  |[0m [31m[1m^^^^^^^^^^^^^^^^^^^^^^^^^^^^^^^^^^^^^^^^^^^^^^^^^^^^^^^^^^^^^^[0m
  [90m6 |[0m [36mimport[0m { [33mAboutPreview[0m } [36mfrom[0m [32m"@/components/home/AboutPreview"[0m;
  [90m7 |[0m [36mimport[0m { [33mHowItWorks[0m } [36mfrom[0m [32m"@/components/home/HowItWorks"[0m;
  [90m8 |[0m [36mimport[0m { [33mGridPreview[0m } [36mfrom[0m [32m"@/components/home/GridPreview"[0m;

Import map: aliased to relative './src/components/home/StatsSection' inside of [project]/


Import traces:
  Client Component Browser:
    ./src/app/page.tsx [Client Component Browser]
    ./src/app/page.tsx [Server Component]

  Client Component SSR:
    ./src/app/page.tsx [Client Component SSR]
    ./src/app/page.tsx [Server Component]

https://nextjs.org/docs/messages/module-not-found


⨯ ./src/app/page.tsx:5:1
Error: Module not found: Can't resolve '@/components/home/StatsSection'
  [90m3 |[0m [36mimport[0m { [33mHero[0m } [36mfrom[0m [32m"@/components/home/Hero"[0m;
  [90m4 |[0m [36mimport[0m { [33mFluidCursor[0m } [36mfrom[0m [32m"@/components/home/FluidCursor"[0m;
[31m[1m>[0m [90m5 |[0m [36mimport[0m { [33mStatsSection[0m } [36mfrom[0m [32m"@/components/home/StatsSection"[0m;
  [90m  |[0m [31m[1m^^^^^^^^^^^^^^^^^^^^^^^^^^^^^^^^^^^^^^^^^^^^^^^^^^^^^^^^^^^^^^[0m
  [90m6 |[0m [36mimport[0m { [33mAboutPreview[0m } [36mfrom[0m [32m"@/components/home/AboutPreview"[0m;
  [90m7 |[0m [36mimport[0m { [33mHowItWorks[0m } [36mfrom[0m [32m"@/components/home/HowItWorks"[0m;
  [90m8 |[0m [36mimport[0m { [33mGridPreview[0m } [36mfrom[0m [32m"@/components/home/GridPreview"[0m;

Import map: aliased to relative './src/components/home/StatsSection' inside of [project]/


Import traces:
  Client Component Browser:
    ./src/app/page.tsx [Client Component Browser]
    ./src/app/page.tsx [Server Component]

  Client Component SSR:
    ./src/app/page.tsx [Client Component SSR]
    ./src/app/page.tsx [Server Component]

https://nextjs.org/docs/messages/module-not-found


⨯ ./src/app/page.tsx:5:1
Error: Module not found: Can't resolve '@/components/home/StatsSection'
  [90m3 |[0m [36mimport[0m { [33mHero[0m } [36mfrom[0m [32m"@/components/home/Hero"[0m;
  [90m4 |[0m [36mimport[0m { [33mFluidCursor[0m } [36mfrom[0m [32m"@/components/home/FluidCursor"[0m;
[31m[1m>[0m [90m5 |[0m [36mimport[0m { [33mStatsSection[0m } [36mfrom[0m [32m"@/components/home/StatsSection"[0m;
  [90m  |[0m [31m[1m^^^^^^^^^^^^^^^^^^^^^^^^^^^^^^^^^^^^^^^^^^^^^^^^^^^^^^^^^^^^^^[0m
  [90m6 |[0m [36mimport[0m { [33mAboutPreview[0m } [36mfrom[0m [32m"@/components/home/AboutPreview"[0m;
  [90m7 |[0m [36mimport[0m { [33mHowItWorks[0m } [36mfrom[0m [32m"@/components/home/HowItWorks"[0m;
  [90m8 |[0m [36mimport[0m { [33mGridPreview[0m } [36mfrom[0m [32m"@/components/home/GridPreview"[0m;

Import map: aliased to relative './src/components/home/StatsSection' inside of [project]/


Import traces:
  Client Component Browser:
    ./src/app/page.tsx [Client Component Browser]
    ./src/app/page.tsx [Server Component]

  Client Component SSR:
    ./src/app/page.tsx [Client Component SSR]
    ./src/app/page.tsx [Server Component]

https://nextjs.org/docs/messages/module-not-found


⨯ ./src/app/page.tsx:5:1
Error: Module not found: Can't resolve '@/components/home/StatsSection'
  [90m3 |[0m [36mimport[0m { [33mHero[0m } [36mfrom[0m [32m"@/components/home/Hero"[0m;
  [90m4 |[0m [36mimport[0m { [33mFluidCursor[0m } [36mfrom[0m [32m"@/components/home/FluidCursor"[0m;
[31m[1m>[0m [90m5 |[0m [36mimport[0m { [33mStatsSection[0m } [36mfrom[0m [32m"@/components/home/StatsSection"[0m;
  [90m  |[0m [31m[1m^^^^^^^^^^^^^^^^^^^^^^^^^^^^^^^^^^^^^^^^^^^^^^^^^^^^^^^^^^^^^^[0m
  [90m6 |[0m [36mimport[0m { [33mAboutPreview[0m } [36mfrom[0m [32m"@/components/home/AboutPreview"[0m;
  [90m7 |[0m [36mimport[0m { [33mHowItWorks[0m } [36mfrom[0m [32m"@/components/home/HowItWorks"[0m;
  [90m8 |[0m [36mimport[0m { [33mGridPreview[0m } [36mfrom[0m [32m"@/components/home/GridPreview"[0m;

Import map: aliased to relative './src/components/home/StatsSection' inside of [project]/


Import traces:
  Client Component Browser:
    ./src/app/page.tsx [Client Component Browser]
    ./src/app/page.tsx [Server Component]

  Client Component SSR:
    ./src/app/page.tsx [Client Component SSR]
    ./src/app/page.tsx [Server Component]

https://nextjs.org/docs/messages/module-not-found


⨯ ./src/app/page.tsx:5:1
Error: Module not found: Can't resolve '@/components/home/StatsSection'
  [90m3 |[0m [36mimport[0m { [33mHero[0m } [36mfrom[0m [32m"@/components/home/Hero"[0m;
  [90m4 |[0m [36mimport[0m { [33mFluidCursor[0m } [36mfrom[0m [32m"@/components/home/FluidCursor"[0m;
[31m[1m>[0m [90m5 |[0m [36mimport[0m { [33mStatsSection[0m } [36mfrom[0m [32m"@/components/home/StatsSection"[0m;
  [90m  |[0m [31m[1m^^^^^^^^^^^^^^^^^^^^^^^^^^^^^^^^^^^^^^^^^^^^^^^^^^^^^^^^^^^^^^[0m
  [90m6 |[0m [36mimport[0m { [33mAboutPreview[0m } [36mfrom[0m [32m"@/components/home/AboutPreview"[0m;
  [90m7 |[0m [36mimport[0m { [33mHowItWorks[0m } [36mfrom[0m [32m"@/components/home/HowItWorks"[0m;
  [90m8 |[0m [36mimport[0m { [33mGridPreview[0m } [36mfrom[0m [32m"@/components/home/GridPreview"[0m;

Import map: aliased to relative './src/components/home/StatsSection' inside of [project]/


Import traces:
  Client Component Browser:
    ./src/app/page.tsx [Client Component Browser]
    ./src/app/page.tsx [Server Component]

  Client Component SSR:
    ./src/app/page.tsx [Client Component SSR]
    ./src/app/page.tsx [Server Component]

https://nextjs.org/docs/messages/module-not-found


⨯ ./src/app/page.tsx:5:1
Error: Module not found: Can't resolve '@/components/home/StatsSection'
  [90m3 |[0m [36mimport[0m { [33mHero[0m } [36mfrom[0m [32m"@/components/home/Hero"[0m;
  [90m4 |[0m [36mimport[0m { [33mFluidCursor[0m } [36mfrom[0m [32m"@/components/home/FluidCursor"[0m;
[31m[1m>[0m [90m5 |[0m [36mimport[0m { [33mStatsSection[0m } [36mfrom[0m [32m"@/components/home/StatsSection"[0m;
  [90m  |[0m [31m[1m^^^^^^^^^^^^^^^^^^^^^^^^^^^^^^^^^^^^^^^^^^^^^^^^^^^^^^^^^^^^^^[0m
  [90m6 |[0m [36mimport[0m { [33mAboutPreview[0m } [36mfrom[0m [32m"@/components/home/AboutPreview"[0m;
  [90m7 |[0m [36mimport[0m { [33mHowItWorks[0m } [36mfrom[0m [32m"@/components/home/HowItWorks"[0m;
  [90m8 |[0m [36mimport[0m { [33mGridPreview[0m } [36mfrom[0m [32m"@/components/home/GridPreview"[0m;

Import map: aliased to relative './src/components/home/StatsSection' inside of [project]/


Import traces:
  Client Component Browser:
    ./src/app/page.tsx [Client Component Browser]
    ./src/app/page.tsx [Server Component]

  Client Component SSR:
    ./src/app/page.tsx [Client Component SSR]
    ./src/app/page.tsx [Server Component]

https://nextjs.org/docs/messages/module-not-found


⨯ ./src/app/page.tsx:5:1
Error: Module not found: Can't resolve '@/components/home/StatsSection'
  [90m3 |[0m [36mimport[0m { [33mHero[0m } [36mfrom[0m [32m"@/components/home/Hero"[0m;
  [90m4 |[0m [36mimport[0m { [33mFluidCursor[0m } [36mfrom[0m [32m"@/components/home/FluidCursor"[0m;
[31m[1m>[0m [90m5 |[0m [36mimport[0m { [33mStatsSection[0m } [36mfrom[0m [32m"@/components/home/StatsSection"[0m;
  [90m  |[0m [31m[1m^^^^^^^^^^^^^^^^^^^^^^^^^^^^^^^^^^^^^^^^^^^^^^^^^^^^^^^^^^^^^^[0m
  [90m6 |[0m [36mimport[0m { [33mAboutPreview[0m } [36mfrom[0m [32m"@/components/home/AboutPreview"[0m;
  [90m7 |[0m [36mimport[0m { [33mHowItWorks[0m } [36mfrom[0m [32m"@/components/home/HowItWorks"[0m;
  [90m8 |[0m [36mimport[0m { [33mGridPreview[0m } [36mfrom[0m [32m"@/components/home/GridPreview"[0m;

Import map: aliased to relative './src/components/home/StatsSection' inside of [project]/


Import traces:
  Client Component Browser:
    ./src/app/page.tsx [Client Component Browser]
    ./src/app/page.tsx [Server Component]

  Client Component SSR:
    ./src/app/page.tsx [Client Component SSR]
    ./src/app/page.tsx [Server Component]

https://nextjs.org/docs/messages/module-not-found


[browser] ./src/app/page.tsx:3:1
Error: Module not found: Can't resolve '@/components/home/Hero'
  1 | "use client";
  2 |
> 3 | import { Hero } from "@/components/home/Hero";
    | ^^^^^^^^^^^^^^^^^^^^^^^^^^^^^^^^^^^^^^^^^^^^^^
  4 | import { FluidCursor } from "@/components/home/FluidCursor";
  5 | import { StatsSection } from "@/components/home/StatsSection";
  6 | import { AboutPreview } from "@/components/home/AboutPreview";

Import map: aliased to relative './src/components/home/Hero' inside of [project]/

Import traces:
  Client Component Browser:
    ./src/app/page.tsx [Client Component Browser]
    ./src/app/page.tsx [Server Component]

  Client Component SSR:
    ./src/app/page.tsx [Client Component SSR]
    ./src/app/page.tsx [Server Component]

https://nextjs.org/docs/messages/module-not-found 
[browser] ./src/app/page.tsx:5:1
Error: Module not found: Can't resolve '@/components/home/StatsSection'
  3 | import { Hero } from "@/components/home/Hero";
  4 | import { FluidCursor } from "@/components/home/FluidCursor";
> 5 | import { StatsSection } from "@/components/home/StatsSection";
    | ^^^^^^^^^^^^^^^^^^^^^^^^^^^^^^^^^^^^^^^^^^^^^^^^^^^^^^^^^^^^^^
  6 | import { AboutPreview } from "@/components/home/AboutPreview";
  7 | import { HowItWorks } from "@/components/home/HowItWorks";
  8 | import { GridPreview } from "@/components/home/GridPreview";

Import map: aliased to relative './src/components/home/StatsSection' inside of [project]/

Import traces:
  Client Component Browser:
    ./src/app/page.tsx [Client Component Browser]
    ./src/app/page.tsx [Server Component]

  Client Component SSR:
    ./src/app/page.tsx [Client Component SSR]
    ./src/app/page.tsx [Server Component]

https://nextjs.org/docs/messages/module-not-found 
[browser] ./src/app/page.tsx:3:1
Error: Module not found: Can't resolve '@/components/home/Hero'
  1 | "use client";
  2 |
> 3 | import { Hero } from "@/components/home/Hero";
    | ^^^^^^^^^^^^^^^^^^^^^^^^^^^^^^^^^^^^^^^^^^^^^^
  4 | import { FluidCursor } from "@/components/home/FluidCursor";
  5 | import { StatsSection } from "@/components/home/StatsSection";
  6 | import { AboutPreview } from "@/components/home/AboutPreview";

Import map: aliased to relative './src/components/home/Hero' inside of [project]/

Import traces:
  Client Component Browser:
    ./src/app/page.tsx [Client Component Browser]
    ./src/app/page.tsx [Server Component]

  Client Component SSR:
    ./src/app/page.tsx [Client Component SSR]
    ./src/app/page.tsx [Server Component]

https://nextjs.org/docs/messages/module-not-found 
[browser] ./src/app/page.tsx:5:1
Error: Module not found: Can't resolve '@/components/home/StatsSection'
  3 | import { Hero } from "@/components/home/Hero";
  4 | import { FluidCursor } from "@/components/home/FluidCursor";
> 5 | import { StatsSection } from "@/components/home/StatsSection";
    | ^^^^^^^^^^^^^^^^^^^^^^^^^^^^^^^^^^^^^^^^^^^^^^^^^^^^^^^^^^^^^^
  6 | import { AboutPreview } from "@/components/home/AboutPreview";
  7 | import { HowItWorks } from "@/components/home/HowItWorks";
  8 | import { GridPreview } from "@/components/home/GridPreview";

Import map: aliased to relative './src/components/home/StatsSection' inside of [project]/

Import traces:
  Client Component Browser:
    ./src/app/page.tsx [Client Component Browser]
    ./src/app/page.tsx [Server Component]

  Client Component SSR:
    ./src/app/page.tsx [Client Component SSR]
    ./src/app/page.tsx [Server Component]

https://nextjs.org/docs/messages/module-not-found 
[browser] Detected `scroll-behavior: smooth` on the `<html>` element. To disable smooth scrolling during route transitions, add `data-scroll-behavior="smooth"` to your <html> element. Learn more: https://nextjs.org/docs/messages/missing-data-scroll-behavior
[browser] THREE.Clock: This module has been deprecated. Please use THREE.Timer instead.
[browser] Detected `scroll-behavior: smooth` on the `<html>` element. To disable smooth scrolling during route transitions, add `data-scroll-behavior="smooth"` to your <html> element. Learn more: https://nextjs.org/docs/messages/missing-data-scroll-behavior
[browser] Detected `scroll-behavior: smooth` on the `<html>` element. To disable smooth scrolling during route transitions, add `data-scroll-behavior="smooth"` to your <html> element. Learn more: https://nextjs.org/docs/messages/missing-data-scroll-behavior
[browser] Detected `scroll-behavior: smooth` on the `<html>` element. To disable smooth scrolling during route transitions, add `data-scroll-behavior="smooth"` to your <html> element. Learn more: https://nextjs.org/docs/messages/missing-data-scroll-behavior
[browser] Detected `scroll-behavior: smooth` on the `<html>` element. To disable smooth scrolling during route transitions, add `data-scroll-behavior="smooth"` to your <html> element. Learn more: https://nextjs.org/docs/messages/missing-data-scroll-behavior
[browser] Detected `scroll-behavior: smooth` on the `<html>` element. To disable smooth scrolling during route transitions, add `data-scroll-behavior="smooth"` to your <html> element. Learn more: https://nextjs.org/docs/messages/missing-data-scroll-behavior
[browser] Detected `scroll-behavior: smooth` on the `<html>` element. To disable smooth scrolling during route transitions, add `data-scroll-behavior="smooth"` to your <html> element. Learn more: https://nextjs.org/docs/messages/missing-data-scroll-behavior
[browser] Detected `scroll-behavior: smooth` on the `<html>` element. To disable smooth scrolling during route transitions, add `data-scroll-behavior="smooth"` to your <html> element. Learn more: https://nextjs.org/docs/messages/missing-data-scroll-behavior
[browser] Detected `scroll-behavior: smooth` on the `<html>` element. To disable smooth scrolling during route transitions, add `data-scroll-behavior="smooth"` to your <html> element. Learn more: https://nextjs.org/docs/messages/missing-data-scroll-behavior
[browser] Detected `scroll-behavior: smooth` on the `<html>` element. To disable smooth scrolling during route transitions, add `data-scroll-behavior="smooth"` to your <html> element. Learn more: https://nextjs.org/docs/messages/missing-data-scroll-behavior
